Region,Commodity,2018 Q1,2018 Q2,2018 Q3,2018 Q4,2019 Q1,2019 Q2,2019 Q3,2019 Q4,2020 Q1,2020 Q2,2020 Q3,2020 Q4,2021 Q1,2021 Q2,2021 Q3,2021 Q4,2022 Q1,2022 Q2,2022 Q3,2022 Q4,2023 Q1,2023 Q2,2023 Q3,2023 Q4
PHILIPPINES,AGRICULTURE,95.4,101.7,104.4,98.4,96.0,96.4,93.4,91.7,93.7,95.2,95.1,96.2,101.6,103.6,104.6,103.7,108.7,119.9,124.3,134.5,135.5,134.3,134.1,130.3
PHILIPPINES,..CROPS,94.2,102.5,105.3,98.0,95.2,95.6,91.6,89.9,92.9,95.1,94.9,92.9,96.4,99.7,103.2,100.3,103.9,116.3,124.0,138.6,137.6,138.2,139.2,133.1
PHILIPPINES,….Cereals,96.3,101.0,105.7,97.1,93.4,89.3,81.8,74.9,80.8,89.4,83.5,77.3,85.4,87.3,88.8,87.1,93.2,95.0,95.5,95.6,100.0,102.7,107.4,110.1
PHILIPPINES,….Rootcrops,97.1,92.1,102.6,108.2,101.4,110.8,125.0,122.8,119.9,124.1,118.3,117.0,119.0,85.9,96.0,98.4,99.3,100.2,108.4,117.4,112.1,121.0,125.0,141.2
PHILIPPINES,….Beans and Legumes,100.1,96.0,106.1,97.8,95.5,95.6,93.6,94.4,94.9,91.2,78.2,117.1,93.8,90.3,90.6,96.3,92.7,93.3,83.6,114.3,114.6,99.4,108.0,95.2
PHILIPPINES,….Condiments,84.7,90.1,111.4,113.8,62.8,59.0,79.6,88.6,86.4,82.5,97.0,122.8,120.3,94.5,102.0,119.1,79.1,71.1,60.4,135.3,160.4,136.4,146.6,140.7
PHILIPPINES,….Fruit Vegetables,90.5,91.1,121.9,96.5,77.0,82.6,89.5,91.9,75.7,71.1,67.1,115.7,88.5,63.2,83.9,70.0,68.3,77.3,71.9,97.0,69.0,58.5,82.2,72.2
PHILIPPINES,….Leafy Vegetables,85.8,93.1,129.2,91.9,65.9,83.7,74.2,74.7,47.5,73.0,40.4,105.2,87.1,37.5,89.8,53.4,41.0,51.5,44.4,75.7,50.3,57.2,89.4,56.2
PHILIPPINES,….Fruits,102.9,96.6,96.5,104.0,104.4,95.9,98.7,109.4,107.1,102.6,102.1,111.0,110.8,102.4,94.4,99.3,98.3,93.3,96.9,104.2,105.2,97.2,93.6,112.5
PHILIPPINES,….Commercial Crops,91.9,105.2,105.8,97.1,96.2,100.2,96.2,96.9,98.1,97.1,101.6,97.6,99.6,109.9,113.9,109.4,112.6,136.4,154.2,179.6,174.8,177.1,171.1,152.0
PHILIPPINES,..LIVESTOCK AND POULTRY,98.8,101.6,101.7,97.9,94.1,96.5,95.5,91.9,91.9,95.5,97.6,111.4,129.8,128.1,116.6,123.2,138.0,144.9,137.6,134.7,138.6,137.5,134.6,138.1
PHILIPPINES,….Livestock,97.9,101.8,101.1,99.2,96.2,96.4,93.1,85.7,89.3,96.7,99.1,113.6,132.7,139.7,126.2,127.6,144.0,153.3,141.3,134.3,144.3,142.3,135.8,142.9
PHILIPPINES,….Poultry,101.2,101.1,103.2,94.5,89.7,96.8,101.3,110.1,98.6,92.9,94.2,106.4,123.7,108.2,99.7,114.4,127.3,130.5,130.8,135.6,128.4,128.8,132.3,129.3
PHILIPPINES,..FISHERY,97.6,96.9,103.1,102.4,104.5,101.2,100.7,103.2,102.3,95.5,92.7,95.3,100.7,97.9,96.9,100.0,102.9,109.3,107.0,110.2,117.7,107.1,104.8,103.5
PHILIPPINES,….Aquaculture,98.9,97.4,100.4,103.4,105.2,100.2,96.8,101.3,101.8,100.4,89.6,97.0,105.0,98.9,96.5,99.7,99.7,108.2,104.2,110.2,120.7,110.3,105.7,102.5
PHILIPPINES,….Commercial Fishery,99.9,95.6,103.0,101.5,107.4,105.9,108.5,108.9,106.3,91.1,96.2,99.6,108.3,107.0,105.9,108.8,110.2,121.9,117.3,122.3,132.1,119.9,116.3,114.4
PHILIPPINES,….Inland Municipal Fishery,94.7,100.4,100.4,104.5,97.3,97.9,94.2,100.9,94.1,96.3,92.8,95.9,82.9,91.6,94.9,96.9,99.5,96.7,94.2,100.0,83.8,69.3,74.7,88.6
PHILIPPINES,….Marine Municipal Fishery,94.4,96.7,107.4,101.5,102.1,99.9,102.1,102.3,101.5,92.1,94.9,90.4,94.3,92.5,92.9,96.0,102.4,104.7,105.7,104.0,111.9,103.5,102.4,100.1
..Cordillera Administrative Region (CAR),AGRICULTURE,91.2,89.6,116.6,102.6,79.7,89.3,88.6,84.3,57.9,70.2,52.9,76.4,66.2,39.5,67.4,57.5,57.5,64.3,63.3,84.6,62.0,63.5,97.0,76.4
..Cordillera Administrative Region (CAR),..CROPS,90.2,87.4,120.0,102.4,75.7,86.5,85.7,81.3,52.2,64.7,46.9,70.2,57.4,32.6,58.0,48.8,46.6,52.5,51.8,71.8,50.7,52.2,83.3,63.4
..Cordillera Administrative Region (CAR),….Cereals,93.1,99.5,110.5,96.8,93.9,87.1,86.8,74.5,83.6,87.5,84.1,79.7,86.5,89.6,95.7,95.3,95.2,96.7,98.1,97.2,103.9,100.9,106.7,113.5
..Cordillera Administrative Region (CAR),….Rootcrops,95.9,68.2,109.8,126.1,64.0,89.4,98.6,126.6,75.2,91.7,68.3,88.8,101.4,33.9,65.9,88.4,60.2,62.5,80.1,112.7,61.6,59.6,114.0,104.4
..Cordillera Administrative Region (CAR),….Beans and Legumes,77.8,74.4,140.9,106.9,67.5,110.4,124.8,110.2,65.9,70.2,89.6,149.1,60.9,86.5,96.3,126.0,66.5,94.7,110.4,116.5,85.6,96.9,162.3,89.0
..Cordillera Administrative Region (CAR),….Condiments,67.8,95.9,121.2,115.1,53.0,94.5,135.4,120.6,82.4,60.0,77.2,132.1,91.8,56.4,69.8,61.5,96.1,85.1,75.5,123.2,38.2,30.7,118.7,59.3
..Cordillera Administrative Region (CAR),….Fruit Vegetables,80.8,74.7,138.7,105.8,72.2,72.1,66.6,58.0,62.8,60.7,37.8,60.9,44.2,48.2,79.8,53.2,46.8,39.7,40.7,59.7,58.4,58.7,86.4,51.1
..Cordillera Administrative Region (CAR),….Leafy Vegetables,77.0,85.4,154.4,83.2,46.1,62.9,53.7,56.4,30.9,57.8,24.9,99.2,79.5,24.2,85.1,36.4,22.1,31.0,24.4,52.4,28.5,36.3,77.8,33.7
..Cordillera Administrative Region (CAR),….Fruits,82.7,89.8,109.8,117.6,121.8,120.8,112.9,99.2,100.3,103.4,96.1,94.0,109.5,103.3,114.4,106.9,96.3,99.9,87.2,92.2,102.7,104.6,100.6,109.8
..Cordillera Administrative Region (CAR),….Commercial Crops,100.1,103.7,103.7,92.6,108.3,116.6,116.6,83.3,104.7,115.2,115.2,100.0,91.5,83.7,102.3,140.1,103.4,123.3,94.9,121.8,107.5,115.7,115.0,114.5
..Cordillera Administrative Region (CAR),..LIVESTOCK AND POULTRY,95.0,100.8,101.8,102.3,100.6,102.4,101.2,97.1,100.5,104.9,106.3,118.1,144.6,157.4,161.1,156.7,253.4,257.9,237.7,208.9,235.1,216.7,216.1,238.7
..Cordillera Administrative Region (CAR),….Livestock,95.4,101.4,101.9,101.3,98.9,100.7,97.7,93.8,94.6,99.2,101.8,114.1,138.3,151.3,154.3,148.1,163.0,170.3,157.6,137.0,152.7,138.3,142.1,158.4
..Cordillera Administrative Region (CAR),….Poultry,92.5,97.2,101.5,108.7,111.8,114.3,126.5,120.8,131.2,132.7,123.7,130.9,136.6,143.9,150.8,157.9,176.8,156.2,141.4,131.2,155.2,158.4,133.6,141.2
..Cordillera Administrative Region (CAR),..FISHERY,95.7,98.9,103.3,102.0,94.7,100.5,106.5,106.0,114.4,116.5,114.4,114.7,111.4,111.2,116.2,102.8,106.9,111.8,118.3,124.6,115.9,123.0,130.3,132.0
..Cordillera Administrative Region (CAR),….Aquaculture,96.0,99.5,104.5,100.0,90.6,100.6,106.6,104.6,105.4,111.3,107.1,107.0,105.4,104.8,108.0,93.6,94.7,108.9,108.8,120.1,115.7,119.3,126.3,131.1
..Cordillera Administrative Region (CAR),….Commercial Fishery,,,,,,,,,,,,,,,,,,,,,,,,
..Cordillera Administrative Region (CAR),….Inland Municipal Fishery,94.7,97.1,100.0,108.2,106.8,99.7,105.7,109.3,113.6,104.9,108.6,109.8,95.3,96.7,107.4,106.2,127.1,83.6,113.2,96.9,79.3,93.3,99.1,91.9
..Cordillera Administrative Region (CAR),….Marine Municipal Fishery,,,,,,,,,,,,,,,,,,,,,,,,
..Region I (Ilocos Region),AGRICULTURE,95.7,94.5,107.8,102.0,91.3,88.7,89.7,89.4,77.7,76.3,75.9,87.6,84.2,80.5,83.1,81.9,88.4,88.1,92.2,97.8,94.2,84.9,89.8,103.5
..Region I (Ilocos Region),..CROPS,93.0,92.5,111.9,102.5,86.5,82.5,84.0,83.1,67.8,65.3,65.6,77.1,72.0,67.7,70.7,67.8,71.2,72.3,76.2,83.5,76.8,69.4,72.3,90.1
..Region I (Ilocos Region),….Cereals,96.7,97.7,107.8,97.8,94.3,88.3,82.6,75.9,81.5,88.2,86.7,83.0,90.3,90.8,88.7,85.2,94.3,95.9,96.9,96.7,101.3,100.1,105.3,118.4
..Region I (Ilocos Region),….Rootcrops,85.6,90.0,117.1,107.2,92.2,95.4,112.3,110.0,101.5,113.3,116.8,130.4,103.0,93.8,107.0,108.4,95.6,99.2,103.8,110.2,103.1,114.3,132.9,137.7
..Region I (Ilocos Region),….Beans and Legumes,92.9,102.4,103.2,101.5,91.1,85.5,86.9,95.4,98.2,94.7,83.3,103.3,95.2,92.1,91.1,92.1,90.1,92.7,85.0,100.5,109.2,104.9,98.9,95.8
..Region I (Ilocos Region),….Condiments,72.2,76.2,144.5,107.1,48.6,66.0,117.2,96.7,84.3,87.2,98.7,131.0,88.3,84.3,101.5,101.0,81.8,70.1,84.9,179.8,128.1,101.6,110.4,104.8
..Region I (Ilocos Region),….Fruit Vegetables,67.5,86.2,145.6,100.7,50.0,66.9,86.3,82.0,52.8,52.6,64.0,117.2,60.2,50.5,73.6,52.1,40.1,55.7,53.0,82.9,39.3,37.3,65.3,56.4
..Region I (Ilocos Region),….Leafy Vegetables,80.4,106.4,105.5,107.8,95.6,92.1,105.8,111.3,80.9,75.9,79.9,124.0,82.4,71.9,86.2,96.0,48.1,53.6,54.9,81.3,48.8,51.9,60.4,62.6
..Region I (Ilocos Region),….Fruits,94.9,72.9,110.5,121.8,88.7,64.1,72.9,108.6,96.0,57.1,55.1,120.0,100.6,78.6,82.4,95.3,78.3,62.3,84.7,91.8,88.9,51.8,38.3,96.0
..Region I (Ilocos Region),….Commercial Crops,99.8,99.9,99.7,100.6,94.0,93.5,93.3,94.5,99.1,84.9,83.0,92.5,89.9,84.8,84.8,84.7,93.5,82.6,91.1,91.5,99.0,102.9,104.6,104.4
..Region I (Ilocos Region),..LIVESTOCK AND POULTRY,97.2,101.0,101.2,100.6,99.1,101.0,99.8,98.7,101.7,103.7,105.8,122.0,138.9,145.3,141.5,142.3,215.6,195.4,203.9,199.7,195.2,195.4,186.8,181.1
..Region I (Ilocos Region),….Livestock,97.2,101.4,101.2,100.2,98.5,100.8,99.1,97.6,100.4,102.6,104.9,123.2,132.7,139.8,135.8,136.8,175.5,154.5,161.2,157.3,149.6,150.4,142.5,137.8
..Region I (Ilocos Region),….Poultry,97.3,98.2,101.2,103.3,103.1,102.7,104.8,106.7,108.9,109.4,110.6,114.3,116.1,117.2,115.7,115.2,118.5,120.1,125.8,124.7,138.1,135.5,135.4,133.2
..Region I (Ilocos Region),..FISHERY,105.6,94.7,99.4,100.3,101.7,101.2,101.8,105.7,102.2,106.7,98.3,104.2,102.7,100.1,101.3,112.2,117.1,111.5,112.9,108.3,127.2,107.3,130.2,114.4
..Region I (Ilocos Region),….Aquaculture,108.6,93.0,98.4,100.0,101.9,99.6,100.5,105.3,99.3,103.9,94.5,101.6,106.4,104.6,104.1,119.1,111.8,105.6,109.8,103.4,126.7,104.1,130.6,112.7
..Region I (Ilocos Region),….Commercial Fishery,97.9,97.8,103.0,101.2,99.8,101.9,105.4,103.9,98.2,90.9,106.7,104.9,96.4,98.8,108.3,109.2,105.4,112.8,104.8,107.4,102.4,109.4,102.2,101.5
..Region I (Ilocos Region),….Inland Municipal Fishery,108.6,98.6,94.6,98.3,107.5,108.6,92.1,109.2,108.9,117.6,108.1,113.8,102.9,66.1,77.0,71.7,67.9,76.3,66.4,72.5,67.4,76.0,68.2,66.6
..Region I (Ilocos Region),….Marine Municipal Fishery,87.8,105.9,105.2,101.1,97.8,110.7,110.3,107.0,109.3,114.0,109.1,106.8,111.5,106.5,118.0,108.6,119.9,116.3,99.9,107.1,100.9,93.3,98.9,94.1
..Region II (Cagayan Valley),AGRICULTURE,90.7,100.9,108.3,100.1,96.6,91.4,86.8,80.4,74.5,80.4,75.7,73.8,85.3,83.9,84.2,87.6,91.2,92.3,92.0,93.6,97.8,93.3,103.1,103.9
..Region II (Cagayan Valley),..CROPS,89.5,100.6,109.6,100.3,96.3,89.9,84.9,78.1,71.4,77.7,72.3,69.3,80.9,78.9,79.6,83.2,84.9,85.1,85.8,87.6,91.7,87.1,97.1,98.1
..Region II (Cagayan Valley),….Cereals,88.9,101.3,110.8,99.0,94.8,87.8,82.3,74.6,84.0,92.4,86.5,79.9,90.2,88.9,90.3,96.1,97.0,97.1,99.4,98.7,104.8,103.2,115.7,115.7
..Region II (Cagayan Valley),….Rootcrops,92.6,107.3,98.3,101.8,89.9,89.7,97.0,103.9,110.1,112.1,109.1,116.8,112.3,100.6,96.1,100.3,146.9,84.3,81.9,95.8,102.1,106.1,103.7,105.1
..Region II (Cagayan Valley),….Beans and Legumes,100.0,106.5,95.5,98.0,96.6,96.1,84.5,87.6,96.1,97.4,71.1,119.9,95.7,88.0,74.6,81.4,68.5,80.3,54.4,88.5,91.5,77.6,72.5,64.7
..Region II (Cagayan Valley),….Condiments,66.1,71.8,110.5,151.6,52.0,49.5,76.9,96.1,79.7,106.5,85.7,126.6,93.8,91.4,102.4,118.0,120.8,141.6,187.1,211.7,134.2,106.1,168.4,167.3
..Region II (Cagayan Valley),….Fruit Vegetables,100.6,93.4,108.4,97.6,81.0,80.3,76.0,93.1,66.3,62.1,41.9,76.9,98.8,60.3,55.2,49.3,57.3,66.1,53.4,70.6,64.5,48.7,61.6,52.8
..Region II (Cagayan Valley),….Leafy Vegetables,75.9,88.4,127.0,108.7,83.5,84.3,90.0,99.0,66.1,80.7,67.3,117.5,79.0,58.7,80.9,82.1,58.1,45.5,42.7,65.8,67.1,45.1,67.9,63.3
..Region II (Cagayan Valley),….Fruits,90.0,92.9,100.0,117.2,137.7,135.4,128.9,123.0,108.7,111.9,120.0,108.2,99.3,108.0,103.8,96.5,93.3,90.6,89.0,96.5,98.8,74.0,75.2,93.2
..Region II (Cagayan Valley),….Commercial Crops,103.3,102.4,96.6,97.7,95.4,102.5,101.4,103.6,104.9,107.6,104.5,107.0,107.1,96.2,101.3,94.7,94.8,97.7,100.9,104.1,102.5,100.0,103.6,103.1
..Region II (Cagayan Valley),..LIVESTOCK AND POULTRY,97.7,102.6,101.4,98.3,97.9,99.5,97.6,93.1,90.5,92.8,95.4,106.4,127.2,137.1,132.7,130.9,193.3,221.8,182.4,174.5,171.7,172.5,172.1,167.4
..Region II (Cagayan Valley),….Livestock,97.6,102.9,101.6,97.9,97.7,99.0,96.7,91.4,90.4,93.3,96.2,109.0,133.0,146.3,140.0,137.7,150.8,184.4,140.8,132.3,130.5,131.0,128.9,124.5
..Region II (Cagayan Valley),….Poultry,97.9,100.8,100.6,100.6,99.2,102.2,102.8,103.0,105.2,104.6,106.2,109.5,115.0,115.8,116.4,115.9,117.2,112.9,114.4,116.2,113.4,114.2,119.7,119.5
..Region II (Cagayan Valley),..FISHERY,100.1,100.9,99.9,99.1,99.5,103.7,103.2,103.4,108.5,109.2,102.6,106.5,107.0,105.0,99.4,102.1,103.6,113.1,115.0,116.3,125.9,130.0,133.3,133.1
..Region II (Cagayan Valley),….Aquaculture,96.7,101.5,104.6,97.3,90.9,102.1,107.0,101.4,100.6,108.0,104.9,102.0,104.4,107.5,91.7,96.8,91.2,101.4,101.2,100.2,105.3,110.4,117.6,120.5
..Region II (Cagayan Valley),….Commercial Fishery,100.5,102.4,99.1,98.0,102.8,106.0,104.3,103.8,106.0,108.6,103.2,105.5,111.9,113.0,111.2,111.4,113.7,131.7,125.8,109.5,144.7,150.0,158.6,155.9
..Region II (Cagayan Valley),….Inland Municipal Fishery,104.5,96.0,97.5,102.0,102.0,98.5,95.9,104.7,104.4,102.4,95.2,103.1,103.0,95.9,94.9,100.7,102.0,103.1,102.5,106.2,107.9,107.5,105.0,107.6
..Region II (Cagayan Valley),….Marine Municipal Fishery,99.9,101.5,98.7,99.9,100.9,104.7,103.0,103.2,109.1,105.8,97.4,103.8,111.3,107.8,106.6,106.2,110.9,122.6,129.4,136.7,149.6,155.8,158.6,153.0
..Region III (Central Luzon),AGRICULTURE,98.9,99.8,102.3,99.0,90.8,88.5,86.4,88.7,75.8,77.6,78.0,85.1,101.5,91.2,88.2,93.1,99.4,101.5,95.4,111.0,111.5,109.5,116.2,115.2
..Region III (Central Luzon),..CROPS,97.2,99.5,102.3,100.9,89.2,79.7,75.2,79.5,61.7,64.0,60.6,62.9,80.4,72.4,71.9,73.4,75.9,75.7,71.9,89.9,90.5,90.9,99.9,96.5
..Region III (Central Luzon),….Cereals,96.1,100.1,104.6,99.2,89.2,79.7,73.0,72.9,79.7,85.1,79.5,75.8,90.8,84.4,82.6,81.2,88.5,87.5,82.9,86.3,95.4,99.0,110.5,105.8
..Region III (Central Luzon),….Rootcrops,80.5,89.7,124.4,105.4,93.0,81.9,114.0,114.1,94.3,114.3,104.5,101.9,99.8,90.5,126.8,139.4,113.3,96.5,108.7,115.3,125.1,134.8,161.3,163.4
..Region III (Central Luzon),….Beans and Legumes,101.0,91.8,117.2,90.0,98.4,87.3,91.9,92.6,98.6,91.5,75.4,156.2,97.9,93.0,97.2,96.5,106.5,95.0,87.5,162.9,138.4,99.1,124.9,102.9
..Region III (Central Luzon),….Condiments,86.9,103.6,103.6,105.9,64.4,47.1,64.4,89.2,78.4,70.2,96.1,133.0,162.9,110.8,110.8,175.7,71.1,68.7,68.7,859.6,280.2,263.2,285.6,316.1
..Region III (Central Luzon),….Fruit Vegetables,87.2,88.1,131.1,93.6,75.6,69.4,81.2,98.8,79.0,68.5,66.0,141.0,93.8,52.0,85.5,69.1,72.1,83.6,78.4,109.1,61.9,53.8,77.9,61.0
..Region III (Central Luzon),….Leafy Vegetables,80.3,99.4,127.0,93.4,94.3,107.0,133.9,127.0,94.8,107.4,151.9,227.1,109.1,111.0,114.1,108.3,94.1,95.9,108.7,121.6,81.9,107.2,131.2,106.7
..Region III (Central Luzon),….Fruits,115.7,84.9,59.4,140.1,96.0,68.7,54.2,92.5,83.8,69.3,60.0,63.2,93.9,77.8,55.0,86.4,73.9,72.9,62.7,73.9,75.0,66.7,63.3,86.6
..Region III (Central Luzon),….Commercial Crops,100.0,100.1,99.9,99.9,93.6,99.6,89.6,103.9,104.8,115.4,104.0,121.1,121.6,121.9,121.2,120.1,127.3,138.5,125.6,122.6,122.6,126.6,114.4,106.5
..Region III (Central Luzon),..LIVESTOCK AND POULTRY,100.1,100.3,103.5,96.2,87.2,93.3,94.3,93.2,84.8,85.4,94.9,115.3,144.9,121.6,108.5,126.8,146.0,150.2,145.7,147.5,139.2,136.8,142.5,141.0
..Region III (Central Luzon),….Livestock,97.9,99.2,102.1,100.8,95.3,96.4,93.1,80.6,85.6,104.0,120.7,147.6,175.4,173.0,157.6,158.8,150.3,157.0,144.0,130.9,143.7,141.2,130.2,140.2
..Region III (Central Luzon),….Poultry,102.6,101.4,105.0,90.9,79.6,89.4,94.4,108.2,95.4,79.8,85.8,103.7,131.7,105.2,93.2,114.0,129.3,132.4,130.9,138.1,123.2,121.1,131.8,126.4
..Region III (Central Luzon),..FISHERY,100.7,98.9,98.3,102.1,106.9,99.9,98.1,102.9,103.2,105.3,100.6,103.5,110.8,108.9,109.7,110.0,103.7,113.7,98.5,113.6,127.1,116.1,114.6,123.3
..Region III (Central Luzon),….Aquaculture,100.0,99.6,98.2,102.2,108.2,100.3,98.1,103.4,108.2,112.9,106.5,108.8,112.1,111.0,110.5,111.3,100.0,114.5,95.2,111.3,124.6,117.6,114.9,124.4
..Region III (Central Luzon),….Commercial Fishery,109.4,92.0,100.3,98.2,98.6,79.0,84.0,92.2,84.7,68.3,67.7,71.7,93.3,73.2,66.3,76.5,75.8,61.1,72.8,97.1,115.8,71.2,65.4,83.7
..Region III (Central Luzon),….Inland Municipal Fishery,95.7,100.0,99.7,104.6,90.8,99.8,94.1,104.3,91.5,91.5,90.5,99.9,79.6,82.3,83.8,83.3,77.5,81.5,84.4,89.2,87.3,75.5,80.4,82.9
..Region III (Central Luzon),….Marine Municipal Fishery,107.4,93.8,97.8,101.0,101.3,98.5,99.4,97.0,94.7,82.8,86.3,91.4,97.7,85.9,98.5,92.8,97.6,85.0,82.7,84.3,100.4,82.6,87.6,85.8
..Region IV-A (CALABARZON),AGRICULTURE,106.2,101.9,99.0,93.0,102.2,100.7,101.0,97.0,94.2,100.4,98.2,118.7,125.9,112.4,110.1,111.7,148.8,153.6,140.7,163.4,164.2,157.1,150.8,145.6
..Region IV-A (CALABARZON),..CROPS,117.2,102.5,93.2,87.1,112.9,106.5,106.2,112.2,112.4,113.3,99.1,123.2,118.4,110.0,111.1,103.7,162.9,175.5,152.7,220.5,205.8,190.4,191.8,179.5
..Region IV-A (CALABARZON),….Cereals,95.1,99.4,105.2,100.2,94.8,84.9,73.8,72.8,81.2,89.7,84.2,75.4,88.5,88.8,84.6,80.5,87.7,86.5,88.7,89.0,93.3,95.8,106.5,111.8
..Region IV-A (CALABARZON),….Rootcrops,89.3,88.1,117.0,105.5,98.5,104.9,133.5,105.0,107.9,124.4,121.0,113.4,116.0,96.4,106.9,114.9,98.9,90.9,104.2,106.7,117.1,127.5,147.3,148.1
..Region IV-A (CALABARZON),….Beans and Legumes,103.8,99.3,100.2,96.8,104.2,89.9,95.3,78.8,106.9,103.7,66.5,140.7,106.2,95.6,106.7,93.8,102.4,85.7,78.5,140.4,161.1,117.9,140.9,120.9
..Region IV-A (CALABARZON),….Condiments,80.4,77.3,129.2,113.1,57.5,67.9,97.5,83.0,68.6,89.4,89.5,93.5,67.6,48.5,61.2,53.3,41.8,43.1,42.8,53.5,34.0,31.5,41.5,35.8
..Region IV-A (CALABARZON),….Fruit Vegetables,97.6,85.7,124.9,91.7,93.8,84.4,93.2,97.6,90.2,82.9,71.4,141.2,108.5,60.4,98.2,75.9,75.7,83.7,75.7,110.6,90.8,57.8,84.3,75.4
..Region IV-A (CALABARZON),….Leafy Vegetables,95.1,104.2,115.7,85.1,97.1,100.8,90.2,95.0,101.3,103.9,93.8,117.2,97.5,93.4,98.1,83.7,88.4,97.7,89.3,108.9,111.7,105.7,108.6,107.2
..Region IV-A (CALABARZON),….Fruits,117.5,90.1,88.8,103.6,111.4,88.8,81.9,99.7,110.8,95.5,94.1,89.5,121.2,91.4,83.3,86.8,83.5,81.0,71.7,83.7,90.5,80.1,79.4,98.3
..Region IV-A (CALABARZON),….Commercial Crops,125.2,106.2,87.7,80.9,118.4,115.8,118.4,125.9,116.1,117.4,98.6,136.0,140.6,141.9,138.9,128.6,167.3,188.9,154.7,263.3,233.5,225.6,205.2,178.6
..Region IV-A (CALABARZON),..LIVESTOCK AND POULTRY,99.0,102.6,103.3,95.1,94.3,99.4,101.3,88.1,86.5,103.0,106.4,132.4,164.3,144.6,126.8,145.2,181.7,179.9,164.5,162.9,164.9,170.1,156.2,149.7
..Region IV-A (CALABARZON),….Livestock,96.9,102.1,102.6,98.4,93.9,95.2,92.8,73.5,81.2,103.7,113.1,145.7,177.0,175.8,150.1,158.1,185.4,172.7,137.7,134.0,143.1,147.9,129.7,127.9
..Region IV-A (CALABARZON),….Poultry,102.7,103.4,104.4,89.5,93.5,104.5,114.9,121.8,95.6,99.2,93.5,110.5,133.9,105.6,94.7,117.2,121.7,126.6,132.4,133.7,127.7,131.3,126.9,117.7
..Region IV-A (CALABARZON),..FISHERY,100.1,95.0,100.7,104.2,106.6,92.3,88.8,96.0,84.5,70.3,74.1,78.8,80.5,67.4,74.5,74.1,72.3,73.8,74.6,78.9,88.3,77.6,74.3,76.9
..Region IV-A (CALABARZON),….Aquaculture,97.3,92.1,102.8,107.7,107.5,87.4,82.7,88.7,97.2,75.2,81.3,86.6,90.8,68.1,79.8,75.0,69.9,72.0,75.6,82.4,95.8,83.7,75.9,82.6
..Region IV-A (CALABARZON),….Commercial Fishery,104.3,99.6,97.1,99.0,101.3,97.8,100.8,111.7,98.8,96.2,97.2,105.5,104.8,106.0,99.4,120.4,117.5,126.7,118.2,120.2,124.8,110.1,113.9,113.4
..Region IV-A (CALABARZON),….Inland Municipal Fishery,101.8,97.5,102.8,97.9,97.6,89.6,90.4,90.1,99.8,93.4,87.3,87.0,87.6,85.0,85.3,97.3,96.6,86.4,82.8,84.8,93.9,86.8,89.4,85.3
..Region IV-A (CALABARZON),….Marine Municipal Fishery,104.9,99.4,96.2,99.5,107.8,104.4,99.4,111.2,105.7,99.8,101.9,108.0,97.8,110.8,109.3,115.8,115.3,112.4,109.2,109.9,117.8,104.1,107.5,101.7
..MIMAROPA Region,AGRICULTURE,95.8,101.8,105.1,97.3,91.7,90.3,84.6,82.0,71.1,64.6,70.0,66.2,70.1,68.8,67.2,65.0,78.1,79.9,70.6,71.4,79.8,81.1,77.5,74.7
..MIMAROPA Region,..CROPS,101.1,103.6,100.2,95.1,87.4,84.7,78.5,74.5,63.2,55.6,61.0,60.8,65.0,65.4,63.0,61.5,68.5,65.2,55.4,57.5,67.9,70.3,68.6,67.9
..MIMAROPA Region,….Cereals,95.2,104.9,101.4,98.5,95.4,95.7,83.9,75.8,83.2,86.0,89.7,84.5,87.0,90.9,86.3,82.1,86.8,85.5,88.4,90.6,91.1,91.9,102.2,99.8
..MIMAROPA Region,….Rootcrops,89.0,92.6,111.3,107.1,112.0,120.2,113.6,119.4,107.9,119.5,129.8,138.8,134.2,127.7,136.2,140.6,144.1,145.9,151.1,137.0,140.7,143.1,154.0,167.4
..MIMAROPA Region,….Beans and Legumes,105.9,87.8,109.7,96.6,112.1,100.2,92.9,96.5,114.3,92.0,100.2,108.0,122.2,104.5,99.8,111.2,124.9,113.4,115.6,130.4,132.6,119.8,125.7,138.6
..MIMAROPA Region,….Condiments,115.7,77.3,77.3,129.6,67.5,42.9,42.9,42.9,105.2,86.2,86.2,86.2,112.4,101.6,101.6,101.6,122.7,59.0,22.8,22.7,183.0,130.8,52.3,52.7
..MIMAROPA Region,….Fruit Vegetables,110.5,88.2,110.5,90.8,112.7,93.5,95.8,99.2,116.8,82.1,87.4,123.2,128.6,89.9,95.9,109.2,113.6,106.7,102.1,119.0,126.6,96.3,108.2,115.8
..MIMAROPA Region,….Leafy Vegetables,101.8,88.0,102.7,107.5,98.4,89.9,91.8,97.0,100.9,84.1,88.1,108.4,106.7,94.9,97.0,110.6,101.8,97.4,104.1,108.6,112.5,107.3,113.5,114.6
..MIMAROPA Region,….Fruits,114.6,105.2,84.1,96.0,109.2,109.6,101.9,93.9,106.3,89.5,112.2,119.7,137.9,124.9,109.6,108.1,121.0,107.0,95.7,115.3,109.4,108.2,92.8,93.0
..MIMAROPA Region,….Commercial Crops,107.3,103.2,101.7,87.8,69.3,66.2,65.4,66.5,69.0,49.4,56.9,59.7,60.9,60.7,60.1,60.1,67.4,70.2,58.6,61.6,59.3,68.1,66.3,65.9
..MIMAROPA Region,..LIVESTOCK AND POULTRY,99.6,102.8,99.5,98.0,96.5,95.1,92.8,88.1,86.5,93.5,94.9,106.7,139.8,148.3,130.9,130.0,179.7,219.0,185.8,170.4,170.0,178.8,160.5,162.8
..MIMAROPA Region,….Livestock,99.5,102.8,99.9,97.9,95.8,94.4,91.4,85.9,91.2,99.4,100.7,114.2,140.3,149.2,130.4,129.0,142.1,176.0,144.4,132.3,132.3,141.5,124.7,126.6
..MIMAROPA Region,….Poultry,100.9,103.3,96.5,99.3,102.5,101.6,105.3,109.0,105.1,106.1,109.7,115.1,117.5,122.1,117.2,120.0,124.8,135.1,149.9,139.2,134.9,123.6,129.7,130.6
..MIMAROPA Region,..FISHERY,80.2,94.4,124.4,101.0,101.6,105.4,98.9,105.0,89.2,80.1,86.8,62.8,51.1,46.1,48.2,45.2,58.0,67.4,69.4,67.0,66.8,63.3,58.9,52.2
..MIMAROPA Region,….Aquaculture,62.6,100.3,109.2,127.9,118.9,141.4,109.9,124.6,81.3,103.8,74.9,78.1,92.4,92.4,133.5,77.9,104.7,178.8,199.4,196.1,135.8,122.8,84.6,64.5
..MIMAROPA Region,….Commercial Fishery,104.0,102.5,88.3,105.2,83.5,100.0,93.1,93.3,83.0,70.6,78.0,82.6,90.2,66.5,72.6,71.6,80.1,102.6,91.0,85.6,96.2,80.8,86.8,83.9
..MIMAROPA Region,….Inland Municipal Fishery,81.5,92.4,106.1,120.0,113.2,116.6,117.0,122.7,125.6,125.9,130.3,140.3,136.5,125.4,121.8,118.1,130.1,135.7,101.6,108.5,102.1,96.0,117.1,106.2
..MIMAROPA Region,….Marine Municipal Fishery,81.7,89.8,135.6,92.9,95.7,92.7,92.4,97.0,96.7,80.2,96.2,59.6,62.4,57.2,57.1,56.7,60.6,61.7,64.3,62.1,66.8,65.9,67.6,64.4
..Region V (Bicol Region),AGRICULTURE,99.6,102.6,101.3,96.6,96.1,94.0,88.5,85.6,79.6,81.2,76.4,81.2,89.4,88.0,83.8,86.4,107.8,106.3,98.9,98.2,99.8,99.1,97.3,101.1
..Region V (Bicol Region),..CROPS,101.4,102.5,100.3,95.8,96.0,91.1,84.6,83.4,76.4,82.4,73.1,77.5,89.5,84.4,79.7,82.3,100.1,94.9,90.3,93.1,91.9,94.1,97.7,99.0
..Region V (Bicol Region),….Cereals,98.3,97.5,106.4,97.8,97.0,88.3,79.6,74.8,84.5,92.1,80.3,80.9,89.9,84.0,84.7,85.5,102.7,94.1,95.5,97.0,100.6,104.7,109.4,111.7
..Region V (Bicol Region),….Rootcrops,99.4,100.7,97.5,102.4,103.6,115.6,122.4,125.2,117.5,125.2,124.7,109.6,113.3,113.9,116.5,111.6,117.4,113.7,115.0,113.5,124.2,152.1,156.6,149.4
..Region V (Bicol Region),….Beans and Legumes,135.4,89.1,87.6,87.9,108.2,99.2,84.8,94.0,119.0,83.7,68.0,121.7,135.5,80.0,83.9,101.9,126.1,87.2,80.2,128.6,167.9,99.2,115.4,102.7
..Region V (Bicol Region),….Condiments,106.3,84.8,111.2,97.7,85.0,76.2,80.5,118.2,127.2,92.9,74.3,144.1,144.7,64.0,77.6,102.9,101.9,113.0,104.9,214.0,130.6,84.5,121.0,116.2
..Region V (Bicol Region),….Fruit Vegetables,124.8,93.4,97.3,84.5,94.0,90.3,92.0,92.4,103.9,75.3,65.5,113.4,123.9,76.0,81.1,90.7,105.7,87.9,92.1,114.6,123.5,86.2,82.5,92.7
..Region V (Bicol Region),….Leafy Vegetables,101.6,98.8,99.6,100.0,95.4,106.1,106.9,112.2,93.6,92.6,97.2,111.7,100.9,89.6,110.6,102.2,119.8,129.7,135.0,146.5,138.6,127.1,136.7,128.5
..Region V (Bicol Region),….Fruits,93.9,135.9,80.1,90.1,117.3,114.2,99.2,103.0,121.0,150.7,100.7,118.2,141.4,145.2,83.8,104.7,140.6,116.2,118.2,132.6,89.9,129.2,122.2,126.9
..Region V (Bicol Region),….Commercial Crops,107.2,105.5,95.7,91.7,83.6,81.4,79.5,83.6,89.0,94.6,94.0,104.0,118.7,117.9,109.1,109.8,108.8,116.5,92.7,94.2,91.4,86.2,90.4,90.6
..Region V (Bicol Region),..LIVESTOCK AND POULTRY,98.0,107.1,100.0,94.9,94.1,96.7,87.8,82.5,77.0,78.0,78.5,87.2,106.7,121.5,115.8,117.6,189.2,205.8,168.7,149.3,158.6,158.7,139.2,152.2
..Region V (Bicol Region),….Livestock,97.9,107.8,99.9,94.4,93.7,96.7,87.1,81.5,86.3,87.6,88.4,98.9,119.8,137.8,130.9,133.2,145.1,161.7,129.8,114.3,121.7,121.8,105.8,116.7
..Region V (Bicol Region),….Poultry,99.1,98.3,100.9,101.7,101.9,98.5,98.9,99.2,104.6,104.7,100.6,102.7,112.3,111.9,111.1,110.1,149.0,120.4,126.9,121.3,123.9,124.1,127.8,119.8
..Region V (Bicol Region),..FISHERY,95.9,97.6,105.5,101.0,99.1,99.6,102.4,96.9,96.2,81.2,86.0,87.7,71.3,69.3,68.0,70.7,74.5,77.9,73.8,71.2,76.3,68.3,62.9,66.9
..Region V (Bicol Region),….Aquaculture,104.8,93.1,106.3,95.8,85.4,101.2,90.9,92.0,93.9,94.4,97.6,94.1,96.8,87.2,82.9,79.2,91.2,87.4,89.5,89.4,105.1,95.1,88.0,100.0
..Region V (Bicol Region),….Commercial Fishery,91.8,92.7,111.0,104.6,101.5,98.2,100.4,103.2,112.2,64.0,72.7,75.4,81.1,75.6,72.9,79.3,93.6,91.2,79.2,86.6,84.1,79.2,76.2,80.8
..Region V (Bicol Region),….Inland Municipal Fishery,90.3,102.4,109.2,98.1,100.9,103.4,116.1,96.8,106.2,93.9,108.4,95.1,88.0,93.6,81.6,81.6,83.1,83.2,80.0,93.0,83.7,82.2,77.2,87.1
..Region V (Bicol Region),….Marine Municipal Fishery,94.4,100.8,103.2,101.6,102.3,97.0,105.1,95.1,89.6,81.2,84.2,87.0,84.1,84.5,84.8,89.7,92.7,100.0,96.7,88.9,97.6,85.7,77.7,82.2
..Region VI (Western Visayas),AGRICULTURE,89.8,103.3,107.6,99.3,98.2,103.7,98.7,96.4,96.7,96.8,101.3,95.4,100.6,112.7,118.6,110.7,125.1,153.7,193.1,196.9,194.1,196.4,198.8,177.9
..Region VI (Western Visayas),..CROPS,88.7,103.5,108.6,99.2,98.3,105.0,99.4,96.8,97.6,98.2,104.0,96.4,101.7,115.6,123.6,113.3,125.8,158.0,206.6,212.0,207.3,212.8,213.6,185.5
..Region VI (Western Visayas),….Cereals,96.4,103.5,108.0,92.1,92.4,95.3,84.7,70.9,77.1,89.2,79.5,75.5,78.0,83.2,80.4,80.6,86.7,94.2,93.6,88.8,93.7,102.2,101.0,105.1
..Region VI (Western Visayas),….Rootcrops,94.9,96.6,107.4,101.2,110.3,119.6,125.4,116.6,110.6,123.5,113.9,114.3,113.2,107.2,110.5,112.8,112.8,117.3,122.6,127.6,137.1,141.0,149.4,157.5
..Region VI (Western Visayas),….Beans and Legumes,107.9,94.2,101.9,96.0,100.0,116.1,109.3,88.0,95.5,85.9,75.9,89.6,89.9,77.0,82.1,96.7,103.9,93.2,80.3,111.7,131.4,99.9,107.9,110.2
..Region VI (Western Visayas),….Condiments,103.5,90.2,117.7,88.6,80.0,100.0,109.1,102.6,103.6,87.9,96.6,95.8,81.9,59.0,76.2,73.4,54.2,54.0,52.3,54.3,52.9,51.3,69.0,54.3
..Region VI (Western Visayas),….Fruit Vegetables,106.5,90.5,107.3,95.7,94.9,99.1,111.6,106.3,104.0,93.6,83.4,114.0,108.9,77.0,88.0,97.1,103.9,89.5,90.1,108.2,105.2,86.3,104.9,96.4
..Region VI (Western Visayas),….Leafy Vegetables,90.7,97.7,111.6,99.9,99.4,109.9,116.3,109.7,110.4,110.4,105.3,117.3,113.5,102.9,106.3,121.0,112.6,110.9,115.1,128.0,125.5,123.5,120.5,115.6
..Region VI (Western Visayas),….Fruits,107.2,97.5,101.1,94.2,95.8,79.9,113.2,115.8,101.5,95.0,108.1,104.4,106.8,84.0,86.4,99.7,94.2,83.3,108.9,108.5,105.0,95.4,103.0,117.7
..Region VI (Western Visayas),….Commercial Crops,87.6,103.7,108.8,99.9,98.8,106.6,100.6,99.5,100.6,100.1,107.7,99.3,98.1,113.2,122.4,110.5,108.1,138.6,186.9,193.6,187.5,192.1,192.5,162.9
..Region VI (Western Visayas),..LIVESTOCK AND POULTRY,103.5,103.3,96.2,96.9,94.0,93.4,88.8,88.4,81.9,82.4,77.7,84.8,95.5,97.7,87.5,93.0,128.4,133.7,123.1,118.1,120.3,113.8,126.8,142.5
..Region VI (Western Visayas),….Livestock,104.6,106.0,95.7,93.7,92.2,90.8,84.0,81.3,89.1,88.0,82.3,92.3,111.8,116.3,100.8,108.9,129.8,133.4,120.1,105.2,116.9,107.0,129.9,153.0
..Region VI (Western Visayas),….Poultry,101.0,97.7,97.1,104.3,98.9,99.7,100.2,106.3,97.7,102.2,98.0,101.2,105.2,104.4,99.5,102.6,124.4,132.4,126.7,147.3,125.0,125.8,120.1,125.8
..Region VI (Western Visayas),..FISHERY,97.6,96.0,102.0,104.3,102.4,96.0,100.0,101.0,100.2,88.3,85.1,89.5,85.1,81.7,82.4,86.5,101.6,98.0,98.8,101.2,106.0,97.1,95.1,98.6
..Region VI (Western Visayas),….Aquaculture,100.3,94.8,98.7,106.3,101.3,94.4,95.8,100.4,100.2,90.6,81.4,87.6,102.1,97.1,96.1,94.8,102.1,100.7,108.7,109.0,110.6,110.6,103.0,111.6
..Region VI (Western Visayas),….Commercial Fishery,91.9,97.0,106.9,104.1,101.6,97.5,103.9,104.1,99.4,95.1,95.1,100.2,100.3,101.5,104.4,109.2,106.6,101.7,104.2,108.7,116.4,98.3,101.9,104.8
..Region VI (Western Visayas),….Inland Municipal Fishery,98.8,96.7,102.7,101.9,98.2,84.4,82.3,83.7,82.9,73.6,63.0,75.4,65.7,66.6,66.8,71.8,56.8,60.7,58.7,60.1,58.7,54.9,55.9,57.0
..Region VI (Western Visayas),….Marine Municipal Fishery,97.3,96.8,103.9,101.9,102.9,96.8,104.9,100.0,104.9,83.4,90.6,89.4,97.9,92.5,94.5,108.7,112.3,105.8,99.1,102.0,109.0,97.4,95.6,95.8
..Region VII (Central Visayas),AGRICULTURE,86.9,103.4,114.9,94.8,92.2,91.2,91.7,89.6,81.7,83.0,82.4,80.9,86.6,91.9,88.3,89.8,108.5,123.3,143.1,153.7,157.5,154.1,135.3,137.6
..Region VII (Central Visayas),..CROPS,84.0,103.8,119.5,92.8,89.2,88.1,89.9,88.2,78.7,80.7,80.9,77.7,81.3,86.4,85.2,87.7,101.4,117.0,143.0,159.5,162.6,158.6,135.8,134.5
..Region VII (Central Visayas),….Cereals,97.0,104.8,105.8,92.4,91.2,93.1,88.7,80.1,80.4,96.3,86.0,73.7,78.3,81.2,86.8,80.2,85.6,88.4,90.7,91.6,89.9,93.1,102.8,98.8
..Region VII (Central Visayas),….Rootcrops,95.3,94.0,108.6,102.1,91.7,110.2,110.1,97.3,93.4,103.4,95.4,103.0,106.8,97.0,104.8,113.4,117.4,115.3,110.4,120.4,113.8,123.5,129.4,132.6
..Region VII (Central Visayas),….Beans and Legumes,107.1,101.6,95.8,95.4,106.5,115.2,97.0,97.8,96.2,104.2,77.0,104.4,112.0,98.8,104.9,101.0,119.0,104.6,91.2,108.5,128.1,121.3,100.8,105.5
..Region VII (Central Visayas),….Condiments,94.2,90.1,110.7,105.0,110.4,168.4,199.0,141.0,137.7,208.1,186.7,129.7,121.3,99.7,109.8,108.5,129.8,116.9,110.2,114.8,110.7,103.3,129.1,126.8
..Region VII (Central Visayas),….Fruit Vegetables,107.7,98.1,105.0,89.2,101.0,110.8,100.1,97.1,99.5,104.0,85.7,108.5,125.0,98.2,100.0,102.4,126.7,99.4,93.4,104.6,120.3,104.2,102.4,105.7
..Region VII (Central Visayas),….Leafy Vegetables,94.2,96.9,115.6,93.4,66.3,138.7,100.9,70.2,56.6,86.9,47.7,98.9,90.2,46.2,68.9,93.0,57.3,53.2,55.6,72.5,66.1,66.8,81.2,58.3
..Region VII (Central Visayas),….Fruits,109.0,92.8,98.1,100.1,105.6,81.3,98.1,100.3,105.4,103.6,106.8,113.5,117.1,106.7,104.4,107.9,94.2,111.7,124.2,130.3,129.0,113.7,116.0,135.1
..Region VII (Central Visayas),….Commercial Crops,80.5,104.5,123.3,91.7,87.2,87.2,88.3,87.4,86.8,87.8,89.4,85.2,88.5,96.6,94.2,97.6,110.2,128.9,162.9,184.2,189.1,184.9,150.9,148.4
..Region VII (Central Visayas),..LIVESTOCK AND POULTRY,95.4,105.1,101.5,98.0,96.8,97.1,93.2,89.5,84.4,84.2,80.0,85.4,98.6,105.6,92.4,89.7,135.2,145.9,146.9,144.7,149.5,149.0,136.9,152.6
..Region VII (Central Visayas),….Livestock,95.0,106.0,101.5,97.5,95.8,96.9,92.6,88.3,88.7,88.1,83.4,89.6,115.8,125.1,107.9,104.2,127.3,137.2,139.0,136.5,140.4,139.5,127.2,142.0
..Region VII (Central Visayas),….Poultry,98.2,99.0,101.2,101.5,103.7,99.0,97.7,98.7,102.1,104.4,102.0,104.8,106.9,107.0,104.0,105.3,112.7,122.4,117.1,117.7,126.6,129.5,127.6,140.6
..Region VII (Central Visayas),..FISHERY,94.9,89.1,108.3,107.6,109.5,104.7,105.8,106.4,109.6,105.0,109.4,104.7,113.6,115.0,112.0,116.4,116.9,129.9,120.8,115.6,123.4,113.1,116.2,113.8
..Region VII (Central Visayas),….Aquaculture,91.4,93.7,112.5,102.4,112.1,98.5,105.7,98.5,100.2,88.1,88.4,77.0,95.9,90.3,99.0,98.3,112.5,113.2,124.1,126.4,128.3,120.8,115.2,109.6
..Region VII (Central Visayas),….Commercial Fishery,94.3,90.8,111.3,103.6,97.6,95.3,93.9,97.7,95.2,97.8,103.5,100.4,105.0,107.6,99.6,104.0,99.4,118.2,100.5,89.5,91.4,84.8,88.9,84.2
..Region VII (Central Visayas),….Inland Municipal Fishery,99.1,90.5,111.9,98.5,104.2,105.7,97.0,92.3,111.2,84.1,92.6,81.1,103.2,103.2,82.8,95.9,89.4,86.7,105.8,84.5,87.5,88.1,95.8,90.1
..Region VII (Central Visayas),….Marine Municipal Fishery,95.7,87.8,106.8,109.7,110.3,106.8,107.1,108.8,107.2,102.6,107.2,104.0,111.5,114.2,109.6,114.9,112.2,124.1,115.7,112.5,123.1,111.9,115.3,114.9
..Region VIII (Eastern Visayas),AGRICULTURE,100.0,98.5,99.8,101.7,100.4,92.5,90.8,93.0,82.4,75.6,73.4,74.8,77.8,75.1,77.0,76.2,97.2,101.8,110.3,101.2,109.2,107.3,107.4,109.0
..Region VIII (Eastern Visayas),..CROPS,101.2,99.0,98.4,101.4,98.4,87.5,85.7,88.0,73.9,66.7,65.3,65.4,67.2,63.7,67.0,64.9,83.7,89.5,94.4,86.7,96.8,96.2,97.5,100.5
..Region VIII (Eastern Visayas),….Cereals,99.3,93.4,103.5,103.8,102.5,83.0,80.7,85.6,84.2,84.6,83.9,77.9,81.1,81.1,90.7,79.2,82.9,83.7,83.8,81.2,95.0,89.6,94.3,101.4
..Region VIII (Eastern Visayas),….Rootcrops,98.6,99.3,100.5,101.6,96.4,103.1,104.0,108.3,106.7,106.0,92.3,109.0,104.6,100.7,103.4,107.2,125.4,132.7,129.7,128.7,141.9,143.1,147.4,156.4
..Region VIII (Eastern Visayas),….Beans and Legumes,110.6,103.2,91.0,95.3,96.8,97.3,80.5,87.4,80.7,73.4,61.5,79.1,99.7,79.4,80.0,87.1,113.3,98.2,86.7,89.3,115.1,105.8,95.7,102.5
..Region VIII (Eastern Visayas),….Condiments,87.5,88.3,100.4,123.7,117.7,169.3,233.9,183.0,189.7,266.3,230.2,164.8,161.3,158.1,169.8,167.3,167.2,164.9,136.9,150.3,142.7,137.9,140.0,156.3
..Region VIII (Eastern Visayas),….Fruit Vegetables,119.5,97.5,92.5,90.5,93.5,92.3,83.6,88.7,94.4,84.6,75.4,95.5,130.1,101.3,97.7,107.5,129.0,122.9,109.8,115.1,145.5,111.6,102.6,113.1
..Region VIII (Eastern Visayas),….Leafy Vegetables,105.5,99.6,98.2,96.6,89.7,93.0,89.1,87.7,89.3,87.7,86.9,93.1,104.1,94.0,90.1,91.8,115.7,101.1,101.1,108.0,135.0,117.0,120.3,116.4
..Region VIII (Eastern Visayas),….Fruits,100.3,98.5,103.2,97.9,90.4,94.8,95.5,96.8,103.6,113.5,119.7,123.3,121.7,108.6,105.5,112.4,121.7,137.0,129.3,125.7,129.1,130.7,125.8,127.3
..Region VIII (Eastern Visayas),….Commercial Crops,103.1,105.2,92.4,99.3,95.1,86.7,84.8,84.1,80.7,62.4,60.8,63.2,85.9,78.3,79.7,82.1,96.6,109.0,126.8,106.5,115.4,120.5,118.9,117.7
..Region VIII (Eastern Visayas),..LIVESTOCK AND POULTRY,98.2,98.6,102.2,101.0,99.9,101.6,99.0,97.0,98.3,98.2,95.1,96.8,102.1,108.1,109.3,111.9,162.2,155.0,228.2,190.1,169.8,170.6,157.5,159.5
..Region VIII (Eastern Visayas),….Livestock,98.4,98.5,102.3,100.8,99.6,101.3,98.5,96.4,99.0,98.8,95.2,97.1,105.4,111.7,113.0,115.6,142.3,137.0,206.8,171.8,149.8,150.6,137.4,139.1
..Region VIII (Eastern Visayas),….Poultry,95.7,98.8,101.4,104.1,103.3,104.1,104.2,104.5,105.0,106.1,109.9,109.8,118.3,124.1,123.6,127.7,149.0,126.4,134.0,115.6,143.4,142.8,160.6,163.9
..Region VIII (Eastern Visayas),..FISHERY,96.4,96.1,103.8,103.8,108.3,103.3,103.4,109.9,106.6,95.9,89.4,100.5,101.4,97.3,91.1,95.5,113.9,116.3,116.9,112.2,118.3,109.9,110.1,105.4
..Region VIII (Eastern Visayas),….Aquaculture,104.5,103.5,100.5,91.5,127.6,107.6,109.2,98.3,106.2,107.2,108.7,101.6,127.2,111.9,81.7,92.7,102.5,107.7,100.0,89.0,95.7,78.1,77.3,77.6
..Region VIII (Eastern Visayas),….Commercial Fishery,92.0,100.1,102.4,105.6,95.8,103.2,100.8,109.7,99.3,80.4,72.3,84.8,96.1,105.4,90.9,93.9,91.6,102.3,97.3,85.4,101.1,96.0,84.5,76.0
..Region VIII (Eastern Visayas),….Inland Municipal Fishery,89.9,89.5,106.1,114.5,99.5,101.2,98.9,107.8,84.7,77.8,76.8,79.9,77.6,79.3,72.5,73.3,74.3,77.2,76.4,73.1,80.8,79.9,74.7,80.9
..Region VIII (Eastern Visayas),….Marine Municipal Fishery,95.8,94.1,104.4,105.7,106.2,100.8,101.1,110.5,106.9,96.9,90.2,102.4,113.0,106.8,105.3,109.4,121.2,120.6,123.4,121.9,124.0,114.8,119.7,116.3
..Region IX (Zamboanga Peninsula),AGRICULTURE,100.2,101.7,100.9,97.2,97.5,99.5,92.5,87.4,83.3,87.3,84.3,83.6,91.8,94.3,93.0,96.2,119.1,119.0,122.1,124.4,124.5,119.8,119.1,122.5
..Region IX (Zamboanga Peninsula),..CROPS,102.9,101.7,100.2,95.2,96.6,99.1,89.0,80.2,76.2,82.0,77.5,76.0,83.3,86.1,85.8,89.3,102.4,103.5,101.7,105.7,103.1,100.8,103.2,106.8
..Region IX (Zamboanga Peninsula),….Cereals,96.7,103.5,105.0,94.8,95.5,99.7,85.5,65.5,76.2,88.6,83.2,71.7,75.7,83.8,80.7,79.9,87.1,89.4,89.3,90.0,92.6,98.1,104.5,109.3
..Region IX (Zamboanga Peninsula),….Rootcrops,97.5,102.0,99.7,100.9,115.4,123.7,125.0,117.6,123.4,140.0,127.4,118.3,123.9,130.3,120.2,129.9,133.0,140.3,147.2,155.5,160.9,161.1,159.2,159.2
..Region IX (Zamboanga Peninsula),….Beans and Legumes,102.4,99.1,98.8,99.8,116.0,118.4,98.1,102.5,102.3,105.1,92.1,107.8,110.9,99.9,98.2,106.2,120.7,119.4,109.6,110.7,114.2,106.4,109.5,112.4
..Region IX (Zamboanga Peninsula),….Condiments,106.0,98.0,94.0,102.0,111.7,136.1,128.5,123.0,114.9,152.6,142.4,128.7,106.0,95.9,99.2,110.2,109.1,108.9,115.6,114.0,113.5,103.5,107.8,111.3
..Region IX (Zamboanga Peninsula),….Fruit Vegetables,101.7,96.5,103.3,98.4,109.5,110.1,98.1,100.0,100.9,106.9,94.4,127.1,132.6,111.8,112.4,121.6,133.7,133.8,124.0,132.9,144.1,118.9,117.8,126.0
..Region IX (Zamboanga Peninsula),….Leafy Vegetables,104.5,92.7,92.9,109.9,114.7,118.5,102.2,82.1,79.3,87.3,74.4,80.1,84.1,81.7,86.9,92.7,97.3,98.5,94.3,104.7,100.2,94.0,91.2,95.9
..Region IX (Zamboanga Peninsula),….Fruits,110.7,93.6,91.4,104.2,101.7,86.1,89.7,101.1,99.6,94.5,95.4,109.2,109.3,100.7,106.6,108.1,105.5,97.0,103.5,114.3,113.0,103.1,101.1,106.7
..Region IX (Zamboanga Peninsula),….Commercial Crops,110.7,103.0,96.6,89.7,91.6,102.5,89.0,93.7,96.5,99.7,92.1,99.2,110.6,112.0,113.8,129.2,132.3,138.6,126.0,131.7,117.4,109.1,110.1,111.4
..Region IX (Zamboanga Peninsula),..LIVESTOCK AND POULTRY,97.8,102.0,99.0,101.3,100.6,97.2,94.0,93.8,88.8,89.0,87.9,92.2,109.3,110.3,98.8,105.6,160.7,135.4,139.6,134.6,151.6,151.4,151.1,167.6
..Region IX (Zamboanga Peninsula),….Livestock,98.0,102.3,98.2,101.6,98.4,94.5,90.6,88.0,90.5,90.2,88.8,94.3,114.5,116.9,101.6,107.5,148.2,117.0,123.2,125.3,138.4,137.3,139.3,151.7
..Region IX (Zamboanga Peninsula),….Poultry,97.2,100.9,101.6,100.3,106.1,104.0,103.0,111.9,108.0,109.8,109.6,111.1,120.0,117.5,113.8,125.0,168.4,175.4,168.0,137.4,163.4,166.4,158.4,185.3
..Region IX (Zamboanga Peninsula),..FISHERY,96.7,101.2,103.8,98.3,96.8,102.1,98.1,97.7,93.7,96.2,95.5,92.8,96.3,98.7,103.1,102.5,122.5,135.8,152.2,156.0,148.4,134.2,125.8,122.2
..Region IX (Zamboanga Peninsula),….Aquaculture,103.4,92.6,102.0,101.9,111.5,110.4,95.4,102.7,90.8,98.5,84.8,72.2,105.9,87.6,86.4,83.6,115.3,127.6,137.7,145.9,124.5,84.4,65.8,63.7
..Region IX (Zamboanga Peninsula),….Commercial Fishery,96.7,104.5,103.6,95.2,90.2,96.5,96.5,95.7,94.0,96.2,102.2,99.5,100.5,106.4,115.6,113.1,115.2,136.6,143.5,156.9,145.0,148.1,144.2,146.2
..Region IX (Zamboanga Peninsula),….Inland Municipal Fishery,112.3,100.7,82.1,105.0,100.3,111.2,109.3,84.9,98.7,86.2,55.4,54.7,65.8,58.4,58.8,49.5,77.2,80.2,71.4,83.6,78.7,69.2,75.4,53.2
..Region IX (Zamboanga Peninsula),….Marine Municipal Fishery,93.7,101.2,104.8,100.3,97.8,103.7,99.3,96.5,98.3,99.6,97.1,99.5,96.7,103.3,105.9,108.4,115.6,119.5,146.1,137.8,140.3,127.1,127.4,120.0
..Region X (Northern Mindanao),AGRICULTURE,97.2,104.4,99.1,99.4,99.2,98.9,95.2,96.6,92.1,94.9,92.4,92.4,103.1,107.4,104.4,110.9,131.9,141.7,121.9,166.9,170.9,170.1,163.2,152.6
..Region X (Northern Mindanao),..CROPS,96.8,105.9,98.6,98.7,98.1,97.8,93.7,95.7,90.3,94.4,95.1,91.4,103.7,107.8,109.7,115.6,129.5,136.8,114.3,168.7,168.7,170.5,163.1,153.7
..Region X (Northern Mindanao),….Cereals,99.9,98.8,102.6,98.7,95.8,99.0,91.7,78.5,81.1,94.6,89.5,80.2,85.3,92.3,99.7,98.8,103.0,109.7,116.0,116.7,110.2,118.9,118.2,116.8
..Region X (Northern Mindanao),….Rootcrops,96.3,96.7,99.9,107.1,115.3,122.1,121.9,172.8,119.2,123.8,106.5,120.4,115.5,101.4,107.8,110.1,111.5,114.4,120.7,127.7,134.5,138.0,146.5,143.4
..Region X (Northern Mindanao),….Beans and Legumes,101.0,100.9,104.6,93.5,111.6,123.4,108.2,107.7,118.4,130.5,110.0,127.2,115.8,113.6,120.4,123.4,138.3,128.7,133.1,135.9,156.1,161.0,152.3,150.5
..Region X (Northern Mindanao),….Condiments,100.5,92.8,102.4,104.3,119.4,211.2,216.2,209.3,184.5,189.9,183.1,198.3,171.3,144.7,162.5,160.0,145.0,128.9,119.7,132.0,141.1,131.2,138.9,149.1
..Region X (Northern Mindanao),….Fruit Vegetables,98.2,100.5,107.3,94.1,105.6,120.9,100.6,96.2,97.7,98.9,98.2,148.7,116.2,90.2,115.8,104.8,131.8,125.9,106.5,115.5,126.8,110.5,133.8,133.1
..Region X (Northern Mindanao),….Leafy Vegetables,83.7,96.4,113.7,106.2,93.7,162.3,60.5,64.3,57.2,97.4,62.6,115.9,86.5,64.5,133.0,101.2,81.2,88.7,98.4,114.0,85.3,73.4,93.8,94.0
..Region X (Northern Mindanao),….Fruits,97.1,99.7,100.7,102.6,104.0,96.3,97.5,111.2,109.5,111.8,110.0,115.1,116.4,114.2,114.0,113.5,117.2,107.5,106.2,111.9,113.8,113.7,116.3,118.1
..Region X (Northern Mindanao),….Commercial Crops,95.5,110.8,96.4,97.3,96.4,96.2,92.0,96.9,98.7,100.0,104.2,99.0,103.1,108.2,108.0,118.0,127.2,138.7,104.4,190.9,193.9,192.1,175.7,159.2
..Region X (Northern Mindanao),..LIVESTOCK AND POULTRY,97.0,98.7,101.5,102.8,101.5,101.3,100.2,98.1,97.5,96.5,96.0,98.9,120.0,129.2,121.5,119.4,172.6,206.0,200.6,190.6,224.3,208.6,199.4,195.9
..Region X (Northern Mindanao),….Livestock,96.7,98.7,101.7,102.9,101.1,100.7,99.5,96.7,96.0,95.0,94.3,97.9,127.8,138.8,128.0,124.9,135.9,166.5,161.1,151.1,185.3,168.4,158.8,154.8
..Region X (Northern Mindanao),….Poultry,98.6,99.0,100.5,101.9,103.7,104.2,104.1,105.6,104.0,103.4,103.9,103.0,113.5,116.9,120.5,123.2,138.6,146.1,146.5,147.8,145.2,148.7,150.9,154.2
..Region X (Northern Mindanao),..FISHERY,100.9,99.9,98.8,100.4,105.0,105.4,100.1,102.9,104.0,97.7,65.2,90.4,69.1,69.6,49.7,62.0,80.0,88.2,91.5,94.9,96.5,91.9,92.3,72.2
..Region X (Northern Mindanao),….Aquaculture,102.1,101.5,98.5,97.9,105.1,106.1,99.4,100.0,102.2,97.9,54.1,83.7,96.0,96.5,60.8,81.0,73.3,76.2,80.6,88.3,90.0,83.5,86.7,57.3
..Region X (Northern Mindanao),….Commercial Fishery,98.4,95.8,98.6,107.3,106.4,106.9,101.5,109.9,110.7,98.2,101.8,111.8,110.7,114.6,111.7,121.2,134.2,143.9,152.9,155.5,140.9,146.0,136.7,130.3
..Region X (Northern Mindanao),….Inland Municipal Fishery,96.8,95.4,103.1,104.6,95.5,97.9,92.9,115.8,102.1,101.4,106.1,105.4,92.6,92.2,92.3,92.3,109.8,138.9,91.7,88.4,106.3,116.3,104.6,84.4
..Region X (Northern Mindanao),….Marine Municipal Fishery,99.0,97.5,99.3,104.1,103.3,101.4,100.8,105.8,107.8,98.7,99.3,101.9,109.8,109.2,105.3,107.6,119.1,146.7,149.1,143.5,154.5,143.9,144.3,136.4
..Region XI (Davao Region),AGRICULTURE,104.0,101.2,98.8,95.9,95.1,95.6,94.9,96.6,93.7,96.7,95.0,100.2,115.4,118.7,110.9,110.1,128.6,133.6,128.9,126.9,128.3,131.4,132.8,138.1
..Region XI (Davao Region),..CROPS,109.4,102.3,96.5,91.7,92.2,94.6,93.6,96.3,92.9,98.8,98.5,98.1,110.6,113.2,105.1,105.2,105.6,107.4,102.7,101.8,101.0,106.0,112.3,115.2
..Region XI (Davao Region),….Cereals,101.6,103.5,100.4,94.4,91.1,87.4,83.5,79.3,80.2,90.8,81.4,71.1,78.5,87.1,87.2,82.2,83.4,89.3,91.3,93.0,91.1,96.7,104.3,105.1
..Region XI (Davao Region),….Rootcrops,99.9,103.7,94.3,102.2,110.3,98.3,99.4,98.7,105.3,113.2,96.9,94.8,105.3,91.5,89.5,114.7,104.6,105.8,108.9,123.1,123.6,119.7,131.5,149.1
..Region XI (Davao Region),….Beans and Legumes,114.0,90.9,91.3,103.8,131.7,101.3,90.0,97.9,97.1,97.4,77.1,93.1,115.7,96.6,96.3,97.9,125.4,99.5,93.4,103.8,124.1,101.2,105.0,102.8
..Region XI (Davao Region),….Condiments,105.9,108.2,92.9,93.0,103.9,129.6,137.8,129.2,118.1,150.3,123.9,123.5,125.7,103.3,95.4,89.7,105.0,97.3,88.4,97.3,103.5,91.8,100.7,95.6
..Region XI (Davao Region),….Fruit Vegetables,110.3,99.6,101.6,88.5,115.2,114.9,97.5,100.5,93.3,96.5,81.2,115.4,141.3,97.2,103.2,96.7,122.6,114.4,105.0,102.9,118.5,97.1,104.0,104.5
..Region XI (Davao Region),….Leafy Vegetables,76.8,91.9,118.7,112.6,106.0,126.5,109.9,91.9,82.7,111.8,73.6,102.8,104.4,85.1,110.5,84.8,72.2,89.2,103.8,96.3,91.0,88.6,107.4,95.5
..Region XI (Davao Region),….Fruits,106.8,101.1,95.3,96.8,105.4,117.7,117.5,127.4,124.8,132.7,143.8,131.1,115.4,110.9,91.6,92.6,94.0,93.4,96.0,101.1,110.1,115.1,118.5,126.5
..Region XI (Davao Region),….Commercial Crops,124.9,101.4,92.2,81.5,75.2,75.8,77.9,83.6,90.3,90.0,94.4,122.3,135.5,140.8,136.3,142.2,145.6,143.5,114.8,102.8,94.3,100.3,106.8,107.4
..Region XI (Davao Region),..LIVESTOCK AND POULTRY,97.5,99.1,101.7,101.7,97.8,96.4,96.0,97.1,93.7,93.5,90.7,106.8,130.7,136.5,127.5,125.1,193.9,217.8,211.7,202.3,203.2,216.9,198.3,225.6
..Region XI (Davao Region),….Livestock,97.0,99.4,102.1,101.5,97.2,95.6,95.0,95.9,96.1,95.3,92.4,110.8,142.9,149.6,138.3,134.7,146.7,171.5,163.4,154.5,154.9,165.7,148.4,172.1
..Region XI (Davao Region),….Poultry,100.1,97.5,99.3,103.1,101.7,101.4,102.8,105.2,107.8,111.6,108.5,114.7,116.9,119.9,118.9,120.7,124.8,113.6,122.1,123.6,125.2,132.1,136.8,138.7
..Region XI (Davao Region),..FISHERY,92.6,98.9,102.8,105.8,107.7,100.7,99.9,97.2,101.8,93.4,85.2,91.6,91.8,91.8,89.1,88.4,109.8,108.9,108.1,108.2,122.3,103.7,101.1,96.4
..Region XI (Davao Region),….Aquaculture,88.9,103.0,103.1,105.0,106.8,108.6,103.2,101.9,110.0,98.9,90.1,97.3,113.6,111.5,115.7,106.0,123.1,127.0,125.4,118.9,144.8,129.0,127.1,128.3
..Region XI (Davao Region),….Commercial Fishery,95.7,97.5,100.0,106.8,103.7,97.4,108.2,99.7,100.2,77.5,81.1,91.5,101.8,103.7,88.2,105.4,101.3,99.4,92.1,104.7,109.7,86.6,84.1,77.7
..Region XI (Davao Region),….Inland Municipal Fishery,90.3,100.8,102.2,106.7,94.7,80.8,106.1,99.7,105.2,112.9,108.0,99.0,102.7,106.3,91.0,100.2,110.9,100.3,104.5,106.7,85.5,81.9,115.5,110.1
..Region XI (Davao Region),….Marine Municipal Fishery,95.4,95.6,102.8,106.1,107.3,93.6,94.2,91.3,95.9,91.5,82.2,87.7,98.3,100.4,91.1,97.6,101.5,98.6,99.4,100.5,110.3,92.2,89.5,83.5
..Region XII (SOCCSKSARGEN),AGRICULTURE,100.0,100.5,101.6,97.9,99.9,97.2,95.5,93.1,87.5,90.4,90.2,88.1,97.6,102.9,98.1,101.5,111.9,120.7,117.1,127.8,132.2,133.7,130.3,125.9
..Region XII (SOCCSKSARGEN),..CROPS,100.3,103.7,100.4,95.6,93.4,91.9,88.2,84.5,77.5,84.6,83.1,77.2,85.3,91.9,89.1,93.0,97.2,104.2,103.3,113.0,110.7,115.0,112.0,109.9
..Region XII (SOCCSKSARGEN),….Cereals,103.8,102.9,101.6,91.7,87.5,87.6,81.8,73.9,78.0,88.9,80.5,74.2,80.4,90.9,95.6,97.1,94.3,104.0,106.4,104.9,98.5,104.0,103.1,105.5
..Region XII (SOCCSKSARGEN),….Rootcrops,94.1,97.5,103.2,105.3,122.4,133.5,126.3,133.1,141.9,158.5,150.2,150.0,139.1,119.3,138.5,138.4,138.9,136.3,150.1,161.6,148.1,171.5,176.3,189.6
..Region XII (SOCCSKSARGEN),….Beans and Legumes,100.6,92.3,96.7,110.4,114.4,102.1,103.9,105.3,100.9,99.7,82.9,80.7,100.0,99.1,105.3,119.3,114.3,102.9,107.0,110.0,106.9,109.9,104.6,107.7
..Region XII (SOCCSKSARGEN),….Condiments,90.2,96.5,97.7,115.6,115.6,173.3,191.9,131.9,120.1,195.9,162.4,129.6,125.8,104.7,110.8,94.5,111.9,98.8,80.5,89.4,72.9,54.9,87.5,50.2
..Region XII (SOCCSKSARGEN),….Fruit Vegetables,99.4,100.8,110.7,89.1,120.1,122.0,112.3,94.0,87.0,95.8,81.7,126.6,124.0,91.8,106.4,91.3,106.7,97.2,85.1,93.5,90.4,74.6,91.0,79.5
..Region XII (SOCCSKSARGEN),….Leafy Vegetables,94.5,98.1,101.8,105.6,105.0,106.6,109.3,114.3,111.7,90.5,83.9,108.3,98.8,82.3,89.5,75.8,76.6,89.8,95.8,88.0,77.8,75.3,85.9,99.1
..Region XII (SOCCSKSARGEN),….Fruits,97.9,95.3,96.3,110.5,116.4,121.6,124.6,125.0,115.1,120.1,120.3,120.4,106.8,110.0,90.7,91.1,90.6,91.0,87.8,95.5,106.9,106.5,106.3,117.6
..Region XII (SOCCSKSARGEN),….Commercial Crops,94.8,110.0,99.5,95.7,90.7,83.0,80.4,84.2,89.4,94.1,104.5,93.6,98.9,102.2,95.3,105.8,122.0,130.1,125.3,162.2,159.0,165.1,152.6,132.7
..Region XII (SOCCSKSARGEN),..LIVESTOCK AND POULTRY,96.6,100.8,102.0,100.6,96.2,92.8,91.2,94.5,86.1,87.1,86.7,98.2,118.8,120.3,107.1,109.5,139.5,144.8,125.7,143.1,176.7,173.6,174.3,171.4
..Region XII (SOCCSKSARGEN),….Livestock,97.2,100.4,101.3,101.1,95.7,90.7,88.5,90.7,90.6,91.9,91.2,108.7,134.6,137.0,116.7,119.1,126.8,134.5,108.1,128.4,160.0,155.4,152.5,152.2
..Region XII (SOCCSKSARGEN),….Poultry,95.1,101.5,103.7,99.6,97.3,97.7,97.8,103.7,103.1,103.5,103.8,106.3,109.7,110.2,107.1,109.7,115.5,115.3,116.5,121.5,147.2,148.0,155.6,148.4
..Region XII (SOCCSKSARGEN),..FISHERY,101.9,90.6,104.7,102.8,127.7,120.3,128.3,124.8,153.5,121.1,131.5,135.4,136.9,134.8,130.7,131.1,150.4,175.9,179.1,180.6,197.7,179.6,169.4,149.9
..Region XII (SOCCSKSARGEN),….Aquaculture,90.4,95.5,99.1,114.9,117.2,107.5,112.4,117.8,118.5,113.0,113.5,115.1,124.3,121.0,117.1,127.8,135.0,133.4,136.2,137.8,146.3,154.7,148.8,155.4
..Region XII (SOCCSKSARGEN),….Commercial Fishery,103.8,90.0,104.1,102.1,127.7,120.7,128.2,123.2,123.2,95.8,104.7,107.7,133.0,131.7,126.4,124.6,122.5,147.1,152.5,150.7,166.2,153.1,143.0,123.7
..Region XII (SOCCSKSARGEN),….Inland Municipal Fishery,83.3,93.0,108.0,115.7,100.6,86.7,100.6,111.5,91.9,96.5,99.4,92.7,92.8,97.3,105.2,113.4,122.2,119.8,88.1,110.6,130.7,127.4,128.0,127.0
..Region XII (SOCCSKSARGEN),….Marine Municipal Fishery,96.0,93.8,117.1,93.1,108.2,109.0,115.0,117.8,135.0,89.8,95.2,114.6,140.2,117.9,118.1,133.6,115.5,130.3,143.7,143.4,144.7,113.6,109.6,101.5
..Region XIII (Caraga),AGRICULTURE,101.2,101.7,101.4,95.6,94.3,93.1,93.3,95.7,88.1,92.5,89.2,87.3,101.8,102.7,101.5,99.4,122.0,128.4,124.5,126.9,127.0,127.6,132.3,134.5
..Region XIII (Caraga),..CROPS,104.1,102.4,100.8,92.7,89.1,88.4,86.9,88.9,79.9,86.7,82.5,79.1,94.5,94.8,93.4,90.4,109.9,113.0,108.8,113.2,111.1,113.1,120.2,123.8
..Region XIII (Caraga),….Cereals,96.7,100.9,106.2,96.2,90.6,83.4,79.7,83.9,83.6,95.7,87.9,73.2,83.4,84.4,84.1,79.0,84.8,87.0,88.2,87.8,93.7,98.4,109.7,109.8
..Region XIII (Caraga),….Rootcrops,94.7,100.7,103.3,101.3,103.0,105.1,112.9,104.9,108.9,108.6,100.9,112.2,116.6,113.5,109.7,106.2,124.8,136.1,131.5,134.3,134.6,138.6,143.8,145.2
..Region XIII (Caraga),….Beans and Legumes,112.3,92.7,97.3,97.7,111.9,102.7,96.2,100.0,104.6,91.8,84.6,92.5,150.8,115.2,99.3,94.7,157.1,132.6,105.9,110.5,138.7,127.5,104.9,113.6
..Region XIII (Caraga),….Condiments,98.1,92.8,107.7,101.3,108.7,131.1,135.8,147.1,138.4,147.9,171.7,158.5,156.3,124.6,134.4,143.9,143.1,157.2,132.0,130.0,130.9,129.5,124.9,148.4
..Region XIII (Caraga),….Fruit Vegetables,106.5,102.3,100.3,90.9,109.5,116.3,106.4,101.8,103.7,102.0,89.7,103.9,155.3,120.5,110.0,106.7,143.3,142.9,126.8,120.7,148.6,126.8,111.3,121.0
..Region XIII (Caraga),….Leafy Vegetables,107.2,96.4,100.6,95.8,111.7,103.9,112.7,117.7,115.6,100.3,95.3,101.5,130.5,105.5,108.0,110.0,120.7,119.3,116.4,114.9,132.6,123.2,120.8,123.1
..Region XIII (Caraga),….Fruits,101.3,100.5,99.7,98.6,105.8,109.2,113.6,116.9,109.8,119.8,117.2,121.9,120.8,112.5,109.3,104.7,111.9,106.2,110.3,122.5,120.2,117.4,116.8,121.6
..Region XIII (Caraga),….Commercial Crops,125.7,104.8,89.1,80.3,71.3,78.7,78.1,77.1,91.3,91.5,93.2,113.0,125.0,133.5,131.7,136.2,152.3,165.6,135.7,151.4,122.1,122.1,127.9,136.8
..Region XIII (Caraga),..LIVESTOCK AND POULTRY,96.8,99.6,101.5,102.1,102.0,99.5,100.8,101.4,97.6,98.5,97.5,101.7,121.2,126.6,124.9,123.7,187.5,237.6,230.7,231.3,228.7,212.8,207.8,211.5
..Region XIII (Caraga),….Livestock,96.5,99.6,101.8,102.2,101.6,98.7,100.2,101.0,95.5,96.6,95.6,100.3,128.2,134.2,132.9,131.0,147.7,196.9,189.2,192.2,192.2,170.6,165.1,168.8
..Region XIII (Caraga),….Poultry,98.6,99.8,100.0,101.6,104.1,104.1,103.7,103.0,104.6,103.7,102.7,103.9,112.8,116.4,113.0,114.0,134.0,138.5,139.7,133.6,127.1,140.7,142.9,142.7
..Region XIII (Caraga),..FISHERY,94.5,100.6,103.4,101.6,106.4,104.8,112.1,118.3,125.7,115.5,115.6,118.0,117.4,117.7,118.1,120.9,129.9,135.4,134.7,127.6,139.4,138.4,134.2,130.0
..Region XIII (Caraga),….Aquaculture,93.4,106.7,99.3,100.6,110.6,115.2,104.6,111.7,99.8,98.4,84.9,84.8,92.0,90.9,92.5,97.5,85.6,103.9,103.8,97.4,105.9,110.9,98.6,97.7
..Region XIII (Caraga),….Commercial Fishery,92.1,99.7,108.0,100.3,100.8,97.5,116.3,121.1,122.5,103.6,108.5,112.0,125.5,127.2,120.6,124.8,136.3,137.3,132.6,129.6,138.9,139.7,132.7,131.1
..Region XIII (Caraga),….Inland Municipal Fishery,103.3,98.4,102.5,95.8,102.1,103.1,111.1,112.8,97.2,106.6,113.1,103.1,87.9,88.4,86.4,93.3,103.3,98.0,86.1,94.7,86.3,91.5,91.9,108.7
..Region XIII (Caraga),….Marine Municipal Fishery,94.6,99.4,103.6,102.4,106.2,103.4,112.5,119.0,115.3,104.5,106.9,110.7,117.0,117.5,119.3,120.0,121.2,123.5,126.1,116.1,130.9,126.4,126.0,117.6
..Bangsamoro Autonomous Region in Muslim Mindanao (BARMM),AGRICULTURE,101.6,101.7,98.4,98.3,97.5,103.8,99.6,93.5,99.5,104.1,99.6,91.7,93.1,94.7,96.7,90.6,98.8,102.4,100.7,103.7,107.0,108.7,96.4,108.8
..Bangsamoro Autonomous Region in Muslim Mindanao (BARMM),..CROPS,103.4,101.6,98.2,96.8,96.9,104.2,99.0,90.2,99.2,103.4,97.7,87.2,89.6,89.1,91.2,82.7,91.6,93.1,93.8,96.4,100.5,104.8,90.7,102.9
..Bangsamoro Autonomous Region in Muslim Mindanao (BARMM),….Cereals,101.5,103.6,99.3,95.7,95.8,107.2,86.5,78.7,77.6,90.6,81.2,69.3,80.7,88.4,107.8,88.6,105.7,104.7,102.4,103.2,117.8,119.6,100.5,113.9
..Bangsamoro Autonomous Region in Muslim Mindanao (BARMM),….Rootcrops,100.1,97.2,95.9,106.8,117.2,123.1,155.2,128.3,166.1,148.6,172.4,134.7,143.3,117.0,92.2,83.1,97.7,100.9,106.8,108.8,124.5,157.8,101.7,151.1
..Bangsamoro Autonomous Region in Muslim Mindanao (BARMM),….Beans and Legumes,99.2,99.8,100.5,100.5,102.0,100.0,110.9,104.6,77.9,77.9,77.7,77.7,77.7,77.7,76.0,71.7,76.5,70.2,69.2,70.3,75.0,79.9,80.3,80.6
..Bangsamoro Autonomous Region in Muslim Mindanao (BARMM),….Condiments,97.3,98.9,102.8,101.1,108.8,119.6,107.9,106.6,109.9,112.0,110.1,113.5,112.0,103.0,106.9,110.7,109.6,111.1,145.3,154.1,102.9,79.6,81.5,83.4
..Bangsamoro Autonomous Region in Muslim Mindanao (BARMM),….Fruit Vegetables,102.0,100.5,98.7,98.8,99.3,94.8,111.2,102.0,94.1,63.5,63.0,65.0,68.5,63.3,63.0,61.6,66.8,68.8,73.8,80.7,79.6,77.5,78.8,90.0
..Bangsamoro Autonomous Region in Muslim Mindanao (BARMM),….Leafy Vegetables,107.3,105.1,96.6,91.1,103.8,107.1,106.8,100.6,95.5,95.8,94.1,100.5,98.3,91.5,87.5,76.7,80.2,77.6,78.9,78.2,80.6,78.9,81.3,95.1
..Bangsamoro Autonomous Region in Muslim Mindanao (BARMM),….Fruits,106.1,104.4,101.1,88.3,86.1,89.8,83.3,80.4,82.1,86.8,80.0,81.7,84.1,83.9,79.5,76.4,79.5,83.5,87.5,93.5,91.5,100.1,101.0,106.6
..Bangsamoro Autonomous Region in Muslim Mindanao (BARMM),….Commercial Crops,107.2,99.9,96.3,96.6,90.7,95.1,99.4,93.7,102.3,96.4,87.3,85.9,86.4,78.4,73.5,77.5,86.1,89.9,90.5,95.9,81.5,79.8,79.2,80.3
..Bangsamoro Autonomous Region in Muslim Mindanao (BARMM),..LIVESTOCK AND POULTRY,98.1,100.3,100.9,100.6,103.6,106.0,109.1,109.9,121.2,123.6,129.9,131.3,153.8,157.9,157.3,162.3,180.3,204.1,202.7,188.4,191.1,211.5,237.7,216.7
..Bangsamoro Autonomous Region in Muslim Mindanao (BARMM),….Livestock,98.9,100.7,100.7,99.7,101.2,102.7,105.7,106.3,106.4,108.3,113.4,113.6,123.3,126.9,129.5,133.4,131.0,158.0,157.8,141.5,148.2,160.3,190.4,169.1
..Bangsamoro Autonomous Region in Muslim Mindanao (BARMM),….Poultry,95.0,98.6,101.9,104.5,113.8,121.0,124.1,125.9,127.6,131.1,139.6,145.6,152.1,154.5,141.9,147.1,160.4,138.7,135.3,144.2,129.3,155.6,144.4,143.2
..Bangsamoro Autonomous Region in Muslim Mindanao (BARMM),..FISHERY,95.8,102.4,98.2,103.6,98.5,102.0,99.4,103.7,96.1,102.5,100.9,102.8,94.2,102.2,104.2,107.1,107.5,116.9,106.9,112.1,112.9,105.1,97.1,110.6
..Bangsamoro Autonomous Region in Muslim Mindanao (BARMM),….Aquaculture,93.0,100.8,100.7,105.5,101.1,104.6,101.0,109.5,99.8,118.3,120.4,117.7,115.3,115.7,120.0,122.1,121.2,153.0,150.7,142.4,146.3,159.4,114.8,106.0
..Bangsamoro Autonomous Region in Muslim Mindanao (BARMM),….Commercial Fishery,100.5,101.2,97.2,101.1,96.4,94.6,87.1,89.9,88.8,84.0,79.7,85.5,80.8,77.8,74.5,80.9,82.6,88.8,57.7,70.9,106.6,85.7,82.1,114.1
..Bangsamoro Autonomous Region in Muslim Mindanao (BARMM),….Inland Municipal Fishery,90.4,112.5,92.8,104.3,95.4,110.7,92.3,102.9,89.2,105.9,105.3,104.1,79.9,103.4,111.7,112.4,111.6,102.5,107.8,111.2,74.6,55.7,62.4,86.5
..Bangsamoro Autonomous Region in Muslim Mindanao (BARMM),….Marine Municipal Fishery,98.2,101.1,98.2,102.6,96.9,99.5,107.6,105.9,102.2,101.1,98.5,102.0,92.8,97.6,96.9,98.8,94.5,100.8,98.8,102.3,118.8,152.9,134.0,140.0
