"Geolocation","Commodity Description","2010 Jan","2010 Feb","2010 Mar","2010 Apr","2010 May","2010 Jun","2010 Jul","2010 Aug","2010 Sep","2010 Oct","2010 Nov","2010 Dec","2010 Ave"
"....Misamis Occidental","0 - ALL ITEMS",73.556672746956100,74.209191618098500,74.090551823345400,74.149871720721900,74.268511515475100,74.209191618098500,74.387151310228200,74.387151310228200,74.980350283994000,75.098990078747200,75.395589565630000,75.395589565630000,74.510734429762800
"....Misamis Occidental","01 - FOOD AND NON-ALCOHOLIC BEVERAGES",74.572686452263300,75.449367556771900,75.284989849676600,75.449367556771900,75.613745263867300,75.284989849676600,75.449367556771900,75.504160125803800,76.490426368375900,76.819181782566600,77.476692610948100,77.641070318043500,75.919670440961500
"....Misamis Occidental","01.1 - FOOD",73.965134570215700,74.827073501842400,74.665459952162400,74.827073501842400,74.988687051522400,74.719331135389100,74.880944685069100,74.934815868295700,75.958368349602400,76.335466632189100,76.928049647682500,76.981920830909100,75.334360477226800
"....Misamis Occidental","01.1.1 - Cereals and cereal products (ND)",78.146357358045600,78.643401327107400,78.753855542454500,78.643401327107400,78.864309757801500,78.864309757801500,78.864309757801500,79.029991080822100,81.404756710783900,82.564525971928100,82.895888617969200,82.674980187275100,79.945840616408100
"....Misamis Occidental","01.1.1.1 - Cereals (ND)",79.301909254441100,79.713941713779600,79.779720877892300,79.779720877892300,80.046753745808200,79.862857516667000,79.862857516667000,80.076706169265900,82.702529370438300,83.993188232031500,83.993188232031500,83.859671798073600,81.081087108749000
"....Misamis Occidental","01.1.1.12 - Rice",72.992700729927000,73.192955052917200,73.243018633664800,73.243018633664800,73.543400118150100,73.192955052917200,73.192955052917200,73.493336537402500,76.447087801507900,77.898931643186800,77.898931643186800,77.748740900944200,74.674002650032200
"....Misamis Occidental","01.1.1.16 - Corn",129.821727462517000,131.929534107665000,132.121152893587000,132.121152893587000,132.121152893587000,133.270865609123000,133.270865609123000,132.791818644316000,132.791818644316000,132.791818644316000,132.791818644316000,132.791818644316000,132.384628724231000
"....Misamis Occidental","01.1.1.20 - Flour, Bread and Other Bakery Products, Pasta Products,  and Other Cereals",75.290125068229800,76.476730664261800,76.832712343071400,76.061418705650600,76.002088425849000,77.129363742079400,77.129363742079400,77.129363742079400,77.129363742079400,77.129363742079400,79.502574934143400,78.849941856325800,77.055200892327400
"....Misamis Occidental","01.1.2 - Meat and other parts of slaughtered land animals (ND)",79.133052081020400,81.353465077837800,81.785212049441200,82.155280882244100,82.278637159845100,82.957096686650400,81.661855771840200,81.723533910640700,81.661855771840200,82.093602743443600,84.005625046258600,83.820590629857200,82.052483984243300
"....Misamis Occidental","01.1.2.2 - Meat, fresh, chilled or frozen (ND)",82.119035531719200,84.757902779104200,85.386204504672100,85.888845885126300,85.951676057683200,86.831298473478100,85.260544159558500,85.323374332115300,85.260544159558500,85.763185540012800,87.962241579500300,87.836581234386700,85.695119519742900
"....Misamis Occidental","01.1.2.3 - Meat, dried, salted, in brine or smoked (ND)",..,..,..,..,..,..,..,..,..,..,..,..,..
"....Misamis Occidental","01.1.2.4 - Offal, blood and other parts of slaughtered animals, fresh, chilled or frozen, dried, salted, in brine or smoked (ND)",82.264378957439100,84.907916766323900,85.537330530344100,86.040861541560200,86.103802917962200,86.984982187590500,85.411447777540000,85.474389153942000,85.411447777540000,85.914978788756200,88.117926962826800,87.992044210022800,85.846792297654000
"....Misamis Occidental","01.1.2.5 - Meat, offal, blood and other parts of slaughtered animals' preparations (ND)",79.463364293085600,79.463364293085600,79.463364293085600,79.463364293085600,79.463364293085600,79.463364293085600,79.463364293085600,79.463364293085600,79.905646469114000,79.979360165118700,79.463364293085600,80.642783429161100,79.641505725097000
"....Misamis Occidental","01.1.3 - Fish and other seafood (ND)",63.050264475737000,64.615341962723400,64.436475964210700,64.928357460120700,64.883640960492500,63.721011970159800,64.212893466069800,64.257609965698000,64.212893466069800,63.184413974621600,64.347042964954300,64.123460466813400,64.164450591472600
"....Misamis Occidental","01.1.3.1 - Fish, live, fresh, chilled or frozen (ND)",54.080372824177900,55.854069939311700,54.149929573791000,55.262837567600500,54.323821447823700,54.184707948597600,54.358599822630300,54.810718695115400,54.358599822630300,52.654459457109600,57.036534682734300,57.071313057540800,54.845497069921900
"....Misamis Occidental","01.1.3.2 - Fish, dried, salted, in brine or smoked (ND)",42.951068820828000,44.561733901609000,43.611854494994600,43.116265239369600,43.487957181088300,46.172398982390100,46.213698087025500,46.667988238015000,46.874483761192100,46.957081970462900,46.957081970462900,47.122278389004500,45.391157586370200
"....Misamis Occidental","01.1.3.3 - Fish preparations (ND)",45.238280303787400,44.950400338217800,45.526160269356900,45.526160269356900,45.526160269356900,45.567285978724000,45.567285978724000,45.567285978724000,45.567285978724000,45.567285978724000,45.567285978724000,43.511000510370100,45.306823152732500
"....Misamis Occidental","01.1.3.4 - Other seafood, live, fresh, chilled or frozen (ND)",78.653478414921400,80.546787730273700,81.141827800813000,81.628678767617900,82.007340630688400,79.302613037327900,80.168125867203300,79.951747659734500,80.114031315336100,78.923951174257500,79.248518485460700,79.032140277991900,80.059936763468900
"....Misamis Occidental","01.1.3.6 - Other seafood preparations (ND)",90.499490552953400,90.499490552953400,90.499490552953400,90.499490552953400,90.499490552953400,90.499490552953400,90.499490552953400,90.499490552953400,90.499490552953400,90.499490552953400,84.068447987974700,84.068447987974700,89.427650125457000
"....Misamis Occidental","01.1.4 - Milk, other dairy products and eggs (ND)",83.257980990643900,83.191639969934300,83.191639969934300,83.058957928514900,83.058957928514900,83.125298949224600,83.125298949224600,82.063842617869800,82.793593845676200,82.793593845676200,83.457004052773000,84.253096301289100,83.114242112439600
"....Misamis Occidental","01.1.4.1 - Raw and whole milk (ND)",..,..,..,..,..,..,..,..,..,..,..,..,..
"....Misamis Occidental","01.1.4.3 - Other milk and cream (ND)",..,..,..,..,..,..,..,..,..,..,..,..,..
"....Misamis Occidental","01.1.4.4 - Non-animal milk (ND)",..,..,..,..,..,..,..,..,..,..,..,..,..
"....Misamis Occidental","01.1.4.5 - Cheese (ND)",96.139475655299800,99.810255634865800,99.810255634865800,88.273518556229800,88.273518556229800,88.273518556229800,88.273518556229800,88.273518556229800,88.273518556229800,88.273518556229800,88.273518556229800,88.273518556229800,90.851804494258300
"....Misamis Occidental","01.1.4.6 - Yoghurt and similar products (ND)",..,..,..,..,..,..,..,..,..,..,..,..,..
"....Misamis Occidental","01.1.4.7 - Milk-based dessert and beverages (ND)",..,..,..,..,..,..,..,..,..,..,..,..,..
"....Misamis Occidental","01.1.4.8 - Eggs (ND)",74.177502399860400,74.177502399860400,74.177502399860400,74.177502399860400,74.177502399860400,74.177502399860400,74.177502399860400,74.177502399860400,74.177502399860400,74.177502399860400,74.177502399860400,74.177502399860400,74.177502399860400
"....Misamis Occidental","01.1.5 - Oils and fats (ND)",80.114570926209500,72.174011683965700,69.267199818501500,69.267199818501500,69.267199818501500,69.408995519255900,69.408995519255900,70.897850377176600,70.897850377176600,73.237479439623400,75.506210651693000,73.379275140377700,71.902236590853200
"....Misamis Occidental","01.1.5.1 - Vegetable oils (ND)",80.321914840239900,72.268342189887600,69.346249458343800,69.346249458343800,69.346249458343800,69.346249458343800,69.346249458343800,70.842931101329600,70.842931101329600,73.194859397450200,75.475517139142900,73.337400506306000,71.917928630617100
"....Misamis Occidental","01.1.5.2 - Butter and other fats and oils derived from milk (ND)",..,..,..,..,..,..,..,..,..,..,..,..,..
"....Misamis Occidental","01.1.5.3 - Margarine and similar preparations (ND)",..,..,..,..,..,..,..,..,..,..,..,..,..
"....Misamis Occidental","01.1.5.9 - Other animal oils and fats (ND)",..,..,..,..,..,..,..,..,..,..,..,..,..
"....Misamis Occidental","01.1.6 - Fruits and nuts (ND)",68.770160299968900,69.230674766263300,69.230674766263300,69.281843040296000,69.128338218197900,68.411982381739900,68.514318929805300,68.463150655772600,68.411982381739900,68.463150655772600,69.486516136426900,71.686751919833600,69.089962012673400
"....Misamis Occidental","01.1.6.1 - Dates, figs and tropical fruits, fresh (ND)",72.161505638913800,72.693277972288300,72.746455205625800,72.852809672300600,72.640100738950800,71.842442238889100,71.948796705564100,71.895619472226600,71.842442238889100,71.895619472226600,71.629733305539400,72.533746272275900,72.223545744474200
"....Misamis Occidental","01.1.6.2 - Citrus fruits, fresh (ND)",..,..,..,..,..,..,..,..,..,..,..,..,..
"....Misamis Occidental","01.1.6.3 - Stone fruits and pome fruits, fresh (ND)",0.000000000000000,0.000000000000000,0.000000000000000,0.000000000000000,0.000000000000000,0.000000000000000,0.000000000000000,0.000000000000000,0.000000000000000,0.000000000000000,0.000000000000000,0.000000000000000,0.000000000000000
"....Misamis Occidental","01.1.6.5 - Other fruits, fresh (ND)",0.000000000000000,0.000000000000000,0.000000000000000,0.000000000000000,0.000000000000000,0.000000000000000,0.000000000000000,0.000000000000000,0.000000000000000,0.000000000000000,0.000000000000000,0.000000000000000,0.000000000000000
"....Misamis Occidental","01.1.6.7 - Fruit, dried and dehydrated (ND)",90.618059237633000,91.285841545942800,91.352619776773800,91.486176238435700,91.219063315111800,90.217389852647200,90.350946314309100,90.284168083478100,90.217389852647200,90.284168083478100,89.950276929323300,91.085506853449800,90.695967173602500
"....Misamis Occidental","01.1.6.8 - Nuts, in shell or shelled (ND)",..,..,..,..,..,..,..,..,..,..,..,..,..
"....Misamis Occidental","01.1.6.9 - Fruit and nuts ground and other preparations (ND)",..,..,..,..,..,..,..,..,..,..,..,..,..
"....Misamis Occidental","01.1.7 - Vegetables, tubers, plantains, cooking bananas and pulses (ND)",64.026065562149300,64.748503537462700,63.303627586835900,63.484237080664300,64.161522682520600,63.168170466464700,63.303627586835900,62.716646731893800,62.942408599179200,63.574541827578500,62.310275370780000,63.800303694863900,63.461660893935700
"....Misamis Occidental","01.1.7.1 - Leafy or stem vegetables, fresh or chilled (ND)",59.747886804282200,60.788186632563300,60.649479988792500,60.649479988792500,60.649479988792500,62.348636374985100,62.348636374985100,62.348636374985100,62.348636374985100,62.348636374985100,56.592310658495900,61.308336546703900,61.010695206945700
"....Misamis Occidental","01.1.7.2 - Fruit-bearing vegetables, fresh or chilled (ND)",73.752105644436300,74.843113124383600,73.315702652457400,72.879299660478500,73.479353774449500,69.879029090623400,66.060502910808000,65.078596178855400,65.460448796837000,66.715107398776300,65.951402162813200,66.115053284805300,69.460809556643700
"....Misamis Occidental","01.1.7.3 - Green leguminous vegetables, fresh or chilled (ND)",0.000000000000000,0.000000000000000,0.000000000000000,0.000000000000000,0.000000000000000,0.000000000000000,0.000000000000000,0.000000000000000,0.000000000000000,0.000000000000000,0.000000000000000,0.000000000000000,0.000000000000000
"....Misamis Occidental","01.1.7.4 - Other vegetables, fresh or chilled (ND)",103.903028122872000,102.056220049591000,97.559643871166700,97.318755861608200,100.691187995426000,95.471947788326900,103.260660097383000,101.413852024102000,102.618292071894000,105.990724205712000,109.202564333158000,108.319308298110000,102.317182059946000
"....Misamis Occidental","01.1.7.5 - Tubers, plantains and cooking bananas (ND)",0.000000000000000,0.000000000000000,0.000000000000000,0.000000000000000,0.000000000000000,0.000000000000000,0.000000000000000,0.000000000000000,0.000000000000000,0.000000000000000,0.000000000000000,0.000000000000000,0.000000000000000
"....Misamis Occidental","01.1.7.9 - Vegetables, tubers, plantains, cooking bananas and pulses ground and other preparations (ND)",39.402955073832500,39.402955073832500,39.402955073832500,39.402955073832500,39.402955073832500,39.402955073832500,39.402955073832500,39.402955073832500,40.201064441419500,39.609872317281000,59.119212413852200,89.270010744916900,45.285316709010800
"....Misamis Occidental","01.1.8 - Sugar, confectionery and desserts (ND)",79.625142908007600,93.116215156176600,93.603006422863100,93.116215156176600,93.116215156176600,93.116215156176600,93.116215156176600,99.444501623101200,99.444501623101200,99.444501623101200,99.583584842154500,96.454212413455500,94.431710603055600
"....Misamis Occidental","01.1.8.1 - Cane and beet sugar (ND)",94.245002420972600,114.736805699661000,115.514975444421000,115.514975444421000,115.514975444421000,115.514975444421000,115.514975444421000,115.514975444421000,115.514975444421000,115.514975444421000,115.514975444421000,115.514975444421000,113.677630213737000
"....Misamis Occidental","01.1.8.3 - Jams, fruit jellies, marmalades, fruit purée and pastes, honey (ND)",..,..,..,..,..,..,..,..,..,..,..,..,..
"....Misamis Occidental","01.1.8.4 - Nut purée, nut butter and nut pastes (ND)",0.000000000000000,0.000000000000000,0.000000000000000,0.000000000000000,0.000000000000000,0.000000000000000,0.000000000000000,0.000000000000000,0.000000000000000,0.000000000000000,0.000000000000000,0.000000000000000,0.000000000000000
"....Misamis Occidental","01.1.8.5 - Chocolate, cocoa, and cocoa-based food products (ND)",74.480261022566200,90.674593006371800,91.289567638668200,91.289567638668200,91.289567638668200,91.289567638668200,91.289567638668200,91.289567638668200,91.289567638668200,91.289567638668200,91.289567638668200,91.289567638668200,89.837544201301700
"....Misamis Occidental","01.1.8.6 - Ice, ice cream and sorbet (ND)",72.381174238957700,72.242512985626400,72.242512985626400,72.242512985626400,72.242512985626400,72.242512985626400,72.450504865623400,72.589166118954700,72.589166118954700,72.589166118954700,72.589166118954700,72.589166118954700,72.415839552290500
"....Misamis Occidental","01.1.8.9 - Other sugar confectionery and desserts n.e.c. (ND)",49.976589122830700,50.327126321087100,50.327126321087100,47.522828735036500,47.522828735036500,47.522828735036500,47.522828735036500,81.349668366772100,81.349668366772100,81.349668366772100,82.175934619804800,65.249995618285000,61.016424336963100
"....Misamis Occidental","01.1.9 - Ready-made food and other food products n.e.c. (ND)",67.307517745947000,63.631247390301900,62.587368153513800,64.720512680863400,65.038215057277200,66.899043261986500,72.163825499700500,70.938402047818800,71.755351015739900,70.893015994045400,73.026160521395000,70.756857832725200,68.309793100109500
"....Misamis Occidental","01.1.9.2 - Baby food (ND)",0.000000000000000,0.000000000000000,0.000000000000000,0.000000000000000,0.000000000000000,0.000000000000000,0.000000000000000,0.000000000000000,0.000000000000000,0.000000000000000,0.000000000000000,0.000000000000000,0.000000000000000
"....Misamis Occidental","01.1.9.3 - Salt, condiments and sauces (ND)",65.506752968318900,66.270385201723500,65.622154002231200,65.622154002231200,65.622154002231200,66.477633797591700,67.350338018362200,67.803914554157400,68.733985405603000,68.705801440407700,65.746485094899000,66.054464022570000,66.626351875860600
"....Misamis Occidental","01.1.9.4 - Spices, culinary herbs and seeds (ND)",71.863230557232100,62.864102347777400,61.306560926910200,65.503269755357800,66.108980307917300,68.055907084001200,76.708914977707700,73.420771978099200,74.199542688532800,72.512206149260100,79.261552306351100,74.978313398966400,70.565279373176100
"....Misamis Occidental","01.1.9.9 - Other food products n.e.c. (ND)",69.658316426998900,69.658316426998900,69.658316426998900,69.658316426998900,69.658316426998900,69.658316426998900,69.658316426998900,69.658316426998900,69.658316426998900,69.658316426998900,69.658316426998900,75.121713793822300,70.113599540900800
"....Misamis Occidental","01.2 - NON-ALCOHOLIC BEVERAGES",84.383306596096000,84.895607676904900,85.554280495087800,85.554280495087800,85.554280495087800,83.431890303165100,83.431890303165100,83.431890303165100,83.431890303165100,83.431890303165100,85.773838101148700,87.457113080949400,84.694346538015700
"....Misamis Occidental","01.2.1 - Fruit and vegetable juices (ND)",80.291666205291400,80.361424386182200,80.431182567073000,80.431182567073000,80.431182567073000,80.431182567073000,80.431182567073000,80.431182567073000,80.431182567073000,80.431182567073000,76.873515341643100,76.873515341643100,79.820798484278600
"....Misamis Occidental","01.2.1.0 - Fruit and vegetable juices (ND)",80.291666205291400,80.361424386182200,80.431182567073000,80.431182567073000,80.431182567073000,80.431182567073000,80.431182567073000,80.431182567073000,80.431182567073000,80.431182567073000,76.873515341643100,76.873515341643100,79.820798484278600
"....Misamis Occidental","01.2.2 - Coffee and coffee substitutes (ND)",108.771929824561000,109.700722394221000,109.700722394221000,109.700722394221000,109.700722394221000,109.700722394221000,109.700722394221000,109.700722394221000,109.700722394221000,109.700722394221000,109.700722394221000,109.700722394221000,109.623323013416000
"....Misamis Occidental","01.2.2.0 - Coffee and coffee substitutes (ND)",108.727701606959000,109.649122807018000,109.649122807018000,109.649122807018000,109.649122807018000,109.741264927023000,109.741264927023000,109.741264927023000,109.741264927023000,109.741264927023000,109.741264927023000,109.741264927023000,109.626087277016000
"....Misamis Occidental","01.2.3 - Tea, maté and other plant products for infusion (ND)",..,..,..,..,..,..,..,..,..,..,..,..,..
"....Misamis Occidental","01.2.3.0 - Tea, maté and other plant products for infusion (ND)",..,..,..,..,..,..,..,..,..,..,..,..,..
"....Misamis Occidental","01.2.4 - Cocoa drinks (ND)",68.342387990796200,68.342387990796200,68.342387990796200,68.342387990796200,68.342387990796200,60.118615162028200,60.118615162028200,60.118615162028200,60.118615162028200,60.118615162028200,68.342387990796200,75.148268952535200,65.482972725621100
"....Misamis Occidental","01.2.4.0 - Cocoa drinks (ND)",68.342387990796200,68.342387990796200,68.342387990796200,68.342387990796200,68.342387990796200,60.118615162028200,60.118615162028200,60.118615162028200,60.118615162028200,60.118615162028200,68.342387990796200,75.148268952535200,65.482972725621100
"....Misamis Occidental","01.2.5 - Water (ND)",73.632250102838300,74.180721239544800,76.100370218017300,76.100370218017300,76.100370218017300,76.100370218017300,76.100370218017300,76.100370218017300,76.100370218017300,76.100370218017300,72.740984505690400,71.232688879747700,75.049133872663300
"....Misamis Occidental","01.2.5.0 - Water (ND)",73.632250102838300,74.180721239544800,76.100370218017300,76.100370218017300,76.100370218017300,76.100370218017300,76.100370218017300,76.100370218017300,76.100370218017300,76.100370218017300,72.740984505690400,71.232688879747700,75.049133872663300
"....Misamis Occidental","01.2.6 - Soft drinks (ND)",72.497176953247700,72.697629977081500,73.833530445473400,73.833530445473400,73.833530445473400,73.833530445473400,73.833530445473400,73.833530445473400,73.833530445473400,73.833530445473400,75.503972310755600,75.704425334589500,73.922620678288500
"....Misamis Occidental","01.2.6.0 - Soft drinks (ND)",72.497176953247700,72.697629977081500,73.833530445473400,73.833530445473400,73.833530445473400,73.833530445473400,73.833530445473400,73.833530445473400,73.833530445473400,73.833530445473400,75.503972310755600,75.704425334589500,73.922620678288500
"....Misamis Occidental","01.2.9 - Other non-alcoholic beverages (ND)",..,..,..,..,..,..,..,..,..,..,..,..,..
"....Misamis Occidental","01.2.9.0 - Other non-alcoholic beverages (ND)",..,..,..,..,..,..,..,..,..,..,..,..,..
"....Misamis Occidental","02 - ALCOHOLIC BEVERAGES AND TOBACCO",45.337936237126200,45.504466765086200,45.421201501106200,45.421201501106200,45.421201501106200,45.421201501106200,45.421201501106200,45.504466765086200,45.504466765086200,45.504466765086200,47.044874148716800,47.752628892547000,45.771609487022100
"....Misamis Occidental","02.1 - ALCOHOLIC BEVERAGES",60.621598380575500,60.835242780154600,60.995476079838900,60.995476079838900,60.995476079838900,60.995476079838900,60.995476079838900,61.209120479418000,61.209120479418000,61.209120479418000,61.956875877945000,62.223931377418900,61.186865854461900
"....Misamis Occidental","02.1.1 - Spirits and liquors (ND)",64.085114105530600,64.141826595889500,64.595526518760500,64.595526518760500,64.595526518760500,64.595526518760500,64.595526518760500,65.332788893425900,65.332788893425900,65.332788893425900,65.843201306655800,64.595526518760500,64.803472316743000
"....Misamis Occidental","02.1.1.0 - Spirits and liquors (ND)",64.085114105530600,64.141826595889500,64.595526518760500,64.595526518760500,64.595526518760500,64.595526518760500,64.595526518760500,65.332788893425900,65.332788893425900,65.332788893425900,65.843201306655800,64.595526518760500,64.803472316743000
"....Misamis Occidental","02.1.2 - Wine (ND)",59.628656578293000,59.628656578293000,59.628656578293000,59.628656578293000,59.628656578293000,59.628656578293000,59.628656578293000,59.628656578293000,59.628656578293000,59.628656578293000,63.623776569038700,63.623776569038700,60.294509910084000
"....Misamis Occidental","02.1.2.1 - Wine from grapes (ND)",0.000000000000000,0.000000000000000,0.000000000000000,0.000000000000000,0.000000000000000,0.000000000000000,0.000000000000000,0.000000000000000,0.000000000000000,0.000000000000000,0.000000000000000,0.000000000000000,0.000000000000000
"....Misamis Occidental","02.1.2.2 - Wine from other sources (ND)",..,..,..,..,..,..,..,..,..,..,..,..,..
"....Misamis Occidental","02.1.3 - Beer (ND)",59.258473077195200,59.602427730213800,59.602427730213800,59.602427730213800,59.602427730213800,59.602427730213800,59.602427730213800,59.602427730213800,59.602427730213800,59.602427730213800,59.160200319189900,60.585155310266700,59.618806523214700
"....Misamis Occidental","02.1.3.0 - Beer (ND)",59.258473077195200,59.602427730213800,59.602427730213800,59.602427730213800,59.602427730213800,59.602427730213800,59.602427730213800,59.602427730213800,59.602427730213800,59.602427730213800,59.160200319189900,60.585155310266700,59.618806523214700
"....Misamis Occidental","02.3 - TOBACCO",37.988422575976800,38.214544138929100,37.762301013024600,37.762301013024600,37.762301013024600,37.762301013024600,37.762301013024600,37.762301013024600,37.762301013024600,37.762301013024600,40.664194404245000,42.096297636275900,38.421822238302000
"....Misamis Occidental","02.3.0 - Tobacco (ND)",37.988422575976800,38.214544138929100,37.762301013024600,37.762301013024600,37.762301013024600,37.762301013024600,37.762301013024600,37.762301013024600,37.762301013024600,37.762301013024600,40.664194404245000,42.096297636275900,38.421822238302000
"....Misamis Occidental","02.3.0.1 - Cigarettes (ND)",37.766632424919900,37.917698954619600,37.464499365520600,37.464499365520600,37.464499365520600,37.464499365520600,37.464499365520600,37.464499365520600,37.464499365520600,37.464499365520600,40.410296694664300,41.883195359236200,38.141151529800400
"....Misamis Occidental","02.3.0.2 - Cigars (ND)",..,..,..,..,..,..,..,..,..,..,..,..,..
"....Misamis Occidental","02.3.0.9 - Other tobacco products (ND)",..,..,..,..,..,..,..,..,..,..,..,..,..
"....Misamis Occidental","02.4 - OTHER VEGETABLE-BASED TOBACCO PRODUCTS",..,..,..,..,..,..,..,..,..,..,..,..,..
"....Misamis Occidental","02.4.0 - Other vegetable-based tobacco products (ND)",..,..,..,..,..,..,..,..,..,..,..,..,..
"....Misamis Occidental","02.4.0.0 - Other vegetable-based tobacco products (ND)",..,..,..,..,..,..,..,..,..,..,..,..,..
"....Misamis Occidental","02.900 - NON-FOOD",73.620868028781900,74.072925990362100,74.008346281564900,73.943766572767800,74.008346281564900,74.266665116753700,74.460404243145200,74.395824534348000,74.589563660739500,74.524983951942400,74.395824534348000,74.137505699159300,74.202085407956500
"....Misamis Occidental","03 - CLOTHING AND FOOTWEAR",81.044252142074200,81.196590961890100,81.425099191614000,81.501268601522000,82.034454470877800,82.034454470877800,82.034454470877800,82.110623880785700,82.034454470877800,82.110623880785700,82.415301520417600,82.643809750141500,81.882115651061900
"....Misamis Occidental","03.1 - CLOTHING",83.630919365789700,83.709593796049100,83.945617086827500,83.866942656568000,84.575012528903000,84.496338098643600,84.575012528903000,84.732361389421900,84.653686959162500,84.732361389421900,85.125733540719100,85.283082401238000,84.443888478470600
"....Misamis Occidental","03.1.1 - Clothing materials (SD)",87.021265968207200,87.021265968207200,87.801725752675400,87.645633795781800,87.645633795781800,87.645633795781800,87.645633795781800,89.206553364718200,87.567587817334900,87.567587817334900,87.567587817334900,87.411495860441300,87.645633795781800
"....Misamis Occidental","03.1.1.0 - Clothing materials (SD)",87.021265968207200,87.021265968207200,87.801725752675400,87.645633795781800,87.645633795781800,87.645633795781800,87.645633795781800,89.206553364718200,87.567587817334900,87.567587817334900,87.567587817334900,87.411495860441300,87.645633795781800
"....Misamis Occidental","03.1.2 - Garments (SD)",86.237726770271100,86.400286104428100,86.725404772742100,86.562845438585100,87.619481110605400,87.619481110605400,87.619481110605400,87.863320111840800,87.700760777683900,87.782040444762400,88.350998114311700,88.513557448468700,87.416281942909200
"....Misamis Occidental","03.1.2.1 - Garments for men or boys (SD)",86.536503613864300,86.495182601732900,86.601283052843500,86.261761609289400,87.178658054371300,87.262419246947000,87.262419246947000,87.700206963422200,87.700206963422200,87.825289168129400,88.700864601079900,88.595883318282000,87.343389870027600
"....Misamis Occidental","03.1.2.2 - Garments for women or girls (SD)",85.934100077159900,86.247304812131800,86.763246862625800,86.419000544699600,87.389228906174200,87.410744301044600,87.352406433024300,87.469082169064900,87.060717092922900,87.060717092922900,87.352406433024300,87.659402851405300,87.009863131350100
"....Misamis Occidental","03.1.2.3 - Garments for infants (0 to under 2 years) (SD)",88.484897236858000,88.645778868197700,88.404456421188100,88.404456421188100,88.404456421188100,87.197844186140000,88.806660499537500,88.806660499537500,90.013272734585500,90.817680891284200,91.541648232313100,91.139444153963700,89.222271380498500
"....Misamis Occidental","03.1.2.4 - School uniforms (SD)",0.000000000000000,0.000000000000000,0.000000000000000,0.000000000000000,0.000000000000000,0.000000000000000,0.000000000000000,0.000000000000000,0.000000000000000,0.000000000000000,0.000000000000000,0.000000000000000,0.000000000000000
"....Misamis Occidental","03.1.3 - Other articles of clothing and clothing accessories (SD)",77.873189974503300,77.798022802713200,77.798022802713200,77.798022802713200,77.798022802713200,77.798022802713200,77.798022802713200,77.798022802713200,77.798022802713200,77.798022802713200,77.798022802713200,78.098691489873500,77.829342457625800
"....Misamis Occidental","03.1.3.1 - Other articles of clothing (SD)",79.991343931864400,79.836771286585400,79.836771286585400,79.836771286585400,79.836771286585400,79.836771286585400,79.836771286585400,79.836771286585400,79.836771286585400,79.836771286585400,79.836771286585400,79.836771286585400,79.849652340358700
"....Misamis Occidental","03.1.3.2 - Clothing accessories (SD)",43.791415959389500,45.628673726876900,49.632953476529100,45.628673726876900,45.628673726876900,45.628673726876900,49.632953476529100,49.632953476529100,48.290342031057500,47.748586535516300,49.703617236817100,68.433051849588600,49.115047412455300
"....Misamis Occidental","03.1.4 - Cleaning, repair, tailoring and hire of clothing (S)",95.338232361603000,94.679022457633400,95.173429885610600,95.173429885610600,95.173429885610600,94.596621219637200,95.503034837595400,95.503034837595400,95.667837313587800,95.832639789580200,95.832639789580200,95.832639789580200,95.358832671102100
"....Misamis Occidental","03.1.4.1 - Cleaning of clothing (S)",97.454721879216800,96.780877648418400,97.286260821517200,97.286260821517200,97.286260821517200,96.696647119568600,97.623182936916400,97.623182936916400,97.791643994616000,97.960105052315600,97.960105052315600,97.960105052315600,97.475779511429300
"....Misamis Occidental","03.1.4.2 - Repair, tailoring and hire of clothing (S)",74.634953154794300,74.118894706014400,74.505938542599300,74.505938542599300,74.505938542599300,74.054387399916900,74.763967766989300,74.763967766989300,74.892982379184300,75.021996991379200,75.021996991379200,75.021996991379200,74.651079981318700
"....Misamis Occidental","03.2 - FOOTWEAR",75.062833495454100,75.414251255264200,75.414251255264200,75.976519670960500,76.187370326846600,76.187370326846600,75.976519670960500,75.976519670960500,75.976519670960500,75.976519670960500,75.976519670960500,76.468504534694800,75.882808268344500
"....Misamis Occidental","03.2.1 - Shoes and other footwear (SD)",79.404077210659800,79.922090761894300,79.848088826003700,80.736112056691400,81.032119800254000,80.958117864363300,80.662110120800800,80.736112056691400,80.736112056691400,80.736112056691400,80.736112056691400,80.736112056691400,80.520273077010400
"....Misamis Occidental","03.2.1.1 - Footwear for men (SD)",83.136105337770500,83.536568272923500,83.136105337770500,86.019438470872300,86.419901406025400,86.179623644933500,85.378697774627500,85.618975535719300,85.618975535719300,85.618975535719300,85.618975535719300,85.618975535719300,85.158443160293300
"....Misamis Occidental","03.2.1.2 - Footwear for women (SD)",85.872901916126200,86.801257612516700,86.801257612516700,86.491805713719900,86.801257612516700,86.801257612516700,86.801257612516700,86.801257612516700,86.801257612516700,86.801257612516700,86.801257612516700,86.801257612516700,86.698106979584400
"....Misamis Occidental","03.2.1.3 - Footwear for infants and children (SD)",71.724233886396100,71.724233886396100,71.724233886396100,72.489477894883300,72.489477894883300,72.489477894883300,72.489477894883300,72.489477894883300,72.489477894883300,72.489477894883300,72.489477894883300,72.559045532018500,72.303964195856100
"....Misamis Occidental","03.2.2 - Cleaning, repair, and hire of footwear (S)",58.872156932838800,58.872156932838800,58.872156932838800,58.872156932838800,58.872156932838800,58.872156932838800,58.872156932838800,58.872156932838800,58.872156932838800,58.872156932838800,58.872156932838800,60.268555342061800,58.988523466940700
"....Misamis Occidental","03.2.2.0 - Cleaning, repair, and hire of footwear (S)",58.872156932838800,58.872156932838800,58.872156932838800,58.872156932838800,58.872156932838800,58.872156932838800,58.872156932838800,58.872156932838800,58.872156932838800,58.872156932838800,58.872156932838800,60.268555342061800,58.988523466940700
"....Misamis Occidental","04 - HOUSING, WATER, ELECTRICITY, GAS, AND OTHER FUELS",65.956197540028500,66.138733142076600,65.591126335932400,65.286900332519000,65.286900332519000,65.347745533201700,65.712816737297800,65.530281135249800,65.956197540028500,65.773661937980500,65.712816737297800,64.982674329105600,65.606337636103100
"....Misamis Occidental","04.1 - ACTUAL RENTALS FOR HOUSING",86.252997291655900,86.252997291655900,86.252997291655900,86.252997291655900,86.252997291655900,86.252997291655900,86.252997291655900,86.252997291655900,86.252997291655900,86.252997291655900,86.252997291655900,83.837913367489500,86.051740297975400
"....Misamis Occidental","04.1.1 - Actual rentals paid by tenants for main residence (S)",86.252997291655900,86.252997291655900,86.252997291655900,86.252997291655900,86.252997291655900,86.252997291655900,86.252997291655900,86.252997291655900,86.252997291655900,86.252997291655900,86.252997291655900,83.837913367489500,86.051740297975400
"....Misamis Occidental","04.1.1.0 - Actual rentals paid by tenants for main residence (S)",86.252997291655900,86.252997291655900,86.252997291655900,86.252997291655900,86.252997291655900,86.252997291655900,86.252997291655900,86.252997291655900,86.252997291655900,86.252997291655900,86.252997291655900,83.837913367489500,86.051740297975400
"....Misamis Occidental","04.3 - MAINTENANCE, REPAIR AND SECURITY OF THE DWELLING",80.823031320414000,82.941243443471500,81.551166737715000,80.094895903113000,80.028701774267400,80.425866547340700,81.087807835796200,81.815943253097200,81.484972608869500,81.815943253097200,82.411690412707100,80.955419578105100,81.286390222332800
"....Misamis Occidental","04.3.1 - Security equipment and materials for the maintenance and repair of the dwelling (ND)",84.428090877256300,86.749365960291600,85.024990184322500,83.234292263123800,83.167970117894200,84.096480151108400,84.494413022485800,85.422923055700000,84.958668039092900,85.356600910470400,86.152466653225400,84.361768732026700,84.787335830583200
"....Misamis Occidental","04.3.1.1 - Materials for the maintenance and repair of the dwelling (ND)",84.428090877256300,86.749365960291600,85.024990184322500,83.234292263123800,83.167970117894200,84.096480151108400,84.494413022485800,85.422923055700000,84.958668039092900,85.356600910470400,86.152466653225400,84.361768732026700,84.787335830583200
"....Misamis Occidental","04.3.2 - Services for the maintenance, repair and security of the dwelling (S)",63.304616057503600,64.519553133354700,64.519553133354700,64.519553133354700,64.519553133354700,62.729119547890000,64.519553133354700,64.519553133354700,64.519553133354700,64.519553133354700,64.519553133354700,64.519553133354700,64.269105578245000
"....Misamis Occidental","04.3.2.0 - Services for the maintenance, repair and security of the dwelling (S)",63.304616057503600,64.519553133354700,64.519553133354700,64.519553133354700,64.519553133354700,62.729119547890000,64.519553133354700,64.519553133354700,64.519553133354700,64.519553133354700,64.519553133354700,64.519553133354700,64.269105578245000
"....Misamis Occidental","04.4 - WATER SUPPLY AND MISCELLANEOUS SERVICES RELATING TO THE DWELLING",84.332597695748100,84.332597695748100,84.332597695748100,84.332597695748100,84.332597695748100,84.332597695748100,84.332597695748100,84.332597695748100,84.332597695748100,84.332597695748100,84.332597695748100,84.332597695748100,84.332597695748100
"....Misamis Occidental","04.4.1 - Water supply (ND)",84.332597695748100,84.332597695748100,84.332597695748100,84.332597695748100,84.332597695748100,84.332597695748100,84.332597695748100,84.332597695748100,84.332597695748100,84.332597695748100,84.332597695748100,84.332597695748100,84.332597695748100
"....Misamis Occidental","04.4.1.1 - Water supply through network systems (ND)",84.332597695748100,84.332597695748100,84.332597695748100,84.332597695748100,84.332597695748100,84.332597695748100,84.332597695748100,84.332597695748100,84.332597695748100,84.332597695748100,84.332597695748100,84.332597695748100,84.332597695748100
"....Misamis Occidental","04.5 - ELECTRICITY, GAS AND OTHER FUELS",43.190502282048800,43.298930321250600,42.503791367104100,42.106221890030800,42.178507249498700,42.214649929232600,42.792932804975500,42.359220648168400,43.118216922580900,42.829075484709500,42.684504765773800,43.009788883379100,42.690528545729400
"....Misamis Occidental","04.5.1 - Electricity (ND)",33.905857963517300,33.905857963517300,33.905857963517300,33.905857963517300,33.905857963517300,34.035023136711700,34.196479603204600,34.196479603204600,34.196479603204600,34.196479603204600,34.196479603204600,34.680849002683400,34.102296664417000
"....Misamis Occidental","04.5.1.0 - Electricity (ND)",33.905857963517300,33.905857963517300,33.905857963517300,33.905857963517300,33.905857963517300,34.035023136711700,34.196479603204600,34.196479603204600,34.196479603204600,34.196479603204600,34.196479603204600,34.680849002683400,34.102296664417000
"....Misamis Occidental","04.5.2 - Gas (ND)",76.168398393840300,74.703621501651100,79.480067889224700,75.977340538337300,76.805257912183500,76.232084345674600,80.690100974076600,76.677886008514800,83.492282854786500,80.753786925911000,79.352695985556000,79.671125744727600,78.333720756207000
"....Misamis Occidental","04.5.2.2 - Liquefied hydrocarbons (ND)",..,..,..,..,..,..,..,..,..,..,..,..,..
"....Misamis Occidental","04.5.3 - Liquid fuels (ND)",..,..,..,..,..,..,..,..,..,..,..,..,..
"....Misamis Occidental","04.5.3.0 - Liquid fuels (ND)",..,..,..,..,..,..,..,..,..,..,..,..,..
"....Misamis Occidental","04.5.4 - Solid fuels (ND)",74.354488416988400,75.762146074646100,68.824404761904800,68.824404761904800,68.824404761904800,68.824404761904800,68.824404761904800,68.824404761904800,68.824404761904800,68.824404761904800,69.025498712998700,69.025498712998700,69.896905834405800
"....Misamis Occidental","04.5.4.2 - Wood fuel, including pellets and briquettes (ND)",74.735598319529600,75.941821829730500,68.804999394375300,68.804999394375300,68.804999394375300,68.804999394375300,68.804999394375300,68.804999394375300,68.804999394375300,68.804999394375300,68.804999394375300,68.804999394375300,69.893951174417700
"....Misamis Occidental","04.5.4.3 - Charcoal (ND)",54.110234870564000,60.985627750157200,60.985627750157200,60.985627750157200,60.985627750157200,60.985627750157200,60.985627750157200,60.985627750157200,60.985627750157200,60.985627750157200,67.057403280187400,67.057403280187400,61.424640931862800
"....Misamis Occidental","05 - FURNISHINGS, HOUSEHOLD EQUIPMENT AND ROUTINE HOUSEHOLD MAINTENANCE",74.536381156590200,74.727827341067800,76.259396816888100,75.940319842758900,75.940319842758900,76.067950632410600,76.004135237584700,76.706104580669100,77.471889318579200,77.599520108230900,75.748873658281300,77.216627739275800,76.184945522924600
"....Misamis Occidental","05.1 - FURNITURE, FURNISHINGS, AND LOOSE CARPETS",84.722303775594900,70.995917925363500,86.933777051465600,83.349665190571800,83.349665190571800,86.933777051465600,86.933777051465600,87.315065547305300,87.315065547305300,87.315065547305300,87.315065547305300,87.315065547305300,84.982850914418800
"....Misamis Occidental","05.1.1 - Furniture, furnishings and loose carpets (D)",85.685969790104100,71.803454432571500,87.922597264373200,84.297718254350800,84.297718254350800,87.922597264373200,87.922597264373200,88.308222690971300,88.308222690971300,88.308222690971300,88.308222690971300,88.308222690971300,85.949480498279500
"....Misamis Occidental","05.1.1.1 - Household furniture (D)",90.042034510112800,85.812114090346100,90.857018311857900,89.725654188264200,89.725654188264200,90.857018311857900,90.857018311857900,91.774458307799300,91.774458307799300,91.774458307799300,91.774458307799300,91.774458307799300,90.562400287629800
"....Misamis Occidental","05.1.1.3 - Lighting equipment (D)",..,..,..,..,..,..,..,..,..,..,..,..,..
"....Misamis Occidental","05.1.1.4 - Furnishings, loose carpets and rugs (D)",79.741611498754800,58.204109138693400,83.110975364899400,77.561434879484800,77.561434879484800,83.110975364899400,83.110975364899400,83.110975364899400,83.110975364899400,83.110975364899400,83.110975364899400,83.110975364899400,79.829699442967700
"....Misamis Occidental","05.2 - HOUSEHOLD TEXTILES",95.926776436865800,94.298138466800200,95.438185045846200,94.542434162310000,95.031025553329800,94.542434162310000,94.542434162310000,92.425204801224700,93.158091887754300,93.158091887754300,92.588068598231300,92.588068598231300,94.019912813580700
"....Misamis Occidental","05.2.1 - Household textiles (SD)",95.926776436865800,94.298138466800200,95.438185045846200,94.542434162310000,95.031025553329800,94.542434162310000,94.542434162310000,92.425204801224700,93.158091887754300,93.158091887754300,92.588068598231300,92.588068598231300,94.019912813580700
"....Misamis Occidental","05.2.1.1 - Furnishing fabrics and curtains (SD)",..,..,..,..,..,..,..,..,..,..,..,..,..
"....Misamis Occidental","05.2.1.2 - Bed linen and bedding (SD)",97.760827386355100,96.511753782611200,98.510271548601400,97.261197944857600,98.093913680686800,97.261197944857600,97.261197944857600,97.677555812772200,99.176444137264900,99.176444137264900,98.010642107103900,98.093913680686800,97.899613342326700
"....Misamis Occidental","05.2.1.3 - Table linen and bathroom linen (SD)",74.274737352086800,73.080811793973700,73.772031853933900,72.703782670359000,73.143649981242800,72.703782670359000,72.703782670359000,73.332164543050100,73.332164543050100,73.332164543050100,73.332164543050100,73.332164543050100,73.253616808963700
"....Misamis Occidental","05.2.1.9 - Other household textiles (SD)",85.334272828542400,83.096233524240500,83.096233524240500,83.096233524240500,83.096233524240500,83.096233524240500,83.096233524240500,74.144076307033000,74.144076307033000,74.144076307033000,74.144076307033000,74.144076307033000,79.552671292429200
"....Misamis Occidental","05.3 - HOUSEHOLD APPLIANCES",90.708893546381100,88.848652565449500,88.848652565449500,88.848652565449500,88.848652565449500,88.848652565449500,88.848652565449500,88.848652565449500,88.848652565449500,88.848652565449500,88.848652565449500,88.848652565449500,89.003672647193800
"....Misamis Occidental","05.3.1 - Major household appliances, whether electric or not (D)",94.953235531500700,92.381585402522600,92.381585402522600,92.381585402522600,92.381585402522600,92.381585402522600,92.381585402522600,92.381585402522600,92.381585402522600,92.381585402522600,92.381585402522600,92.381585402522600,92.595889579937400
"....Misamis Occidental","05.3.1.1 - Major kitchen appliances (D)",94.864659752087000,92.295408550468000,92.295408550468000,92.295408550468000,92.295408550468000,92.295408550468000,92.295408550468000,92.295408550468000,92.295408550468000,92.295408550468000,92.295408550468000,92.295408550468000,92.509512817269600
"....Misamis Occidental","05.3.1.2 - Major laundry appliances (D)",..,..,..,..,..,..,..,..,..,..,..,..,..
"....Misamis Occidental","05.3.1.3 - Heaters, air conditioners (D)",..,..,..,..,..,..,..,..,..,..,..,..,..
"....Misamis Occidental","05.3.2 - Small household appliances (SD)",87.268527012560600,86.071974996849100,86.071974996849100,86.071974996849100,86.071974996849100,86.071974996849100,86.071974996849100,86.071974996849100,86.071974996849100,86.071974996849100,86.071974996849100,86.071974996849100,86.171687664825100
"....Misamis Occidental","05.3.2.1 - Small appliances for cooking and processing of food (SD)",87.268527012560600,86.071974996849100,86.071974996849100,86.071974996849100,86.071974996849100,86.071974996849100,86.071974996849100,86.071974996849100,86.071974996849100,86.071974996849100,86.071974996849100,86.071974996849100,86.171687664825100
"....Misamis Occidental","05.3.2.9 - Other small household appliances (SD)",0.000000000000000,0.000000000000000,0.000000000000000,0.000000000000000,0.000000000000000,0.000000000000000,0.000000000000000,0.000000000000000,0.000000000000000,0.000000000000000,0.000000000000000,0.000000000000000,0.000000000000000
"....Misamis Occidental","05.3.3 - Repair, installation and hire of household appliances (S)",87.683301380491000,86.481062330484300,86.481062330484300,86.481062330484300,86.481062330484300,86.481062330484300,86.481062330484300,86.481062330484300,86.481062330484300,86.481062330484300,86.481062330484300,86.481062330484300,86.581248917984900
"....Misamis Occidental","05.3.3.0 - Repair, installation and hire of household appliances (S)",87.683301380491000,86.481062330484300,86.481062330484300,86.481062330484300,86.481062330484300,86.481062330484300,86.481062330484300,86.481062330484300,86.481062330484300,86.481062330484300,86.481062330484300,86.481062330484300,86.581248917984900
"....Misamis Occidental","05.4 - GLASSWARE, TABLEWARE AND HOUSEHOLD UTENSILS",89.613804234009500,89.525514771709900,89.348935847110900,89.525514771709900,89.525514771709900,89.437225309410400,89.525514771709900,89.702093696309000,97.824724227864500,99.502224011555300,90.849856706202700,92.350777565294500,91.394308390383000
"....Misamis Occidental","05.4.0 - Glassware, tableware and household utensils (SD)",89.613804234009500,89.525514771709900,89.348935847110900,89.525514771709900,89.525514771709900,89.437225309410400,89.525514771709900,89.702093696309000,97.824724227864500,99.502224011555300,90.849856706202700,92.350777565294500,91.394308390383000
"....Misamis Occidental","05.4.0.1 - Glassware, crystal-ware, ceramic ware and chinaware (SD)",76.036375802183800,76.036375802183800,76.036375802183800,76.036375802183800,76.036375802183800,76.036375802183800,76.036375802183800,76.036375802183800,66.227683323702100,66.227683323702100,77.557103318227400,85.845068280665500,75.345712055313900
"....Misamis Occidental","05.4.0.2 - Cutlery, flatware and silverware (SD)",0.000000000000000,0.000000000000000,0.000000000000000,0.000000000000000,0.000000000000000,0.000000000000000,0.000000000000000,0.000000000000000,0.000000000000000,0.000000000000000,0.000000000000000,0.000000000000000,0.000000000000000
"....Misamis Occidental","05.4.0.3 - Kitchen utensils and articles (SD)",96.391381130423600,96.391381130423600,95.745061826527900,96.160552807603700,96.391381130423600,96.068221478475800,96.160552807603700,96.853037776063300,103.068360241898000,107.731092362860000,99.392149327081900,101.146444580513000,98.458301383324800
"....Misamis Occidental","05.5 - TOOLS AND EQUIPMENT FOR HOUSE AND GARDEN",0.000000000000000,0.000000000000000,0.000000000000000,0.000000000000000,0.000000000000000,0.000000000000000,0.000000000000000,0.000000000000000,0.000000000000000,0.000000000000000,0.000000000000000,0.000000000000000,0.000000000000000
"....Misamis Occidental","05.5.1 - Motorized tools and equipment (D)",..,..,..,..,..,..,..,..,..,..,..,..,..
"....Misamis Occidental","05.5.1.0 - Motorized tools and equipment (D)",..,..,..,..,..,..,..,..,..,..,..,..,..
"....Misamis Occidental","05.5.2 - Non-motorized tools and miscellaneous accessories (SD)",0.000000000000000,0.000000000000000,0.000000000000000,0.000000000000000,0.000000000000000,0.000000000000000,0.000000000000000,0.000000000000000,0.000000000000000,0.000000000000000,0.000000000000000,0.000000000000000,0.000000000000000
"....Misamis Occidental","05.5.2.1 - Non-motorized tools (SD)",0.000000000000000,0.000000000000000,0.000000000000000,0.000000000000000,0.000000000000000,0.000000000000000,0.000000000000000,0.000000000000000,0.000000000000000,0.000000000000000,0.000000000000000,0.000000000000000,0.000000000000000
"....Misamis Occidental","05.5.2.2 - Miscellaneous accessories (SD)",0.000000000000000,0.000000000000000,0.000000000000000,0.000000000000000,0.000000000000000,0.000000000000000,0.000000000000000,0.000000000000000,0.000000000000000,0.000000000000000,0.000000000000000,0.000000000000000,0.000000000000000
"....Misamis Occidental","05.6 - GOODS AND SERVICES FOR ROUTINE HOUSEHOLD MAINTENANCE",68.427580262590800,70.072474018903100,71.004580480813400,70.840091105182200,70.785261313305100,70.730431521428000,70.620771937673900,71.552878399584200,71.662537983338300,71.662537983338300,70.072474018903100,71.991516734600800,70.785261313305100
"....Misamis Occidental","05.6.1 - Non-durable household goods (ND)",79.901848222534300,82.037904315367300,82.104656068268400,81.637393797961100,81.570642045060100,81.437138539258000,81.236883280554900,81.236883280554900,81.503890292159100,81.503890292159100,82.037904315367300,84.240712161101400,81.704145550862200
"....Misamis Occidental","05.6.1.1 - Household cleaning and maintenance products (ND)",80.547965696852000,82.514315573549300,82.582798939737100,82.125194153567400,82.045295266611500,81.914551041991600,81.653062592751800,81.653062592751800,81.979923154301600,81.979923154301600,82.110667378921500,83.947302525741900,82.087838505923300
"....Misamis Occidental","05.6.1.9 - Other non-durable household goods (ND)",74.166027273044300,80.378317580999600,80.378317580999600,80.378317580999600,80.378317580999600,80.378317580999600,80.378317580999600,80.378317580999600,80.378317580999600,80.378317580999600,88.824852648833400,99.560126251177100,82.162988700170900
"....Misamis Occidental","05.6.2 - Domestic services and household services (S)",56.252853561675700,57.501959804622600,59.052574451039300,59.052574451039300,59.052574451039300,59.052574451039300,59.052574451039300,60.603189097456100,60.603189097456100,60.603189097456100,57.501959804622600,59.052574451039300,58.948482264127100
"....Misamis Occidental","05.6.2.1 - Domestic services by paid staff (S)",56.252853561675700,57.501959804622600,59.052574451039300,59.052574451039300,59.052574451039300,59.052574451039300,59.052574451039300,60.603189097456100,60.603189097456100,60.603189097456100,57.501959804622600,59.052574451039300,58.948482264127100
"....Misamis Occidental","06 - HEALTH",65.518442450666000,65.458388882883500,65.398335315101100,65.398335315101100,65.338281747318600,65.338281747318600,65.038013908406300,65.098067476188800,65.218174611753700,65.218174611753700,65.158121043971200,65.578496018448400,65.313259427409300
"....Misamis Occidental","06.1 - MEDICINES AND HEALTH PRODUCTS",84.404849019858400,84.249977737253100,84.017670813345200,83.862799530740000,83.707928248134700,83.707928248134700,82.159215422082300,82.623829269898100,83.088443117713800,83.165878759016400,82.701264911200700,84.714591585068900,83.533698055203900
"....Misamis Occidental","06.1.1 - Medicines (ND)",84.440127928340300,84.285475679387300,84.053497305957800,83.898845057004800,83.744192808051800,83.744192808051800,82.197670318521800,82.661627065380800,83.125583812239800,83.202909936716300,82.738953189857300,84.749432426246300,83.570209027979700
"....Misamis Occidental","06.1.1.1 - Medicines, vaccines and other pharmaceutical preparations (ND)",84.440127928340300,84.285475679387300,84.053497305957800,83.898845057004800,83.744192808051800,83.744192808051800,82.197670318521800,82.661627065380800,83.125583812239800,83.202909936716300,82.738953189857300,84.749432426246300,83.570209027979700
"....Misamis Occidental","06.1.2 - Medical products (ND)",..,..,..,..,..,..,..,..,..,..,..,..,..
"....Misamis Occidental","06.1.2.1 - Medical diagnostic products (ND)",..,..,..,..,..,..,..,..,..,..,..,..,..
"....Misamis Occidental","06.1.2.2 - Prevention and protective devices (ND)",0.000000000000000,0.000000000000000,0.000000000000000,0.000000000000000,0.000000000000000,0.000000000000000,0.000000000000000,0.000000000000000,0.000000000000000,0.000000000000000,0.000000000000000,0.000000000000000,0.000000000000000
"....Misamis Occidental","06.1.2.3 - Treatment devices for personal use (ND)",..,..,..,..,..,..,..,..,..,..,..,..,..
"....Misamis Occidental","06.1.3 - Assistive products (D)",92.838848142950000,92.838848142950000,92.838848142950000,92.838848142950000,92.838848142950000,92.838848142950000,92.838848142950000,92.838848142950000,92.838848142950000,92.838848142950000,92.838848142950000,92.838848142950000,92.838848142950000
"....Misamis Occidental","06.1.3.1 - Assistive products for vision (D)",92.838848142950000,92.838848142950000,92.838848142950000,92.838848142950000,92.838848142950000,92.838848142950000,92.838848142950000,92.838848142950000,92.838848142950000,92.838848142950000,92.838848142950000,92.838848142950000,92.838848142950000
"....Misamis Occidental","06.2 - OUTPATIENT CARE SERVICES",60.695872573900000,60.695872573900000,60.695872573900000,60.695872573900000,60.695872573900000,60.695872573900000,60.695872573900000,60.695872573900000,60.695872573900000,60.695872573900000,60.695872573900000,60.749255047579800,60.700321113373300
"....Misamis Occidental","06.2.1 - Preventive care services (S)",58.356322576506100,58.356322576506100,58.356322576506100,58.356322576506100,58.356322576506100,58.356322576506100,58.356322576506100,58.356322576506100,58.356322576506100,58.356322576506100,58.356322576506100,58.356322576506100,58.356322576506100
"....Misamis Occidental","06.2.1.9 - Other preventive services (S)",58.355069248120200,58.355069248120200,58.355069248120200,58.355069248120200,58.355069248120200,58.355069248120200,58.355069248120200,58.355069248120200,58.355069248120200,58.355069248120200,58.355069248120200,58.355069248120200,58.355069248120200
"....Misamis Occidental","06.2.2 - Outpatient dental services (S)",75.239669421487600,75.239669421487600,75.239669421487600,75.239669421487600,75.239669421487600,75.239669421487600,75.239669421487600,75.239669421487600,75.239669421487600,75.239669421487600,75.239669421487600,78.611570247933900,75.520661157024800
"....Misamis Occidental","06.2.2.1 - Dental preventive services (S)",75.239669421487600,75.239669421487600,75.239669421487600,75.239669421487600,75.239669421487600,75.239669421487600,75.239669421487600,75.239669421487600,75.239669421487600,75.239669421487600,75.239669421487600,78.611570247933900,75.520661157024800
"....Misamis Occidental","06.2.3 - Other outpatient care services (S)",..,..,..,..,..,..,..,..,..,..,..,..,..
"....Misamis Occidental","06.2.3.1 - Outpatient curative and rehabilitative services (S)",..,..,..,..,..,..,..,..,..,..,..,..,..
"....Misamis Occidental","06.3 - INPATIENT CARE SERVICES",50.887089057313000,50.887089057313000,50.887089057313000,50.887089057313000,50.887089057313000,50.887089057313000,50.887089057313000,50.887089057313000,50.887089057313000,50.887089057313000,50.887089057313000,50.887089057313000,50.887089057313000
"....Misamis Occidental","06.3.1 - Inpatient curative and rehabilitative services (S)",50.887089057313000,50.887089057313000,50.887089057313000,50.887089057313000,50.887089057313000,50.887089057313000,50.887089057313000,50.887089057313000,50.887089057313000,50.887089057313000,50.887089057313000,50.887089057313000,50.887089057313000
"....Misamis Occidental","06.3.1.0 - Inpatient curative and rehabilitative services (S)",..,..,..,..,..,..,..,..,..,..,..,..,..
"....Misamis Occidental","06.4 - OTHER HEALTH SERVICES",0.000000000000000,0.000000000000000,0.000000000000000,0.000000000000000,0.000000000000000,0.000000000000000,0.000000000000000,0.000000000000000,0.000000000000000,0.000000000000000,0.000000000000000,0.000000000000000,0.000000000000000
"....Misamis Occidental","06.4.1 - Diagnostic imaging services and medical laboratory services (S)",0.000000000000000,0.000000000000000,0.000000000000000,0.000000000000000,0.000000000000000,0.000000000000000,0.000000000000000,0.000000000000000,0.000000000000000,0.000000000000000,0.000000000000000,0.000000000000000,0.000000000000000
"....Misamis Occidental","06.4.1.0 - Diagnostic imaging services and medical laboratory services (S)",0.000000000000000,0.000000000000000,0.000000000000000,0.000000000000000,0.000000000000000,0.000000000000000,0.000000000000000,0.000000000000000,0.000000000000000,0.000000000000000,0.000000000000000,0.000000000000000,0.000000000000000
"....Misamis Occidental","07 - TRANSPORT",85.740740740740700,86.759259259259300,87.037037037037000,87.129629629629600,87.685185185185200,87.037037037037000,87.222222222222200,87.129629629629600,86.944444444444500,87.129629629629600,87.407407407407400,86.666666666666700,86.990740740740700
"....Misamis Occidental","07.1 - PURCHASE OF VEHICLES",..,..,..,..,..,..,..,..,..,..,..,..,..
"....Misamis Occidental","07.1.1 - Motor cars (D)",..,..,..,..,..,..,..,..,..,..,..,..,..
"....Misamis Occidental","07.1.1.1 - New motor cars (D)",..,..,..,..,..,..,..,..,..,..,..,..,..
"....Misamis Occidental","07.1.2 - Motorcycles (D)",..,..,..,..,..,..,..,..,..,..,..,..,..
"....Misamis Occidental","07.1.2.0 - Motorcycles (D)",..,..,..,..,..,..,..,..,..,..,..,..,..
"....Misamis Occidental","07.1.3 - Bicycles (D)",..,..,..,..,..,..,..,..,..,..,..,..,..
"....Misamis Occidental","07.1.3.0 - Bicycles (D)",..,..,..,..,..,..,..,..,..,..,..,..,..
"....Misamis Occidental","07.2 - OPERATION OF PERSONAL TRANSPORT EQUIPMENT",95.025085929704000,97.797011863843000,98.663238718261500,98.923106774587000,99.875956314447300,98.143502605610400,98.663238718261500,98.489993347377800,97.797011863843000,98.316747976494100,99.182974830912500,99.962578999889100,98.403370661935900
"....Misamis Occidental","07.2.1 - Parts and accessories for personal transport equipment (SD)",103.431372549020000,103.431372549020000,103.431372549020000,103.431372549020000,103.431372549020000,103.431372549020000,103.431372549020000,103.431372549020000,103.431372549020000,103.431372549020000,103.431372549020000,103.431372549020000,103.431372549020000
"....Misamis Occidental","07.2.1.1 - Tires (SD)",0.000000000000000,0.000000000000000,0.000000000000000,0.000000000000000,0.000000000000000,0.000000000000000,0.000000000000000,0.000000000000000,0.000000000000000,0.000000000000000,0.000000000000000,0.000000000000000,0.000000000000000
"....Misamis Occidental","07.2.1.2 - Parts for personal transport equipment (SD)",..,..,..,..,..,..,..,..,..,..,..,..,..
"....Misamis Occidental","07.2.1.3 - Accessories for personal transport equipment (SD)",..,..,..,..,..,..,..,..,..,..,..,..,..
"....Misamis Occidental","07.2.2 - Fuels and lubricants for personal transport equipment (ND)",93.652151494198200,97.751710654936400,99.027129060499500,99.391534319231800,100.758054039478000,98.207217228351800,99.027129060499500,98.753825116450300,97.660609340253400,98.480521172401000,99.755939577964000,100.940256668844000,98.617173144425600
"....Misamis Occidental","07.2.2.1 - Diesel (ND)",0.000000000000000,0.000000000000000,0.000000000000000,0.000000000000000,0.000000000000000,0.000000000000000,0.000000000000000,0.000000000000000,0.000000000000000,0.000000000000000,0.000000000000000,0.000000000000000,0.000000000000000
"....Misamis Occidental","07.2.2.2 - Gasoline (ND)",0.000000000000000,0.000000000000000,0.000000000000000,0.000000000000000,0.000000000000000,0.000000000000000,0.000000000000000,0.000000000000000,0.000000000000000,0.000000000000000,0.000000000000000,0.000000000000000,0.000000000000000
"....Misamis Occidental","07.2.2.3 - Other fuels for personal transport equipment (ND)",..,..,..,..,..,..,..,..,..,..,..,..,..
"....Misamis Occidental","07.2.2.4 - Lubricants (ND)",85.060347426098700,85.142930287677400,85.142930287677400,85.142930287677400,85.142930287677400,85.060347426098700,85.060347426098700,85.060347426098700,85.060347426098700,85.060347426098700,85.060347426098700,85.473261733992300,85.122284572282700
"....Misamis Occidental","07.2.3 - Maintenance and repair of personal transport equipment (S)",67.926757235676300,67.926757235676300,67.926757235676300,67.926757235676300,67.926757235676300,67.926757235676300,67.926757235676300,67.926757235676300,67.926757235676300,67.926757235676300,67.926757235676300,67.926757235676300,67.926757235676300
"....Misamis Occidental","07.2.3.0 - Maintenance and repair of personal transport equipment (S)",67.926757235676300,67.926757235676300,67.926757235676300,67.926757235676300,67.926757235676300,67.926757235676300,67.926757235676300,67.926757235676300,67.926757235676300,67.926757235676300,67.926757235676300,67.926757235676300,67.926757235676300
"....Misamis Occidental","07.2.4 - Other services in respect of personal transport equipment (S)",..,..,..,..,..,..,..,..,..,..,..,..,..
"....Misamis Occidental","07.2.4.2 - Toll facilities (S)",..,..,..,..,..,..,..,..,..,..,..,..,..
"....Misamis Occidental","07.2.4.3 - Driving lessons, tests, licences, and road worthiness tests (S)",..,..,..,..,..,..,..,..,..,..,..,..,..
"....Misamis Occidental","07.3 - PASSENGER TRANSPORT SERVICES",79.966213195966500,79.966213195966500,79.966213195966500,79.966213195966500,80.274486955395900,80.274486955395900,80.274486955395900,80.274486955395900,80.274486955395900,80.274486955395900,80.212832203510000,78.733118158249300,80.038143739833400
"....Misamis Occidental","07.3.1 - Passenger transport by railway (S)",..,..,..,..,..,..,..,..,..,..,..,..,..
"....Misamis Occidental","07.3.1.1 - Passenger transport by train (S)",..,..,..,..,..,..,..,..,..,..,..,..,..
"....Misamis Occidental","07.3.1.2 - Passenger transport by rapid transit and tram (S)",..,..,..,..,..,..,..,..,..,..,..,..,..
"....Misamis Occidental","07.3.2 - Passenger transport by road (S)",82.688247712878300,82.688247712878300,82.688247712878300,82.688247712878300,82.688247712878300,82.688247712878300,82.688247712878300,82.688247712878300,82.688247712878300,82.688247712878300,82.688247712878300,80.989589652745800,82.546692874533900
"....Misamis Occidental","07.3.2.1 - Passenger transport by bus and coach (S)",..,..,..,..,..,..,..,..,..,..,..,..,..
"....Misamis Occidental","07.3.2.2 - Passenger transport by taxi and hired car with driver (S)",..,..,..,..,..,..,..,..,..,..,..,..,..
"....Misamis Occidental","07.3.2.9 - Other passenger transport by road (S)",..,..,..,..,..,..,..,..,..,..,..,..,..
"....Misamis Occidental","07.3.3 - Passenger transport by air (S)",55.386011217420000,55.386011217420000,55.386011217420000,55.386011217420000,66.603431210821500,66.603431210821500,66.603431210821500,66.603431210821500,66.603431210821500,66.603431210821500,65.819861431870700,65.819861431870700,62.733696249862500
"....Misamis Occidental","07.3.3.1 - Passenger transport by air, domestic (S)",55.425600932371700,55.425600932371700,55.425600932371700,55.425600932371700,66.651039095890000,66.651039095890000,66.651039095890000,66.651039095890000,66.651039095890000,66.651039095890000,65.866909224173700,65.866909224173700,62.778538062764500
"....Misamis Occidental","07.3.4 - Passenger transport by sea and inland waterway (S)",81.037277147487800,81.037277147487800,81.037277147487800,81.037277147487800,81.037277147487800,81.037277147487800,81.037277147487800,81.037277147487800,81.037277147487800,81.037277147487800,81.037277147487800,81.037277147487800,81.037277147487900
"....Misamis Occidental","07.3.4.0 - Passenger transport by sea and inland waterway (S)",81.037277147487800,81.037277147487800,81.037277147487800,81.037277147487800,81.037277147487800,81.037277147487800,81.037277147487800,81.037277147487800,81.037277147487800,81.037277147487800,81.037277147487800,81.037277147487800,81.037277147487900
"....Misamis Occidental","07.4 - TRANSPORT SERVICES OF GOODS",69.541119011521700,69.541119011521700,69.541119011521700,69.541119011521700,69.541119011521700,69.541119011521700,69.541119011521700,76.256324561380800,76.256324561380800,76.256324561380800,76.256324561380800,79.872204472843500,72.640444649918200
"....Misamis Occidental","07.4.1 - Postal and courier services (S)",69.541119011521700,69.541119011521700,69.541119011521700,69.541119011521700,69.541119011521700,69.541119011521700,69.541119011521700,76.256324561380800,76.256324561380800,76.256324561380800,76.256324561380800,79.872204472843500,72.640444649918200
"....Misamis Occidental","07.4.1.1 - Letter handling services (S)",0.000000000000000,0.000000000000000,0.000000000000000,0.000000000000000,0.000000000000000,0.000000000000000,0.000000000000000,0.000000000000000,0.000000000000000,0.000000000000000,0.000000000000000,0.000000000000000,0.000000000000000
"....Misamis Occidental","07.4.1.2 - Courier and parcel delivery services (S)",70.226615887421300,70.226615887421300,70.226615887421300,70.226615887421300,70.226615887421300,70.226615887421300,70.226615887421300,83.056478405315600,83.056478405315600,83.056478405315600,83.056478405315600,83.056478405315600,75.572391936543900
"....Misamis Occidental","08 - INFORMATION AND COMMUNICATION",79.925994449583700,80.111008325624400,80.018501387604100,80.018501387604100,80.111008325624400,85.198889916743800,85.383903792784500,85.198889916743800,85.198889916743800,85.198889916743800,85.198889916743800,85.198889916743800,83.063521430774000
"....Misamis Occidental","08.1 - INFORMATION AND COMMUNICATION EQUIPMENT",98.802395209580800,98.802395209580800,98.802395209580800,98.802395209580800,98.802395209580800,98.802395209580800,98.802395209580800,98.802395209580800,98.802395209580800,98.802395209580800,98.802395209580800,98.802395209580800,98.802395209580800
"....Misamis Occidental","08.1.1 - Fixed telephone equipment (D)",..,..,..,..,..,..,..,..,..,..,..,..,..
"....Misamis Occidental","08.1.1.0 - Fixed telephone equipment (D)",..,..,..,..,..,..,..,..,..,..,..,..,..
"....Misamis Occidental","08.1.2 - Mobile telephone equipment (D)",..,..,..,..,..,..,..,..,..,..,..,..,..
"....Misamis Occidental","08.1.2.0 - Mobile telephone equipment (D)",..,..,..,..,..,..,..,..,..,..,..,..,..
"....Misamis Occidental","08.1.3 - Information processing equipment (D)",0.000000000000000,0.000000000000000,0.000000000000000,0.000000000000000,0.000000000000000,0.000000000000000,0.000000000000000,0.000000000000000,0.000000000000000,0.000000000000000,0.000000000000000,0.000000000000000,0.000000000000000
"....Misamis Occidental","08.1.3.1 - Computers, laptops and tablets (D)",..,..,..,..,..,..,..,..,..,..,..,..,..
"....Misamis Occidental","08.1.3.2 - Peripheral equipment and its consumable components (D)",0.000000000000000,0.000000000000000,0.000000000000000,0.000000000000000,0.000000000000000,0.000000000000000,0.000000000000000,0.000000000000000,0.000000000000000,0.000000000000000,0.000000000000000,0.000000000000000,0.000000000000000
"....Misamis Occidental","08.1.4 - Equipment for the reception, recording and reproduction of sound and vision (D)",98.514379443398700,98.514379443398700,98.514379443398700,98.514379443398700,98.514379443398700,98.514379443398700,98.514379443398700,98.514379443398700,98.514379443398700,98.514379443398700,98.514379443398700,98.514379443398700,98.514379443398700
"....Misamis Occidental","08.1.4.0 - Equipment for the reception, recording and reproduction of sound and vision (D)",98.514379443398700,98.514379443398700,98.514379443398700,98.514379443398700,98.514379443398700,98.514379443398700,98.514379443398700,98.514379443398700,98.514379443398700,98.514379443398700,98.514379443398700,98.514379443398700,98.514379443398700
"....Misamis Occidental","08.1.5 - Unrecorded recording media (SD)",0.000000000000000,0.000000000000000,0.000000000000000,0.000000000000000,0.000000000000000,0.000000000000000,0.000000000000000,0.000000000000000,0.000000000000000,0.000000000000000,0.000000000000000,0.000000000000000,0.000000000000000
"....Misamis Occidental","08.1.5.0 - Unrecorded recording media (SD)",0.000000000000000,0.000000000000000,0.000000000000000,0.000000000000000,0.000000000000000,0.000000000000000,0.000000000000000,0.000000000000000,0.000000000000000,0.000000000000000,0.000000000000000,0.000000000000000,0.000000000000000
"....Misamis Occidental","08.3 - INFORMATION AND COMMUNICATION SERVICES",73.201438848920900,73.471223021582700,73.291366906474800,73.291366906474800,73.471223021582700,80.305755395683500,80.665467625899300,80.395683453237400,80.395683453237400,80.395683453237400,80.395683453237400,80.395683453237400,77.473021582733800
"....Misamis Occidental","08.3.1 - Fixed communication services (S)",56.528224856716700,56.528224856716700,56.528224856716700,56.528224856716700,56.528224856716700,75.987841945288800,75.987841945288800,75.987841945288800,75.987841945288800,75.987841945288800,75.987841945288800,75.987841945288800,67.879668158383700
"....Misamis Occidental","08.3.1.0 - Fixed communication services (S)",56.528224856716700,56.528224856716700,56.528224856716700,56.528224856716700,56.528224856716700,75.987841945288800,75.987841945288800,75.987841945288800,75.987841945288800,75.987841945288800,75.987841945288800,75.987841945288800,67.879668158383700
"....Misamis Occidental","08.3.2 - Mobile communication services (S)",73.166738298438400,73.507841973489400,73.252014217201200,73.252014217201200,73.507841973489400,79.050776693068100,79.477156286881900,79.136052611830800,79.136052611830800,79.136052611830800,79.136052611830800,79.136052611830800,76.741220559910300
"....Misamis Occidental","08.3.2.0 - Mobile communication services (S)",73.166738298438400,73.507841973489400,73.252014217201200,73.252014217201200,73.507841973489400,79.050776693068100,79.477156286881900,79.136052611830800,79.136052611830800,79.136052611830800,79.136052611830800,79.136052611830800,76.741220559910300
"....Misamis Occidental","08.3.3 - Internet access provision services and net storage services (S)",100.000000000000000,100.000000000000000,100.000000000000000,100.000000000000000,100.000000000000000,100.000000000000000,100.000000000000000,100.000000000000000,100.000000000000000,100.000000000000000,100.000000000000000,100.000000000000000,100.000000000000000
"....Misamis Occidental","08.3.3.0 - Internet access provision services and net storage services (S)",100.000000000000000,100.000000000000000,100.000000000000000,100.000000000000000,100.000000000000000,100.000000000000000,100.000000000000000,100.000000000000000,100.000000000000000,100.000000000000000,100.000000000000000,100.000000000000000,100.000000000000000
"....Misamis Occidental","08.3.5 - Repair and rental of information and communication equipment (S)",..,..,..,..,..,..,..,..,..,..,..,..,..
"....Misamis Occidental","08.3.5.0 - Repair and rental of information and communication equipment (S)",..,..,..,..,..,..,..,..,..,..,..,..,..
"....Misamis Occidental","09 - RECREATION, SPORT AND CULTURE",86.464826357969700,86.999109528049900,84.772929652716000,84.772929652716000,84.772929652716000,84.683882457702600,84.683882457702600,84.772929652716000,84.772929652716000,84.594835262689200,84.594835262689200,85.307212822796100,85.099436034431600
"....Misamis Occidental","09.1 - RECREATIONAL DURABLES",..,..,..,..,..,..,..,..,..,..,..,..,..
"....Misamis Occidental","09.1.1 - Photographic and cinematographic equipment and optical instruments (D)",..,..,..,..,..,..,..,..,..,..,..,..,..
"....Misamis Occidental","09.1.1.1 - Cameras (D)",..,..,..,..,..,..,..,..,..,..,..,..,..
"....Misamis Occidental","09.2 - OTHER RECREATIONAL GOODS",94.966070551421800,94.966070551421800,94.966070551421800,94.966070551421800,94.966070551421800,94.966070551421800,94.966070551421800,94.966070551421800,94.966070551421800,94.966070551421800,94.966070551421800,94.966070551421800,94.966070551421800
"....Misamis Occidental","09.2.1 - Games, toys and hobbies (SD)",95.328884652049600,95.328884652049600,95.328884652049600,95.328884652049600,95.328884652049600,95.328884652049600,95.328884652049600,95.328884652049600,95.328884652049600,95.328884652049600,95.328884652049600,95.328884652049600,95.328884652049600
"....Misamis Occidental","09.2.1.2 - Other games, toys and hobbies (SD)",95.328884652049600,95.328884652049600,95.328884652049600,95.328884652049600,95.328884652049600,95.328884652049600,95.328884652049600,95.328884652049600,95.328884652049600,95.328884652049600,95.328884652049600,95.328884652049600,95.328884652049600
"....Misamis Occidental","09.2.2 - Equipment for sport, camping and open-air recreation (SD)",..,..,..,..,..,..,..,..,..,..,..,..,..
"....Misamis Occidental","09.2.2.1 - Equipment for sport (SD)",..,..,..,..,..,..,..,..,..,..,..,..,..
"....Misamis Occidental","09.2.2.2 - Equipment for camping and open-air recreation (SD)",..,..,..,..,..,..,..,..,..,..,..,..,..
"....Misamis Occidental","09.3 - GARDEN PRODUCTS AND PETS",94.771863117870700,94.771863117870700,94.771863117870700,94.771863117870700,94.771863117870700,94.771863117870700,94.771863117870700,94.771863117870700,94.771863117870700,94.771863117870700,94.771863117870700,94.771863117870700,94.771863117870700
"....Misamis Occidental","09.3.1 - Garden products, plants and flowers (ND)",80.893972458424300,80.893972458424300,80.893972458424300,80.893972458424300,80.893972458424300,80.893972458424300,80.893972458424300,80.893972458424300,80.893972458424300,80.893972458424300,80.893972458424300,80.893972458424300,80.893972458424300
"....Misamis Occidental","09.3.1.1 - Garden products (ND)",70.689063105058200,70.689063105058200,70.689063105058200,70.689063105058200,70.689063105058200,70.689063105058200,70.689063105058200,70.689063105058200,70.689063105058200,70.689063105058200,70.689063105058200,70.689063105058200,70.689063105058200
"....Misamis Occidental","09.3.1.2 - Plants, seeds and flowers (ND)",94.542434162310000,94.542434162310000,94.542434162310000,94.542434162310000,94.542434162310000,94.542434162310000,94.542434162310000,94.542434162310000,94.542434162310000,94.542434162310000,94.542434162310000,94.542434162310000,94.542434162310000
"....Misamis Occidental","09.3.2 - Pets and products for pets (ND)",99.742268041237100,99.742268041237100,99.742268041237100,99.742268041237100,99.742268041237100,99.742268041237100,99.742268041237100,99.742268041237100,99.742268041237100,99.742268041237100,99.742268041237100,99.742268041237100,99.742268041237100
"....Misamis Occidental","09.3.2.2 - Products for pets and other household animals (ND)",99.742268041237100,99.742268041237100,99.742268041237100,99.742268041237100,99.742268041237100,99.742268041237100,99.742268041237100,99.742268041237100,99.742268041237100,99.742268041237100,99.742268041237100,99.742268041237100,99.742268041237100
"....Misamis Occidental","09.4 - RECREATIONAL SERVICES",92.336103416435800,92.336103416435800,92.336103416435800,92.336103416435800,92.336103416435800,92.336103416435800,92.336103416435800,92.336103416435800,92.336103416435800,92.336103416435800,92.336103416435800,92.336103416435800,92.336103416435800
"....Misamis Occidental","09.4.6 - Recreational and sporting services (S)",79.383170087514300,79.383170087514300,79.383170087514300,79.383170087514300,79.383170087514300,75.640820640531500,75.640820640531500,79.383170087514300,79.383170087514300,79.383170087514300,79.383170087514300,79.383170087514300,78.759445179683800
"....Misamis Occidental","09.4.6.2 - Sporting services - practice (S)",79.383170087514300,79.383170087514300,79.383170087514300,79.383170087514300,79.383170087514300,75.640820640531500,75.640820640531500,79.383170087514300,79.383170087514300,79.383170087514300,79.383170087514300,79.383170087514300,78.759445179683800
"....Misamis Occidental","09.4.7 - Games of chance (S)",92.336103416435800,92.336103416435800,92.336103416435800,92.336103416435800,92.336103416435800,92.336103416435800,92.336103416435800,92.336103416435800,92.336103416435800,92.336103416435800,92.336103416435800,92.336103416435800,92.336103416435800
"....Misamis Occidental","09.4.7.0 - Games of chance (S)",92.336103416435800,92.336103416435800,92.336103416435800,92.336103416435800,92.336103416435800,92.336103416435800,92.336103416435800,92.336103416435800,92.336103416435800,92.336103416435800,92.336103416435800,92.336103416435800,92.336103416435800
"....Misamis Occidental","09.5 - CULTURAL GOODS",..,..,..,..,..,..,..,..,..,..,..,..,..
"....Misamis Occidental","09.5.1 - Musical instruments (D)",..,..,..,..,..,..,..,..,..,..,..,..,..
"....Misamis Occidental","09.5.1.0 - Musical instruments (D)",..,..,..,..,..,..,..,..,..,..,..,..,..
"....Misamis Occidental","09.6 - CULTURAL SERVICES",61.533333333333300,61.533333333333300,61.533333333333300,61.533333333333300,61.533333333333300,56.400000000000000,56.400000000000000,61.533333333333300,61.533333333333300,61.533333333333300,56.400000000000000,56.400000000000000,59.822222222222200
"....Misamis Occidental","09.6.1 - Services provided by cinemas, theatres and concert venues (S)",61.538461538461500,61.538461538461500,61.538461538461500,61.538461538461500,61.538461538461500,56.410256410256400,56.410256410256400,61.538461538461500,61.538461538461500,61.538461538461500,56.410256410256400,56.410256410256400,59.829059829059800
"....Misamis Occidental","09.6.1.0 - Services provided by cinemas, theatres and concert venues (S)",61.538461538461500,61.538461538461500,61.538461538461500,61.538461538461500,61.538461538461500,56.410256410256400,56.410256410256400,61.538461538461500,61.538461538461500,61.538461538461500,56.410256410256400,56.410256410256400,59.829059829059800
"....Misamis Occidental","09.6.3 - Photographic services (S)",..,..,..,..,..,..,..,..,..,..,..,..,..
"....Misamis Occidental","09.6.3.0 - Photographic services (S)",..,..,..,..,..,..,..,..,..,..,..,..,..
"....Misamis Occidental","09.6.9 - Other cultural services (S)",0.000000000000000,0.000000000000000,0.000000000000000,0.000000000000000,0.000000000000000,0.000000000000000,0.000000000000000,0.000000000000000,0.000000000000000,0.000000000000000,0.000000000000000,0.000000000000000,0.000000000000000
"....Misamis Occidental","09.6.9.0 - Other cultural services (S)",0.000000000000000,0.000000000000000,0.000000000000000,0.000000000000000,0.000000000000000,0.000000000000000,0.000000000000000,0.000000000000000,0.000000000000000,0.000000000000000,0.000000000000000,0.000000000000000,0.000000000000000
"....Misamis Occidental","09.7 - NEWSPAPERS, BOOKS AND STATIONERY",81.857265692175400,82.803095442820300,79.105760963026700,79.105760963026700,79.105760963026700,79.105760963026700,79.105760963026700,79.019776440240800,79.019776440240800,78.847807394669000,78.933791917454900,80.051590713671600,79.671825738033800
"....Misamis Occidental","09.7.1 - Books (SD)",86.501326296403200,88.133426792561800,81.175524677359500,81.175524677359500,81.175524677359500,81.175524677359500,81.175524677359500,81.433224755700300,81.433224755700300,81.433224755700300,81.433224755700300,81.433224755700300,82.306541687855300
"....Misamis Occidental","09.7.1.1 - Educational and textbooks in printed or electronic copy (SD)",0.000000000000000,0.000000000000000,0.000000000000000,0.000000000000000,0.000000000000000,0.000000000000000,0.000000000000000,0.000000000000000,0.000000000000000,0.000000000000000,0.000000000000000,0.000000000000000,0.000000000000000
"....Misamis Occidental","09.7.1.9 - Other books (SD) in printed or electronic copy",..,..,..,..,..,..,..,..,..,..,..,..,..
"....Misamis Occidental","09.7.2 - Newspapers and periodicals (ND)",..,..,..,..,..,..,..,..,..,..,..,..,..
"....Misamis Occidental","09.7.2.1 - Newspapers (ND)",..,..,..,..,..,..,..,..,..,..,..,..,..
"....Misamis Occidental","09.7.2.2 - Magazines and periodicals (ND)",..,..,..,..,..,..,..,..,..,..,..,..,..
"....Misamis Occidental","09.7.4 - Stationery and drawing materials (ND)",76.878611211648600,77.073899809137900,76.878611211648600,76.878611211648600,76.943707410811700,76.943707410811700,76.943707410811700,76.422937817506700,76.357841618343600,76.032360622528000,76.227649220017300,78.571112389889800,76.846063112067000
"....Misamis Occidental","09.7.4.0 - Stationery and drawing materials (ND)",76.878611211648600,77.073899809137900,76.878611211648600,76.878611211648600,76.943707410811700,76.943707410811700,76.943707410811700,76.422937817506700,76.357841618343600,76.032360622528000,76.227649220017300,78.571112389889800,76.846063112067000
"....Misamis Occidental","09.8 - PACKAGE HOLIDAYS (S)",..,..,..,..,..,..,..,..,..,..,..,..,..
"....Misamis Occidental","09.8.0 - Package holidays (S)",..,..,..,..,..,..,..,..,..,..,..,..,..
"....Misamis Occidental","09.8.0.0 - Package holidays (S)",..,..,..,..,..,..,..,..,..,..,..,..,..
"....Misamis Occidental","10 - EDUCATION SERVICES",81.300813008130100,81.300813008130100,81.300813008130100,81.300813008130100,81.300813008130100,81.300813008130100,81.300813008130100,81.300813008130100,81.300813008130100,81.300813008130100,81.300813008130100,81.300813008130100,81.300813008130100
"....Misamis Occidental","10.1 - EARLY CHILDHOOD AND PRIMARY EDUCATION",..,..,..,..,..,..,..,..,..,..,..,..,..
"....Misamis Occidental","10.1.0 - Early chilhood and primary education (S)",..,..,..,..,..,..,..,..,..,..,..,..,..
"....Misamis Occidental","10.1.0.1 - Early childhood education services (S)",..,..,..,..,..,..,..,..,..,..,..,..,..
"....Misamis Occidental","10.1.0.2 - Primary education (S)",..,..,..,..,..,..,..,..,..,..,..,..,..
"....Misamis Occidental","10.2 - SECONDARY EDUCATION  (S)",79.113924050632900,79.113924050632900,79.113924050632900,79.113924050632900,79.113924050632900,79.113924050632900,79.113924050632900,79.113924050632900,79.113924050632900,79.113924050632900,79.113924050632900,79.113924050632900,79.113924050632900
"....Misamis Occidental","10.2.0 - Secondary education (S)",..,..,..,..,..,..,..,..,..,..,..,..,..
"....Misamis Occidental","10.2.0.1 - Lower secondary general education services",0.000000000000000,0.000000000000000,0.000000000000000,0.000000000000000,0.000000000000000,0.000000000000000,0.000000000000000,0.000000000000000,0.000000000000000,0.000000000000000,0.000000000000000,0.000000000000000,0.000000000000000
"....Misamis Occidental","10.2.0.2 - Lower secondary technical-vocational livelihood programs services",107.526881720430000,107.526881720430000,107.526881720430000,107.526881720430000,107.526881720430000,107.526881720430000,107.526881720430000,107.526881720430000,107.526881720430000,107.526881720430000,107.526881720430000,107.526881720430000,107.526881720430000
"....Misamis Occidental","10.4 - TERTIARY EDUCATION (S)",85.910652920962200,85.910652920962200,85.910652920962200,85.910652920962200,85.910652920962200,85.910652920962200,85.910652920962200,85.910652920962200,85.910652920962200,85.910652920962200,85.910652920962200,85.910652920962200,85.910652920962200
"....Misamis Occidental","10.4.0 - Tertiary education (s)",85.910652920962200,85.910652920962200,85.910652920962200,85.910652920962200,85.910652920962200,85.910652920962200,85.910652920962200,85.910652920962200,85.910652920962200,85.910652920962200,85.910652920962200,85.910652920962200,85.910652920962200
"....Misamis Occidental","10.4.0.0 - Tertiary education (s)",85.910652920962200,85.910652920962200,85.910652920962200,85.910652920962200,85.910652920962200,85.910652920962200,85.910652920962200,85.910652920962200,85.910652920962200,85.910652920962200,85.910652920962200,85.910652920962200,85.910652920962200
"....Misamis Occidental","10.5 - EDUCATION NOT DEFINED BY LEVEL (S)",..,..,..,..,..,..,..,..,..,..,..,..,..
"....Misamis Occidental","10.5.0 - Education not defined by level (s)",..,..,..,..,..,..,..,..,..,..,..,..,..
"....Misamis Occidental","10.5.0.2 - Review classes for professional and licensure examination (S)",..,..,..,..,..,..,..,..,..,..,..,..,..
"....Misamis Occidental","10.5.0.9 - Other education not defined by level (S)",..,..,..,..,..,..,..,..,..,..,..,..,..
"....Misamis Occidental","11 - RESTAURANTS AND ACCOMMODATION SERVICES",80.672926447574300,82.316118935837200,82.081377151799700,82.081377151799700,82.081377151799700,81.455399061032900,82.081377151799700,81.298904538341200,81.298904538341200,81.298904538341200,81.298904538341200,81.298904538341200,81.605372978612400
"....Misamis Occidental","11.1 - FOOD AND BEVERAGE SERVING SERVICES",80.643229058296400,82.345627169769400,82.093420042143800,82.093420042143800,82.093420042143800,81.462902223079700,82.093420042143800,81.273746877360500,81.273746877360500,81.273746877360500,81.273746877360500,81.273746877360500,81.599514417210300
"....Misamis Occidental","11.1.1 - Restaurants, café and the like (S)",80.643229058296400,82.345627169769400,82.093420042143800,82.093420042143800,82.093420042143800,81.462902223079700,82.093420042143800,81.273746877360500,81.273746877360500,81.273746877360500,81.273746877360500,81.273746877360500,81.599514417210300
"....Misamis Occidental","11.1.1.1 - Restaurants, café and the like - with full service (S)",80.643229058296400,82.345627169769400,82.093420042143800,82.093420042143800,82.093420042143800,81.462902223079700,82.093420042143800,81.273746877360500,81.273746877360500,81.273746877360500,81.273746877360500,81.273746877360500,81.599514417210300
"....Misamis Occidental","11.2 - ACCOMMODATION SERVICES",0.000000000000000,0.000000000000000,0.000000000000000,0.000000000000000,0.000000000000000,0.000000000000000,0.000000000000000,0.000000000000000,0.000000000000000,0.000000000000000,0.000000000000000,0.000000000000000,0.000000000000000
"....Misamis Occidental","11.2.0 - Accommodation services (S)",0.000000000000000,0.000000000000000,0.000000000000000,0.000000000000000,0.000000000000000,0.000000000000000,0.000000000000000,0.000000000000000,0.000000000000000,0.000000000000000,0.000000000000000,0.000000000000000,0.000000000000000
"....Misamis Occidental","11.2.0.1 - Hotels, motels, inns and similar accommodation services (S)",0.000000000000000,0.000000000000000,0.000000000000000,0.000000000000000,0.000000000000000,0.000000000000000,0.000000000000000,0.000000000000000,0.000000000000000,0.000000000000000,0.000000000000000,0.000000000000000,0.000000000000000
"....Misamis Occidental","12 - FINANCIAL SERVICES",0.000000000000000,0.000000000000000,0.000000000000000,0.000000000000000,0.000000000000000,0.000000000000000,0.000000000000000,0.000000000000000,0.000000000000000,0.000000000000000,0.000000000000000,0.000000000000000,0.000000000000000
"....Misamis Occidental","12.2 - FINANCIAL SERVICES",0.000000000000000,0.000000000000000,0.000000000000000,0.000000000000000,0.000000000000000,0.000000000000000,0.000000000000000,0.000000000000000,0.000000000000000,0.000000000000000,0.000000000000000,0.000000000000000,0.000000000000000
"....Misamis Occidental","12.2.1 - Financial intermediation services indirectly measured (S)",0.000000000000000,0.000000000000000,0.000000000000000,0.000000000000000,0.000000000000000,0.000000000000000,0.000000000000000,0.000000000000000,0.000000000000000,0.000000000000000,0.000000000000000,0.000000000000000,0.000000000000000
"....Misamis Occidental","12.2.1.0 - Financial intermediation services indirectly measured (S)",0.000000000000000,0.000000000000000,0.000000000000000,0.000000000000000,0.000000000000000,0.000000000000000,0.000000000000000,0.000000000000000,0.000000000000000,0.000000000000000,0.000000000000000,0.000000000000000,0.000000000000000
"....Misamis Occidental","12.2.9 - Other financial services (S)",..,..,..,..,..,..,..,..,..,..,..,..,..
"....Misamis Occidental","12.2.9.1 - Remittances fees (S)",..,..,..,..,..,..,..,..,..,..,..,..,..
"....Misamis Occidental","13 - PERSONAL CARE, AND MISCELLANEOUS GOODS AND SERVICES",78.527062999112700,78.881987577639700,78.970718722271500,79.236912156166800,79.148181011535000,79.059449866903300,79.148181011535000,79.148181011535000,79.148181011535000,79.148181011535000,78.970718722271500,78.704525288376200,79.007690032534700
"....Misamis Occidental","13.1 - PERSONAL CARE",73.882135765304600,74.305529093472500,74.376094648167200,74.728922421640500,74.658356866945800,74.517225757556500,74.587791312251200,74.587791312251200,74.587791312251200,74.587791312251200,74.376094648167200,74.093832429388600,74.440779739970600
"....Misamis Occidental","13.1.1 - Electric appliances for personal care (SD)",..,..,..,..,..,..,..,..,..,..,..,..,..
"....Misamis Occidental","13.1.1.1 - Electric appliances for personal care (SD)",..,..,..,..,..,..,..,..,..,..,..,..,..
"....Misamis Occidental","13.1.2 - Other appliances, articles and products for personal care (ND)",76.506669869271500,76.432535499243100,76.506669869271500,76.654938609328200,76.506669869271500,76.580804239299800,76.654938609328200,76.506669869271500,76.506669869271500,76.506669869271500,76.580804239299800,75.913594909044500,76.488136276764400
"....Misamis Occidental","13.1.2.0 - Other appliances, articles and products for personal care (ND)",76.506669869271500,76.432535499243100,76.506669869271500,76.654938609328200,76.506669869271500,76.580804239299800,76.654938609328200,76.506669869271500,76.506669869271500,76.506669869271500,76.580804239299800,75.913594909044500,76.488136276764400
"....Misamis Occidental","13.1.3 - Hairdressing salons and personal grooming establishments (S)",58.771219622260900,60.735569329599300,60.735569329599300,61.638108384322400,61.850470514845400,61.107203058014700,61.107203058014700,61.478836786430100,61.638108384322400,61.638108384322400,60.576297731707000,61.372655721168500,61.054112525383900
"....Misamis Occidental","13.1.3.1 - Hairdressing (S)",0.000000000000000,0.000000000000000,0.000000000000000,0.000000000000000,0.000000000000000,0.000000000000000,0.000000000000000,0.000000000000000,0.000000000000000,0.000000000000000,0.000000000000000,0.000000000000000,0.000000000000000
"....Misamis Occidental","13.1.3.2 - Personal grooming treatments (S)",0.000000000000000,0.000000000000000,0.000000000000000,0.000000000000000,0.000000000000000,0.000000000000000,0.000000000000000,0.000000000000000,0.000000000000000,0.000000000000000,0.000000000000000,0.000000000000000,0.000000000000000
"....Misamis Occidental","13.2 - OTHER PERSONAL EFFECTS",95.800681543949000,95.800681543949000,95.800681543949000,95.800681543949000,95.800681543949000,95.800681543949000,95.800681543949000,95.800681543949000,95.800681543949000,95.800681543949000,95.800681543949000,95.800681543949000,95.800681543949000
"....Misamis Occidental","13.2.1 - Jewellery and watches (D)",..,..,..,..,..,..,..,..,..,..,..,..,..
"....Misamis Occidental","13.2.1.1 - Jewellery and watches (D)",..,..,..,..,..,..,..,..,..,..,..,..,..
"....Misamis Occidental","13.2.1.2 - Repair and hire of jewellery, clocks and watches (S)",..,..,..,..,..,..,..,..,..,..,..,..,..
"....Misamis Occidental","13.2.9 - Other personal effects n.e.c. (SD)",93.158491928413000,93.158491928413000,93.158491928413000,93.158491928413000,93.158491928413000,93.158491928413000,93.158491928413000,93.158491928413000,93.158491928413000,93.158491928413000,93.158491928413000,93.158491928413000,93.158491928413000
"....Misamis Occidental","13.2.9.1 - Travel goods and articles for babies and other personal effects n.e.c. (SD)",93.158491928413000,93.158491928413000,93.158491928413000,93.158491928413000,93.158491928413000,93.158491928413000,93.158491928413000,93.158491928413000,93.158491928413000,93.158491928413000,93.158491928413000,93.158491928413000,93.158491928413000
"....Misamis Occidental","13.9 - OTHER SERVICES",..,..,..,..,..,..,..,..,..,..,..,..,..
"....Misamis Occidental","13.9.0 - Other services (S)",..,..,..,..,..,..,..,..,..,..,..,..,..
"....Misamis Occidental","13.9.0.9 - Other services n.e.c. (S)",..,..,..,..,..,..,..,..,..,..,..,..,..
