"Geolocation","Commodity Description","2017 Jan","2017 Feb","2017 Mar","2017 Apr","2017 May","2017 Jun","2017 Jul","2017 Aug","2017 Sep","2017 Oct","2017 Nov","2017 Dec","2017 Ave"
"....Sorsogon","0 - ALL ITEMS",97.382671480144400,96.660649819494600,96.480144404332200,97.472924187725600,96.389891696750900,95.306859205776200,94.855595667870000,94.675090252707600,95.036101083032500,95.667870036101100,96.028880866426000,96.750902527075800,96.058965102286400
"....Sorsogon","01 - FOOD AND NON-ALCOHOLIC BEVERAGES",95.572916666666700,93.923611111111100,93.402777777777800,93.750000000000000,90.711805555555600,90.885416666666700,90.625000000000000,90.625000000000000,91.666666666666700,92.795138888888900,93.229166666666700,94.791666666666700,92.664930555555500
"....Sorsogon","01.1 - FOOD",95.576756287944500,93.842150910667800,93.235039028621000,93.581960104076300,90.286209887250600,90.459670424978300,90.199479618386800,90.199479618386800,91.240242844752800,92.541196877710300,92.974848222029500,94.622723330442300,92.396646429603900
"....Sorsogon","01.1.1 - Cereals and cereal products (ND)",95.405179615705900,94.736842105263200,94.068504594820400,92.815371762740200,89.974937343358400,90.058479532163700,91.228070175438600,91.562238930660000,92.898913951545500,94.152046783625700,93.567251461988300,93.984962406015000,92.871066555277100
"....Sorsogon","01.1.1.1 - Cereals (ND)",95.068063511224900,94.046069389556600,93.189983469820100,91.669901418588800,88.152713664267600,88.273731891566200,89.740704974213200,90.092360151138100,91.804822058754500,93.318924001388900,92.584642637360600,93.054645844943600,91.749713584401900
"....Sorsogon","01.1.1.12 - Rice",95.061414237190100,94.045649240860400,93.186181970619600,91.660095930662500,88.129016060710900,88.250512283307000,89.723279585971300,90.076323723259200,91.805092312208500,93.334717458078400,92.597535844667200,93.029778238712600,91.741633073854000
"....Sorsogon","01.1.1.16 - Corn",96.751518057126000,94.152442089643600,94.152442089643600,94.152442089643600,94.152442089643600,94.152442089643600,94.152442089643600,94.152442089643600,91.736399640998000,89.320357192352400,89.320357192352400,99.350594024608400,93.795526727911900
"....Sorsogon","01.1.1.20 - Flour, Bread and Other Bakery Products, Pasta Products,  and Other Cereals",97.025371828521400,97.637795275590500,97.725284339457600,97.725284339457600,97.462817147856500,97.462817147856500,97.462817147856500,97.637795275590500,97.637795275590500,97.725284339457600,97.725284339457600,97.812773403324600,97.586759988334800
"....Sorsogon","01.1.2 - Meat and other parts of slaughtered land animals (ND)",96.315789473684200,95.789473684210500,95.350877192982500,94.122807017543800,92.807017543859600,92.894736842105300,93.421052631578900,93.508771929824500,93.684210526315800,93.684210526315800,93.771929824561400,94.385964912280700,94.144736842105300
"....Sorsogon","01.1.2.2 - Meat, fresh, chilled or frozen (ND)",96.660640355892500,96.107164633331300,95.634487545199200,94.154152359800400,92.644688960763400,92.676343720319500,93.317535121032900,93.378686987411000,93.634980905121400,93.612223596871800,93.728365023343500,94.337717392122500,94.157248883434100
"....Sorsogon","01.1.2.3 - Meat, dried, salted, in brine or smoked (ND)",..,..,..,..,..,..,..,..,..,..,..,..,..
"....Sorsogon","01.1.2.4 - Offal, blood and other parts of slaughtered animals, fresh, chilled or frozen, dried, salted, in brine or smoked (ND)",87.990501349214100,87.990501349214100,87.990501349214100,88.300246432152300,86.665819711944700,87.078937979549600,88.160127102946200,87.395293395187400,86.434713155628000,87.209653259874100,86.508236682910700,94.345095352998900,88.005802260069500
"....Sorsogon","01.1.2.5 - Meat, offal, blood and other parts of slaughtered animals' preparations (ND)",96.293437604940200,96.293437604940200,96.293437604940200,96.293437604940200,96.293437604940200,96.293437604940200,96.293437604940200,96.293437604940200,97.061322009906000,97.166021214114400,97.166021214114400,97.166021214114400,96.575573874314200
"....Sorsogon","01.1.3 - Fish and other seafood (ND)",90.762620837808800,85.929108485499500,86.143931256713200,92.481203007518800,85.177228786251300,86.358754027927000,81.847475832438200,80.665950590762600,81.203007518797000,82.706766917293200,82.491944146079500,91.514500537056900,85.606874328678800
"....Sorsogon","01.1.3.1 - Fish, live, fresh, chilled or frozen (ND)",89.945160808306300,83.413535971802200,84.248747571579200,89.945160808306300,81.274541141591700,82.882749468530300,76.497800632232000,75.239713337591600,76.268919155930800,78.044897126525500,77.192786340911700,90.885348770585200,82.153280094491100
"....Sorsogon","01.1.3.2 - Fish, dried, salted, in brine or smoked (ND)",93.522289308536100,93.827243678133900,93.611525385490300,95.555297420106800,95.059914329762400,92.311260984524700,91.175413687544700,90.944705594312100,90.595003973439200,90.630541104056500,91.994466015107800,93.499626910934200,92.727274032662400
"....Sorsogon","01.1.3.3 - Fish preparations (ND)",96.046984869953900,96.046984869953900,96.046984869953900,96.115936961353500,96.219566489406600,96.219566489406600,96.219566489406600,96.219566489406600,96.219566489406600,96.219566489406600,96.219566489406600,96.297298837891600,96.174262986246100
"....Sorsogon","01.1.3.4 - Other seafood, live, fresh, chilled or frozen (ND)",88.443887015435500,83.815721119618300,80.759522660593500,102.238334664543000,88.474635299494500,92.558325576627700,91.306661382893700,88.810680425140000,88.270000609081400,91.032645116151500,92.319529979167600,89.943772049575500,89.831142991526900
"....Sorsogon","01.1.3.6 - Other seafood preparations (ND)",88.834958857734400,88.834958857734400,88.834958857734400,88.834958857734400,88.834958857734400,96.429657412929300,96.429657412929300,96.429657412929300,96.429657412929300,96.429657412929300,96.429657412929300,96.429657412929300,93.265199681598000
"....Sorsogon","01.1.4 - Milk, other dairy products and eggs (ND)",96.557811120917900,96.910856134157100,96.910856134157100,97.528684907325700,97.705207413945300,98.058252427184500,98.146513680494300,98.323036187113900,98.676081200353100,99.029126213592200,99.029126213592200,98.323036187113900,97.933215651662300
"....Sorsogon","01.1.4.1 - Raw and whole milk (ND)",..,..,..,..,..,..,..,..,..,..,..,..,..
"....Sorsogon","01.1.4.3 - Other milk and cream (ND)",96.537361616492400,96.593530518745700,96.593530518745700,96.779206581231600,97.963994223015800,98.218872313337000,98.218872313337000,98.218872313337000,98.226735484806900,98.662405091104700,98.717690772946900,98.741802438231500,97.789406182111000
"....Sorsogon","01.1.4.4 - Non-animal milk (ND)",..,..,..,..,..,..,..,..,..,..,..,..,..
"....Sorsogon","01.1.4.5 - Cheese (ND)",93.869479731523300,94.025215077407200,94.025215077407200,94.180950423291100,94.180950423291100,102.415456836903000,102.415456836903000,102.415456836903000,102.415456836903000,102.415456836903000,102.415456836903000,102.415456836903000,98.932500715936500
"....Sorsogon","01.1.4.6 - Yoghurt and similar products (ND)",..,..,..,..,..,..,..,..,..,..,..,..,..
"....Sorsogon","01.1.4.7 - Milk-based dessert and beverages (ND)",..,..,..,..,..,..,..,..,..,..,..,..,..
"....Sorsogon","01.1.4.8 - Eggs (ND)",96.561613033172900,98.110164102641300,98.110164102641300,99.988715739662400,96.844481258172400,96.844481258172400,97.087438266512100,97.864751117593500,99.419228219281300,99.667600467112100,99.419228219281300,96.498517846050700,98.034698635857800
"....Sorsogon","01.1.5 - Oils and fats (ND)",92.175408426483200,92.175408426483200,92.261392949269100,92.347377472055000,92.089423903697300,92.089423903697300,92.089423903697300,92.089423903697300,92.089423903697300,92.175408426483200,92.175408426483200,97.420464316423100,92.598165663513900
"....Sorsogon","01.1.5.1 - Vegetable oils (ND)",91.370914717766700,91.370914717766700,91.370914717766700,91.509999561801900,91.509999561801900,91.509999561801900,91.509999561801900,91.509999561801900,91.509999561801900,91.509999561801900,91.509999561801900,97.324538472977300,91.959773260057700
"....Sorsogon","01.1.5.2 - Butter and other fats and oils derived from milk (ND)",96.692466321255100,97.041968244607800,97.041968244607800,97.391470167960600,97.400667586996200,97.400667586996200,97.400667586996200,97.400667586996200,97.400667586996200,97.400667586996200,97.400667586996200,97.400667586996200,97.281101139533400
"....Sorsogon","01.1.5.3 - Margarine and similar preparations (ND)",96.036804041477100,96.218457517266900,96.399768690091500,96.399768690091500,95.032102513665900,95.032102513665900,95.032102513665900,95.032102513665900,95.145670581094500,95.614729853625200,95.614729853625200,98.168277744190800,95.810551418843800
"....Sorsogon","01.1.5.9 - Other animal oils and fats (ND)",..,..,..,..,..,..,..,..,..,..,..,..,..
"....Sorsogon","01.1.6 - Fruits and nuts (ND)",106.549118387909000,102.686817800168000,102.015113350126000,103.778337531486000,99.580184718723800,95.382031905961400,93.702770780856400,92.191435768262000,93.786733837111700,95.969773299748100,97.816960537363600,95.969773299748100,98.285754268122000
"....Sorsogon","01.1.6.1 - Dates, figs and tropical fruits, fresh (ND)",107.379530918849000,101.478077778993000,97.620279343010100,100.875164748192000,97.036088437389200,89.978673850814700,87.410603854198300,86.764468709624400,90.122971261159800,93.507210837177000,96.575479932408400,93.139282758526200,95.157319369195200
"....Sorsogon","01.1.6.2 - Citrus fruits, fresh (ND)",0.000000000000000,0.000000000000000,0.000000000000000,0.000000000000000,0.000000000000000,0.000000000000000,0.000000000000000,0.000000000000000,0.000000000000000,0.000000000000000,0.000000000000000,0.000000000000000,0.000000000000000
"....Sorsogon","01.1.6.3 - Stone fruits and pome fruits, fresh (ND)",0.000000000000000,0.000000000000000,0.000000000000000,0.000000000000000,0.000000000000000,0.000000000000000,0.000000000000000,0.000000000000000,0.000000000000000,0.000000000000000,0.000000000000000,0.000000000000000,0.000000000000000
"....Sorsogon","01.1.6.5 - Other fruits, fresh (ND)",..,..,..,..,..,..,..,..,..,..,..,..,..
"....Sorsogon","01.1.6.7 - Fruit, dried and dehydrated (ND)",98.562208606401000,98.562208606401000,98.562208606401000,98.562208606401000,100.278984826633000,101.987738728079000,101.987738728079000,101.987738728079000,101.987738728079000,101.987738728079000,101.987738728079000,99.212016428077600,100.472189004066000
"....Sorsogon","01.1.6.8 - Nuts, in shell or shelled (ND)",..,..,..,..,..,..,..,..,..,..,..,..,..
"....Sorsogon","01.1.6.9 - Fruit and nuts ground and other preparations (ND)",96.074761873833900,96.360274425628500,96.360274425628500,96.360274425628500,96.360274425628500,96.360274425628500,96.360274425628500,96.360274425628500,96.360274425628500,96.360274425628500,96.360274425628500,96.360274425628500,96.336481712978900
"....Sorsogon","01.1.7 - Vegetables, tubers, plantains, cooking bananas and pulses (ND)",96.453018046048500,91.661481020535200,87.118855009334200,87.492221530802700,81.020535158680800,83.322962041070300,82.202862476664600,84.256378344741800,86.309894212818900,90.603609209707500,97.013067828251400,98.257622899813300,88.809375648205800
"....Sorsogon","01.1.7.1 - Leafy or stem vegetables, fresh or chilled (ND)",89.232758639931100,89.510561595534800,86.314680892240900,88.206849585043300,78.199187656650400,83.246729633160700,84.719922215874700,85.150907918815300,89.261822031302000,92.636167869536200,97.639448060517300,96.122507060747000,88.353461929946200
"....Sorsogon","01.1.7.2 - Fruit-bearing vegetables, fresh or chilled (ND)",103.734792146098000,94.926771638405200,89.848116325211100,88.148375396487400,82.348665315175500,81.814112634057800,78.385480147907900,82.859517427482000,83.605978093140500,88.425984239017500,96.522042311800600,98.172272555379400,89.066009019180300
"....Sorsogon","01.1.7.3 - Green leguminous vegetables, fresh or chilled (ND)",0.000000000000000,0.000000000000000,0.000000000000000,0.000000000000000,0.000000000000000,0.000000000000000,0.000000000000000,0.000000000000000,0.000000000000000,0.000000000000000,0.000000000000000,0.000000000000000,0.000000000000000
"....Sorsogon","01.1.7.4 - Other vegetables, fresh or chilled (ND)",97.839020458215200,87.684650296619300,79.698665761622100,81.661607834063400,80.526322775911800,83.305647939904700,79.989875225501500,82.133496264332500,82.575881280026400,86.303654564841100,92.965558209484000,103.909728109307000,86.549509059985800
"....Sorsogon","01.1.7.5 - Tubers, plantains and cooking bananas (ND)",0.000000000000000,0.000000000000000,0.000000000000000,0.000000000000000,0.000000000000000,0.000000000000000,0.000000000000000,0.000000000000000,0.000000000000000,0.000000000000000,0.000000000000000,0.000000000000000,0.000000000000000
"....Sorsogon","01.1.7.9 - Vegetables, tubers, plantains, cooking bananas and pulses ground and other preparations (ND)",100.391152058622000,100.936760163896000,101.072701990030000,100.982094439778000,100.982094439778000,100.982094439778000,100.982094439778000,100.982094439778000,99.855446006741000,98.864523965253400,100.982094439778000,98.864523965253400,100.489806232372000
"....Sorsogon","01.1.8 - Sugar, confectionery and desserts (ND)",94.575471698113200,94.575471698113200,106.603773584906000,94.929245283018900,95.518867924528300,95.754716981132100,95.754716981132100,91.509433962264200,91.627358490566100,91.745283018867900,91.745283018867900,91.745283018867900,94.673742138364800
"....Sorsogon","01.1.8.1 - Cane and beet sugar (ND)",92.056832441347500,92.056832441347500,113.532200484871000,92.569779130285200,93.595672508160500,94.006029859310600,94.006029859310600,86.277633079316400,86.277633079316400,86.277633079316400,86.277633079316400,86.277633079316400,91.934295176767900
"....Sorsogon","01.1.8.3 - Jams, fruit jellies, marmalades, fruit purée and pastes, honey (ND)",98.142098386835600,97.771284413081800,97.400470439328000,97.400470439328000,97.400470439328000,97.400470439328000,97.400470439328000,97.400470439328000,97.400470439328000,97.400470439328000,97.400470439328000,97.400470439328000,97.493173932766500
"....Sorsogon","01.1.8.4 - Nut purée, nut butter and nut pastes (ND)",0.000000000000000,0.000000000000000,0.000000000000000,0.000000000000000,0.000000000000000,0.000000000000000,0.000000000000000,0.000000000000000,0.000000000000000,0.000000000000000,0.000000000000000,0.000000000000000,0.000000000000000
"....Sorsogon","01.1.8.5 - Chocolate, cocoa, and cocoa-based food products (ND)",97.910487115588900,97.910487115588900,97.910487115588900,97.910487115588900,98.168433926448000,98.168433926448000,98.168433926448000,98.168433926448000,98.168433926448000,98.168433926448000,98.168433926448000,98.168433926448000,98.082451656161600
"....Sorsogon","01.1.8.6 - Ice, ice cream and sorbet (ND)",96.668291678809500,96.668291678809500,96.668291678809500,96.994838857198700,96.994838857198700,96.994838857198700,96.994838857198700,96.994838857198700,97.844777383904400,98.520655317489400,98.520655317489400,98.520655317489400,97.365484388232900
"....Sorsogon","01.1.8.9 - Other sugar confectionery and desserts n.e.c. (ND)",99.785103314500800,99.658069309155100,99.530710615373000,99.530710615373000,99.530710615373000,99.530710615373000,99.530710615373000,99.530710615373000,99.530710615373000,99.530710615373000,99.530710615373000,99.530710615373000,99.562523231448800
"....Sorsogon","01.1.9 - Ready-made food and other food products n.e.c. (ND)",96.010186757215600,96.434634974533100,96.604414261460100,96.689303904923600,97.113752122241100,97.877758913412600,97.877758913412600,97.962648556876100,97.962648556876100,98.047538200339500,98.217317487266600,98.302207130730100,97.425014148273900
"....Sorsogon","01.1.9.2 - Baby food (ND)",0.000000000000000,0.000000000000000,0.000000000000000,0.000000000000000,0.000000000000000,0.000000000000000,0.000000000000000,0.000000000000000,0.000000000000000,0.000000000000000,0.000000000000000,0.000000000000000,0.000000000000000
"....Sorsogon","01.1.9.3 - Salt, condiments and sauces (ND)",96.034115778858400,96.542421272802800,96.784141014115200,96.858312871367700,97.246090199121200,97.383563223814100,97.383563223814100,97.478728573397500,97.478728573397500,97.478728573397500,97.604988385038400,97.644298875418300,97.159806713711900
"....Sorsogon","01.1.9.4 - Spices, culinary herbs and seeds (ND)",95.832030857290100,95.832030857290100,95.832030857290100,95.832030857290100,96.400421063444300,101.519904926860000,101.519904926860000,101.519904926860000,101.519904926860000,101.865803991951000,101.865803991951000,101.865803991951000,99.283798014658100
"....Sorsogon","01.1.9.9 - Other food products n.e.c. (ND)",96.276230667243600,96.276230667243600,96.276230667243600,96.276230667243600,96.305048876600000,96.305048876600000,96.305048876600000,96.305048876600000,96.305048876600000,96.305048876600000,98.738720001512900,98.738720001512900,96.701054660966700
"....Sorsogon","01.2 - NON-ALCOHOLIC BEVERAGES",94.516971279373400,94.604003481288100,94.604003481288100,94.691035683202800,95.213228894691000,95.300261096605700,95.300261096605700,95.735422106179300,95.735422106179300,95.735422106179300,95.822454308094000,95.822454308094000,95.256744995648400
"....Sorsogon","01.2.1 - Fruit and vegetable juices (ND)",87.391359115921000,87.504769633228200,87.631610438474500,87.645928095384400,87.686330091314900,87.686330091314900,87.686330091314900,87.686330091314900,87.686330091314900,87.686330091314900,87.686330091314900,87.686330091314900,87.638692334460600
"....Sorsogon","01.2.1.0 - Fruit and vegetable juices (ND)",87.391359115921000,87.504769633228200,87.631610438474500,87.645928095384400,87.686330091314900,87.686330091314900,87.686330091314900,87.686330091314900,87.686330091314900,87.686330091314900,87.686330091314900,87.686330091314900,87.638692334460600
"....Sorsogon","01.2.2 - Coffee and coffee substitutes (ND)",97.217235188509900,97.217235188509900,97.217235188509900,97.217235188509900,98.294434470377000,98.294434470377000,98.294434470377000,98.922800718132900,98.922800718132900,98.922800718132900,98.922800718132900,98.922800718132900,98.197187312986300
"....Sorsogon","01.2.2.0 - Coffee and coffee substitutes (ND)",97.209390380636900,97.209390380636900,97.209390380636900,97.209390380636900,98.290914526965900,98.290914526965900,98.290914526965900,98.956799620316800,98.956799620316800,98.956799620316800,98.956799620316800,98.956799620316800,98.207858600419100
"....Sorsogon","01.2.3 - Tea, maté and other plant products for infusion (ND)",99.555951044862700,99.649882851151900,99.649882851151900,99.649882851151900,99.649882851151900,99.649882851151900,99.649882851151900,99.649882851151900,99.649882851151900,99.649882851151900,99.649882851151900,99.649882851151900,99.642055200627800
"....Sorsogon","01.2.3.0 - Tea, maté and other plant products for infusion (ND)",99.555951044862700,99.649882851151900,99.649882851151900,99.649882851151900,99.649882851151900,99.649882851151900,99.649882851151900,99.649882851151900,99.649882851151900,99.649882851151900,99.649882851151900,99.649882851151900,99.642055200627800
"....Sorsogon","01.2.4 - Cocoa drinks (ND)",93.721785785537400,94.016663658738000,94.016663658738000,94.051433136131800,94.051433136131800,94.051433136131800,94.051433136131800,94.051433136131800,94.051433136131800,94.051433136131800,94.051433136131800,94.051433136131800,94.018167610683300
"....Sorsogon","01.2.4.0 - Cocoa drinks (ND)",93.721785785537400,94.016663658738000,94.016663658738000,94.051433136131800,94.051433136131800,94.051433136131800,94.051433136131800,94.051433136131800,94.051433136131800,94.051433136131800,94.051433136131800,94.051433136131800,94.018167610683300
"....Sorsogon","01.2.5 - Water (ND)",94.955888801522200,95.019796305426200,95.271615995160900,95.543671685262300,95.543671685262300,96.251566488973400,96.251566488973400,96.541543890286500,96.541543890286500,96.789404487913100,96.851270524583400,96.995471156108400,96.046417616646600
"....Sorsogon","01.2.5.0 - Water (ND)",94.955888801522200,95.019796305426200,95.271615995160900,95.543671685262300,95.543671685262300,96.251566488973400,96.251566488973400,96.541543890286500,96.541543890286500,96.789404487913100,96.851270524583400,96.995471156108400,96.046417616646600
"....Sorsogon","01.2.6 - Soft drinks (ND)",88.461488161302300,88.652390676995700,88.652390676995700,88.652390676995700,88.652390676995700,88.652390676995700,88.652390676995700,88.652390676995700,88.652390676995700,88.652390676995700,88.652390676995700,89.092633232145000,88.673169013617000
"....Sorsogon","01.2.6.0 - Soft drinks (ND)",88.461488161302300,88.652390676995700,88.652390676995700,88.652390676995700,88.652390676995700,88.652390676995700,88.652390676995700,88.652390676995700,88.652390676995700,88.652390676995700,88.652390676995700,89.092633232145000,88.673169013617000
"....Sorsogon","01.2.9 - Other non-alcoholic beverages (ND)",89.990949997641900,89.990949997641900,90.100806742509700,90.100806742509700,90.155684916357700,90.155684916357700,90.155684916357700,90.155684916357700,90.155684916357700,90.155684916357700,90.155684916357700,90.155684916357700,90.119082734263700
"....Sorsogon","01.2.9.0 - Other non-alcoholic beverages (ND)",89.990949997641900,89.990949997641900,90.100806742509700,90.100806742509700,90.155684916357700,90.155684916357700,90.155684916357700,90.155684916357700,90.155684916357700,90.155684916357700,90.155684916357700,90.155684916357700,90.119082734263700
"....Sorsogon","02 - ALCOHOLIC BEVERAGES AND TOBACCO",86.813186813186800,87.044534412955500,87.102371312897600,87.102371312897600,87.622903412377100,87.738577212261400,87.738577212261400,87.738577212261400,87.796414112203600,87.796414112203600,87.796414112203600,87.854251012145800,87.512049354154600
"....Sorsogon","02.1 - ALCOHOLIC BEVERAGES",95.687550854353100,96.175752644426400,96.257119609438600,96.419853539463000,96.663954434499600,96.663954434499600,96.663954434499600,96.663954434499600,96.826688364524000,96.826688364524000,96.908055329536200,96.908055329536200,96.555465147816700
"....Sorsogon","02.1.1 - Spirits and liquors (ND)",95.833333333333300,96.241830065359500,96.323529411764700,96.486928104575200,96.813725490196100,96.813725490196100,96.813725490196100,96.813725490196100,96.977124183006500,96.977124183006500,97.058823529411800,97.058823529411800,96.684368191721100
"....Sorsogon","02.1.1.0 - Spirits and liquors (ND)",95.833333333333300,96.241830065359500,96.323529411764700,96.486928104575200,96.813725490196100,96.813725490196100,96.813725490196100,96.813725490196100,96.977124183006500,96.977124183006500,97.058823529411800,97.058823529411800,96.684368191721100
"....Sorsogon","02.1.2 - Wine (ND)",94.995663486556800,95.056374674761500,95.056374674761500,95.056374674761500,96.183868169991300,96.183868169991300,96.183868169991300,96.183868169991300,96.183868169991300,96.183868169991300,96.183868169991300,96.183868169991300,95.802977739231000
"....Sorsogon","02.1.2.1 - Wine from grapes (ND)",0.000000000000000,0.000000000000000,0.000000000000000,0.000000000000000,0.000000000000000,0.000000000000000,0.000000000000000,0.000000000000000,0.000000000000000,0.000000000000000,0.000000000000000,0.000000000000000,0.000000000000000
"....Sorsogon","02.1.2.2 - Wine from other sources (ND)",..,..,..,..,..,..,..,..,..,..,..,..,..
"....Sorsogon","02.1.3 - Beer (ND)",92.206537890044600,93.907875185735500,93.907875185735500,93.907875185735500,93.907875185735500,93.907875185735500,93.907875185735500,93.907875185735500,94.086181277860300,94.086181277860300,94.086181277860300,94.086181277860300,93.825532441802900
"....Sorsogon","02.1.3.0 - Beer (ND)",92.206537890044600,93.907875185735500,93.907875185735500,93.907875185735500,93.907875185735500,93.907875185735500,93.907875185735500,93.907875185735500,94.086181277860300,94.086181277860300,94.086181277860300,94.086181277860300,93.825532441802900
"....Sorsogon","02.3 - TOBACCO",83.755588673621400,83.904619970193700,83.904619970193700,83.904619970193700,84.451068057625400,84.649776453055100,84.649776453055100,84.649776453055100,84.649776453055100,84.649776453055100,84.649776453055100,84.699453551912600,84.376552409339300
"....Sorsogon","02.3.0 - Tobacco (ND)",83.755588673621400,83.904619970193700,83.904619970193700,83.904619970193700,84.451068057625400,84.649776453055100,84.649776453055100,84.649776453055100,84.649776453055100,84.649776453055100,84.649776453055100,84.699453551912600,84.376552409339300
"....Sorsogon","02.3.0.1 - Cigarettes (ND)",83.634270741016600,83.790576561183800,83.790576561183800,83.790576561183800,84.342593346762800,84.533435063263800,84.533435063263800,84.560667525330300,84.560667525330300,84.560667525330300,84.560667525330300,84.618025125281900,84.273013260371800
"....Sorsogon","02.3.0.2 - Cigars (ND)",..,..,..,..,..,..,..,..,..,..,..,..,..
"....Sorsogon","02.3.0.9 - Other tobacco products (ND)",97.778669207240700,97.778669207240700,97.778669207240700,97.778669207240700,97.926148346316400,97.926148346316400,97.926148346316400,97.926148346316400,97.926148346316400,97.926148346316400,97.926148346316400,97.926148346316400,97.876988633291200
"....Sorsogon","02.4 - OTHER VEGETABLE-BASED TOBACCO PRODUCTS",..,..,..,..,..,..,..,..,..,..,..,..,..
"....Sorsogon","02.4.0 - Other vegetable-based tobacco products (ND)",..,..,..,..,..,..,..,..,..,..,..,..,..
"....Sorsogon","02.4.0.0 - Other vegetable-based tobacco products (ND)",..,..,..,..,..,..,..,..,..,..,..,..,..
"....Sorsogon","02.900 - NON-FOOD",98.875351452671000,98.875351452671000,98.969072164948400,100.374882849110000,100.656044985942000,98.687910028116200,98.125585754451700,97.844423617619500,97.563261480787200,97.938144329896900,98.313027179006600,98.406747891284000,98.719150265542000
"....Sorsogon","03 - CLOTHING AND FOOTWEAR",96.637168141592900,96.725663716814200,96.725663716814200,96.725663716814200,96.814159292035400,97.345132743362800,97.345132743362800,97.433628318584100,97.433628318584100,97.433628318584100,97.522123893805300,97.699115044247800,97.153392330383500
"....Sorsogon","03.1 - CLOTHING",97.810218978102200,97.810218978102200,97.810218978102200,97.810218978102200,97.992700729927000,98.631386861313900,98.631386861313900,98.631386861313900,98.631386861313900,98.631386861313900,98.722627737226300,98.722627737226300,98.319647201946500
"....Sorsogon","03.1.1 - Clothing materials (SD)",88.860869565217400,88.860869565217400,88.860869565217400,88.860869565217400,88.860869565217400,88.860869565217400,88.860869565217400,88.860869565217400,88.860869565217400,88.860869565217400,88.860869565217400,88.860869565217400,88.860869565217400
"....Sorsogon","03.1.1.0 - Clothing materials (SD)",88.863914306745500,88.863914306745500,88.863914306745500,88.863914306745500,88.863914306745500,88.863914306745500,88.863914306745500,88.863914306745500,88.863914306745500,88.863914306745500,88.863914306745500,88.863914306745500,88.863914306745500
"....Sorsogon","03.1.2 - Garments (SD)",97.723132969034600,97.723132969034600,97.723132969034600,97.723132969034600,97.905282331511800,98.542805100182200,98.542805100182200,98.542805100182200,98.542805100182200,98.542805100182200,98.633879781420700,98.633879781420700,98.231633272616900
"....Sorsogon","03.1.2.1 - Garments for men or boys (SD)",98.984609827521900,98.984609827521900,98.984609827521900,98.984609827521900,98.984609827521900,98.984609827521900,98.984609827521900,99.187245588468300,99.187245588468300,99.187245588468300,99.187245588468300,99.187245588468300,99.069041394582900
"....Sorsogon","03.1.2.2 - Garments for women or girls (SD)",96.952810060122100,96.952810060122100,96.952810060122100,96.952810060122100,97.323894611437000,98.302420092875900,98.302420092875900,98.302420092875900,98.302420092875900,98.302420092875900,98.327534434149900,98.327534434149900,97.775192015383700
"....Sorsogon","03.1.2.3 - Garments for infants (0 to under 2 years) (SD)",99.163416859635900,99.163416859635900,99.163416859635900,99.163416859635900,99.163416859635900,99.163416859635900,99.163416859635900,99.163416859635900,99.163416859635900,99.163416859635900,99.163416859635900,99.163416859635900,99.163416859635900
"....Sorsogon","03.1.2.4 - School uniforms (SD)",..,..,..,..,..,..,..,..,..,..,..,..,..
"....Sorsogon","03.1.3 - Other articles of clothing and clothing accessories (SD)",96.378600823045300,96.378600823045300,96.378600823045300,96.378600823045300,98.024691358024700,99.670781893004100,99.670781893004100,99.670781893004100,99.670781893004100,99.670781893004100,99.670781893004100,99.670781893004100,98.436213991769500
"....Sorsogon","03.1.3.1 - Other articles of clothing (SD)",96.036772403323800,96.036772403323800,96.036772403323800,96.036772403323800,98.040483622746800,100.038048488736000,100.038048488736000,100.038048488736000,100.038048488736000,100.038048488736000,100.038048488736000,100.038048488736000,98.537826054766100
"....Sorsogon","03.1.3.2 - Clothing accessories (SD)",97.640283051757200,97.640283051757200,97.640283051757200,97.640283051757200,97.642170556863700,97.642170556863700,97.642170556863700,97.642170556863700,97.845082100990200,97.845082100990200,97.845082100990200,97.857703810514000,97.710230378997300
"....Sorsogon","03.1.4 - Cleaning, repair, tailoring and hire of clothing (S)",99.213372664700100,99.213372664700100,99.213372664700100,99.213372664700100,99.803343166175000,99.803343166175000,99.803343166175000,99.803343166175000,99.803343166175000,99.803343166175000,99.803343166175000,99.803343166175000,99.606686332350100
"....Sorsogon","03.1.4.1 - Cleaning of clothing (S)",100.000000000000000,100.000000000000000,100.000000000000000,100.000000000000000,100.000000000000000,100.000000000000000,100.000000000000000,100.000000000000000,100.000000000000000,100.000000000000000,100.000000000000000,100.000000000000000,100.000000000000000
"....Sorsogon","03.1.4.2 - Repair, tailoring and hire of clothing (S)",93.145670932634800,93.145670932634800,93.195155507145100,93.195155507145100,97.997443533212900,97.997443533212900,97.997443533212900,97.997443533212900,97.997443533212900,97.997443533212900,97.997443533212900,97.997443533212900,96.388433428771900
"....Sorsogon","03.2 - FOOTWEAR",93.986820428336100,94.316309719934100,94.316309719934100,94.316309719934100,94.316309719934100,94.481054365733100,94.481054365733100,94.810543657331100,94.810543657331100,94.810543657331100,94.810543657331100,95.387149917627700,94.570291048874300
"....Sorsogon","03.2.1 - Shoes and other footwear (SD)",93.986820428336100,94.316309719934100,94.316309719934100,94.316309719934100,94.316309719934100,94.481054365733100,94.481054365733100,94.810543657331100,94.810543657331100,94.810543657331100,94.810543657331100,95.387149917627700,94.570291048874300
"....Sorsogon","03.2.1.1 - Footwear for men (SD)",93.337708434207400,94.371459402932100,94.371459402932100,94.371459402932100,94.371459402932100,94.371459402932100,94.371459402932100,94.371459402932100,94.371459402932100,94.371459402932100,94.371459402932100,96.088819883232800,94.428426862230100
"....Sorsogon","03.2.1.2 - Footwear for women (SD)",89.984438076052100,89.984438076052100,89.984438076052100,89.984438076052100,89.984438076052100,89.984438076052100,89.984438076052100,91.090209776825500,91.090209776825500,91.090209776825500,91.090209776825500,91.090209776825500,90.445176284707700
"....Sorsogon","03.2.1.3 - Footwear for infants and children (SD)",98.312387728720200,98.312387728720200,98.312387728720200,98.312387728720200,98.312387728720200,98.742000878653100,98.742000878653100,98.742000878653100,98.742000878653100,98.742000878653100,98.742000878653100,98.742000878653100,98.562995399514400
"....Sorsogon","03.2.2 - Cleaning, repair, and hire of footwear (S)",97.403169014084500,97.403169014084500,97.403169014084500,97.403169014084500,97.403169014084500,97.403169014084500,97.403169014084500,97.403169014084500,97.403169014084500,97.403169014084500,97.403169014084500,97.403169014084500,97.403169014084500
"....Sorsogon","03.2.2.0 - Cleaning, repair, and hire of footwear (S)",97.403169014084500,97.403169014084500,97.403169014084500,97.403169014084500,97.403169014084500,97.403169014084500,97.403169014084500,97.403169014084500,97.403169014084500,97.403169014084500,97.403169014084500,97.403169014084500,97.403169014084500
"....Sorsogon","04 - HOUSING, WATER, ELECTRICITY, GAS, AND OTHER FUELS",101.156069364162000,101.059730250482000,100.963391136802000,103.275529865125000,103.564547206166000,99.807321772639700,98.747591522158000,98.169556840077100,97.687861271676300,98.265895953757200,98.940269749518300,98.940269749518300,100.048169556840000
"....Sorsogon","04.1 - ACTUAL RENTALS FOR HOUSING",99.296435272045000,99.296435272045000,99.296435272045000,99.296435272045000,99.296435272045000,99.296435272045000,99.296435272045000,99.296435272045000,99.296435272045000,99.296435272045000,99.296435272045000,99.296435272045000,99.296435272045100
"....Sorsogon","04.1.1 - Actual rentals paid by tenants for main residence (S)",99.296435272045000,99.296435272045000,99.296435272045000,99.296435272045000,99.296435272045000,99.296435272045000,99.296435272045000,99.296435272045000,99.296435272045000,99.296435272045000,99.296435272045000,99.296435272045000,99.296435272045100
"....Sorsogon","04.1.1.0 - Actual rentals paid by tenants for main residence (S)",99.295842735539100,99.295842735539100,99.295842735539100,99.295842735539100,99.295842735539100,99.295842735539100,99.295842735539100,99.295842735539100,99.295842735539100,99.295842735539100,99.295842735539100,99.295842735539100,99.295842735539100
"....Sorsogon","04.3 - MAINTENANCE, REPAIR AND SECURITY OF THE DWELLING",96.652360515021500,97.081545064377700,97.167381974248900,97.253218884120200,97.596566523605200,98.454935622317600,98.454935622317600,98.454935622317600,98.454935622317600,98.540772532188800,98.540772532188800,98.626609442060100,97.939914163090100
"....Sorsogon","04.3.1 - Security equipment and materials for the maintenance and repair of the dwelling (ND)",96.296296296296300,96.632996632996600,96.801346801346800,96.885521885521900,97.138047138047200,98.148148148148200,98.148148148148200,98.148148148148200,98.148148148148200,98.232323232323200,98.316498316498300,98.400673400673400,97.608024691358000
"....Sorsogon","04.3.1.1 - Materials for the maintenance and repair of the dwelling (ND)",96.296296296296300,96.632996632996600,96.801346801346800,96.885521885521900,97.138047138047200,98.148148148148200,98.148148148148200,98.148148148148200,98.148148148148200,98.232323232323200,98.316498316498300,98.400673400673400,97.608024691358000
"....Sorsogon","04.3.2 - Services for the maintenance, repair and security of the dwelling (S)",98.055555555555600,98.703703703703700,98.703703703703700,98.703703703703700,99.444444444444500,99.444444444444500,99.444444444444500,99.444444444444500,99.444444444444500,99.444444444444500,99.444444444444500,99.444444444444500,99.143518518518500
"....Sorsogon","04.3.2.0 - Services for the maintenance, repair and security of the dwelling (S)",98.055555555555600,98.703703703703700,98.703703703703700,98.703703703703700,99.444444444444500,99.444444444444500,99.444444444444500,99.444444444444500,99.444444444444500,99.444444444444500,99.444444444444500,99.444444444444500,99.143518518518500
"....Sorsogon","04.4 - WATER SUPPLY AND MISCELLANEOUS SERVICES RELATING TO THE DWELLING",94.395796847635700,94.395796847635700,94.395796847635700,94.395796847635700,94.395796847635700,94.395796847635700,94.395796847635700,94.395796847635700,94.395796847635700,94.395796847635700,94.395796847635700,94.395796847635700,94.395796847635700
"....Sorsogon","04.4.1 - Water supply (ND)",94.395796847635700,94.395796847635700,94.395796847635700,94.395796847635700,94.395796847635700,94.395796847635700,94.395796847635700,94.395796847635700,94.395796847635700,94.395796847635700,94.395796847635700,94.395796847635700,94.395796847635700
"....Sorsogon","04.4.1.1 - Water supply through network systems (ND)",94.391713761921100,94.391713761921100,94.391713761921100,94.391713761921100,94.393863131484900,94.393863131484900,94.393863131484900,94.393863131484900,94.393863131484900,94.393863131484900,94.393863131484900,94.393863131484900,94.393146674963600
"....Sorsogon","04.5 - ELECTRICITY, GAS AND OTHER FUELS",107.602956705385000,107.180570221753000,106.758183738120000,116.789862724393000,117.740232312566000,101.689545934530000,97.465681098204900,95.142555438226000,93.136219640971500,95.459345300950400,98.310454065469900,98.416050686378000,102.974304822246000
"....Sorsogon","04.5.1 - Electricity (ND)",123.613793103448000,122.744827586207000,121.862068965517000,139.544827586207000,140.441379310345000,111.903448275862000,104.413793103448000,98.882758620689700,95.255172413793100,99.034482758620700,99.034482758620700,99.034482758620700,112.980459770115000
"....Sorsogon","04.5.1.0 - Electricity (ND)",123.617018515437000,122.740882738448000,121.863902900016000,139.541925745172000,140.445915549754000,111.905666005098000,104.409556337039000,98.877577644948300,95.259930303736600,99.033729011752900,99.035417134637200,99.035417134637200,112.980578251723000
"....Sorsogon","04.5.2 - Gas (ND)",86.531049250535300,85.246252676659500,84.668094218415400,83.137044967880100,83.190578158458200,82.558886509636000,80.674518201284800,78.554603854389700,78.758029978586700,82.997858672376900,88.265524625267700,88.672376873661600,83.604568165596000
"....Sorsogon","04.5.2.2 - Liquefied hydrocarbons (ND)",86.535415100191400,85.241760693832000,84.667655733829100,83.138511504980000,83.187788516581900,82.554894535711400,80.669247661584500,78.558548299190100,78.759359671331700,83.000624678511900,88.268064738550600,88.676618609479100,83.604874145314500
"....Sorsogon","04.5.3 - Liquid fuels (ND)",66.357487922705300,71.922705314009700,77.613526570048300,76.724637681159400,77.768115942029000,77.642512077294700,78.734299516908200,77.574879227053100,77.797101449275400,82.048309178744000,83.864734299516900,82.599033816425100,77.553945249597400
"....Sorsogon","04.5.3.0 - Liquid fuels (ND)",66.354743018061100,71.926827451005300,77.611642295357700,76.726321903740100,77.767271639132700,77.646637108662500,78.738519994530000,77.579086440065000,77.799683123870600,82.050415815406300,83.862459383177300,82.599431197217800,77.555253280852200
"....Sorsogon","04.5.4 - Solid fuels (ND)",88.524590163934400,88.524590163934400,88.524590163934400,88.817330210772800,89.929742388758800,89.929742388758800,89.929742388758800,92.213114754098400,92.213114754098400,92.213114754098400,99.121779859484800,99.355971896955500,91.608118657299000
"....Sorsogon","04.5.4.2 - Wood fuel, including pellets and briquettes (ND)",99.042475766920100,99.042475766920100,99.042475766920100,99.042475766920100,99.073655517658400,99.073655517658400,99.073655517658400,99.073655517658400,99.073655517658400,99.073655517658400,99.073655517658400,99.073655517658400,99.063262267412300
"....Sorsogon","04.5.4.3 - Charcoal (ND)",81.137122417244500,81.137122417244500,81.137122417244500,81.665760012037700,83.488867160231900,83.488867160231900,83.488867160231900,87.374124864633900,87.374124864633900,87.374124864633900,99.128527011532900,99.615640603018800,86.367522579410000
"....Sorsogon","05 - FURNISHINGS, HOUSEHOLD EQUIPMENT AND ROUTINE HOUSEHOLD MAINTENANCE",95.371900826446300,97.190082644628100,97.190082644628100,97.355371900826500,97.685950413223100,97.851239669421500,97.851239669421500,97.851239669421500,97.851239669421500,97.933884297520600,97.933884297520600,97.933884297520600,97.500000000000000
"....Sorsogon","05.1 - FURNITURE, FURNISHINGS, AND LOOSE CARPETS",97.608095676173000,97.608095676173000,97.608095676173000,97.608095676173000,98.068077276908900,99.724011039558400,99.724011039558400,99.724011039558400,99.724011039558400,99.724011039558400,99.724011039558400,99.724011039558400,98.880711438209100
"....Sorsogon","05.1.1 - Furniture, furnishings and loose carpets (D)",96.380090497737600,96.380090497737600,96.380090497737600,96.380090497737600,99.457013574660600,99.547511312217200,99.547511312217200,99.547511312217200,99.547511312217200,99.547511312217200,99.547511312217200,99.547511312217200,98.484162895927600
"....Sorsogon","05.1.1.1 - Household furniture (D)",96.321481862945000,96.321481862945000,96.321481862945000,96.321481862945000,99.543076448656100,99.543076448656100,99.543076448656100,99.543076448656100,99.543076448656100,99.543076448656100,99.543076448656100,99.543076448656100,98.469211586752400
"....Sorsogon","05.1.1.3 - Lighting equipment (D)",95.818020198372100,95.818020198372100,95.818020198372100,95.818020198372100,99.181241031461100,99.840248556569200,99.840248556569200,99.840248556569200,99.840248556569200,99.840248556569200,99.840248556569200,99.840248556569200,98.444588476744500
"....Sorsogon","05.1.1.4 - Furnishings, loose carpets and rugs (D)",97.820902351771900,97.820902351771900,97.820902351771900,97.820902351771900,97.835991625592100,99.727266859719300,99.727266859719300,99.727266859719300,99.727266859719300,99.727266859719300,99.727266859719300,99.727266859719300,98.934205754226200
"....Sorsogon","05.2 - HOUSEHOLD TEXTILES",93.665540540540500,93.665540540540500,93.665540540540500,93.665540540540500,93.918918918918900,99.324324324324300,99.324324324324300,99.324324324324300,99.324324324324300,99.324324324324300,99.324324324324300,99.324324324324300,96.987612612612600
"....Sorsogon","05.2.1 - Household textiles (SD)",93.665540540540500,93.665540540540500,93.665540540540500,93.665540540540500,93.918918918918900,99.324324324324300,99.324324324324300,99.324324324324300,99.324324324324300,99.324324324324300,99.324324324324300,99.324324324324300,96.987612612612600
"....Sorsogon","05.2.1.1 - Furnishing fabrics and curtains (SD)",87.760509759846300,87.760509759846300,87.760509759846300,87.760509759846300,87.760509759846300,100.023578323622000,100.023578323622000,100.023578323622000,100.023578323622000,100.023578323622000,100.023578323622000,100.023578323622000,94.913966422048900
"....Sorsogon","05.2.1.2 - Bed linen and bedding (SD)",98.399077876008800,98.399077876008800,98.399077876008800,98.399077876008800,98.518184140346200,99.579206033562300,99.579206033562300,99.579206033562300,99.579206033562300,99.579206033562300,99.579206033562300,99.579206033562300,99.097411489943100
"....Sorsogon","05.2.1.3 - Table linen and bathroom linen (SD)",97.472049787859900,97.472049787859900,97.472049787859900,97.472049787859900,97.472049787859900,97.472049787859900,97.472049787859900,97.472049787859900,97.472049787859900,97.472049787859900,97.472049787859900,97.472049787859900,97.472049787859900
"....Sorsogon","05.2.1.9 - Other household textiles (SD)",89.615111476192500,89.615111476192500,89.615111476192500,89.615111476192500,89.732958461783900,89.732958461783900,89.732958461783900,89.732958461783900,89.732958461783900,89.732958461783900,89.732958461783900,89.732958461783900,89.693676133253400
"....Sorsogon","05.3 - HOUSEHOLD APPLIANCES",99.242424242424200,99.242424242424200,99.242424242424200,99.053030303030300,99.431818181818200,99.431818181818200,99.431818181818200,99.431818181818200,99.431818181818200,99.431818181818200,99.431818181818200,99.431818181818200,99.352904040404100
"....Sorsogon","05.3.1 - Major household appliances, whether electric or not (D)",99.717779868297300,99.717779868297300,99.717779868297300,99.717779868297300,99.905926622765800,99.905926622765800,99.905926622765800,99.905926622765800,99.905926622765800,99.905926622765800,99.905926622765800,99.905926622765800,99.843211037942900
"....Sorsogon","05.3.1.1 - Major kitchen appliances (D)",99.640359235082200,99.640359235082200,99.640359235082200,99.640359235082200,99.857921917702900,99.857921917702900,99.857921917702900,99.857921917702900,99.857921917702900,99.857921917702900,99.857921917702900,99.857921917702900,99.785401023496000
"....Sorsogon","05.3.1.2 - Major laundry appliances (D)",100.035825668843000,100.035825668843000,100.035825668843000,100.035825668843000,100.035825668843000,100.035825668843000,100.035825668843000,100.035825668843000,100.035825668843000,100.035825668843000,100.035825668843000,100.035825668843000,100.035825668844000
"....Sorsogon","05.3.1.3 - Heaters, air conditioners (D)",..,..,..,..,..,..,..,..,..,..,..,..,..
"....Sorsogon","05.3.2 - Small household appliances (SD)",98.044103547459300,98.044103547459300,98.044103547459300,97.622243528283800,98.456375838926200,98.456375838926200,98.456375838926200,98.456375838926200,98.456375838926200,98.456375838926200,98.456375838926200,98.456375838926200,98.283796740172600
"....Sorsogon","05.3.2.1 - Small appliances for cooking and processing of food (SD)",98.042102692334800,98.042102692334800,98.042102692334800,97.624298946853600,98.456375549283300,98.456375549283300,98.456375549283300,98.456375549283300,98.456375549283300,98.456375549283300,98.456375549283300,98.456375549283300,98.283467618177000
"....Sorsogon","05.3.2.9 - Other small household appliances (SD)",0.000000000000000,0.000000000000000,0.000000000000000,0.000000000000000,0.000000000000000,0.000000000000000,0.000000000000000,0.000000000000000,0.000000000000000,0.000000000000000,0.000000000000000,0.000000000000000,0.000000000000000
"....Sorsogon","05.3.3 - Repair, installation and hire of household appliances (S)",99.786407766990300,99.786407766990300,99.786407766990300,99.300970873786400,100.155339805825000,100.155339805825000,100.155339805825000,100.155339805825000,100.155339805825000,100.155339805825000,100.155339805825000,100.155339805825000,99.991909385113200
"....Sorsogon","05.3.3.0 - Repair, installation and hire of household appliances (S)",99.886408440316600,99.886408440316600,99.886408440316600,99.396859895371200,100.253569849026000,100.253569849026000,100.253569849026000,100.253569849026000,100.253569849026000,100.253569849026000,100.253569849026000,100.253569849026000,100.090387000711000
"....Sorsogon","05.4 - GLASSWARE, TABLEWARE AND HOUSEHOLD UTENSILS",99.327569644572500,99.327569644572500,99.327569644572500,99.231508165225700,99.327569644572500,99.327569644572500,99.327569644572500,99.327569644572500,99.327569644572500,99.327569644572500,99.327569644572500,99.423631123919300,99.327569644572500
"....Sorsogon","05.4.0 - Glassware, tableware and household utensils (SD)",99.327569644572500,99.327569644572500,99.327569644572500,99.231508165225700,99.327569644572500,99.327569644572500,99.327569644572500,99.327569644572500,99.327569644572500,99.327569644572500,99.327569644572500,99.423631123919300,99.327569644572500
"....Sorsogon","05.4.0.1 - Glassware, crystal-ware, ceramic ware and chinaware (SD)",99.044007115641400,99.044007115641400,99.044007115641400,99.044007115641400,98.962891667116200,98.962891667116200,98.962891667116200,98.962891667116200,99.140290688987800,99.140290688987800,99.140290688987800,99.175580735377000,99.052003994447500
"....Sorsogon","05.4.0.2 - Cutlery, flatware and silverware (SD)",0.000000000000000,0.000000000000000,0.000000000000000,0.000000000000000,0.000000000000000,0.000000000000000,0.000000000000000,0.000000000000000,0.000000000000000,0.000000000000000,0.000000000000000,0.000000000000000,0.000000000000000
"....Sorsogon","05.4.0.3 - Kitchen utensils and articles (SD)",99.405118891684900,99.405118891684900,99.405118891684900,99.363226105484300,99.448511116783400,99.448511116783400,99.448511116783400,99.480314160083000,99.480314160083000,99.480314160083000,99.480314160083000,99.532505688737600,99.448156538329900
"....Sorsogon","05.5 - TOOLS AND EQUIPMENT FOR HOUSE AND GARDEN",99.057492931197000,99.057492931197000,99.057492931197000,99.057492931197000,99.622997172478800,99.622997172478800,99.622997172478800,99.622997172478800,99.622997172478800,99.622997172478800,99.622997172478800,99.622997172478800,99.434495758718200
"....Sorsogon","05.5.1 - Motorized tools and equipment (D)",100.875000000000000,100.875000000000000,100.875000000000000,100.875000000000000,100.875000000000000,100.875000000000000,100.875000000000000,100.875000000000000,100.875000000000000,100.875000000000000,100.875000000000000,100.875000000000000,100.875000000000000
"....Sorsogon","05.5.1.0 - Motorized tools and equipment (D)",100.871145313995000,100.871145313995000,100.871145313995000,100.871145313995000,100.871145313995000,100.871145313995000,100.871145313995000,100.871145313995000,100.871145313995000,100.871145313995000,100.871145313995000,100.871145313995000,100.871145313995000
"....Sorsogon","05.5.2 - Non-motorized tools and miscellaneous accessories (SD)",97.409805735430200,97.409805735430200,97.409805735430200,97.409805735430200,98.427382053654000,98.427382053654000,98.427382053654000,98.427382053654000,98.427382053654000,98.519888991674400,98.519888991674400,98.519888991674400,98.111316682084500
"....Sorsogon","05.5.2.1 - Non-motorized tools (SD)",96.850092930109200,96.850092930109200,96.850092930109200,96.850092930109200,98.487938364010000,98.636541369049700,98.636541369049700,98.636541369049700,98.636541369049700,98.636541369049700,98.636541369049700,98.636541369049700,98.028674972316200
"....Sorsogon","05.5.2.2 - Miscellaneous accessories (SD)",98.026815769648300,98.026815769648300,98.026815769648300,98.043723875214500,98.349934413743500,98.349934413743500,98.349934413743500,98.349934413743500,98.349934413743500,98.487407780664900,98.487407780664900,98.487407780664900,98.278005549572700
"....Sorsogon","05.6 - GOODS AND SERVICES FOR ROUTINE HOUSEHOLD MAINTENANCE",94.766505636070900,97.020933977455700,97.020933977455700,97.262479871175500,97.504025764895300,97.504025764895300,97.504025764895300,97.504025764895300,97.504025764895300,97.584541062801900,97.584541062801900,97.584541062801900,97.195383789586700
"....Sorsogon","05.6.1 - Non-durable household goods (ND)",96.566901408450700,96.566901408450700,96.566901408450700,96.919014084507000,97.271126760563400,97.271126760563400,97.271126760563400,97.271126760563400,97.271126760563400,97.359154929577500,97.359154929577500,97.359154929577500,97.087734741784100
"....Sorsogon","05.6.1.1 - Household cleaning and maintenance products (ND)",96.436466884510800,96.436466884510800,96.436466884510800,96.823593102079800,97.165187333626400,97.192593689268300,97.192593689268300,97.222016631875300,97.222016631875300,97.263735552802000,97.263735552802000,97.263735552802000,96.993217365827600
"....Sorsogon","05.6.1.9 - Other non-durable household goods (ND)",97.844339340696800,97.844339340696800,97.844339340696800,98.132126753043900,98.137345159205200,98.137345159205200,98.137345159205200,98.137345159205200,98.173827463814100,98.173827463814100,98.173827463814100,98.768438946965900,98.125370562530300
"....Sorsogon","05.6.2 - Domestic services and household services (S)",90.398753894081000,98.149532710280400,98.149532710280400,98.149532710280400,98.149532710280400,98.149532710280400,98.149532710280400,98.149532710280400,98.149532710280400,98.149532710280400,98.149532710280400,98.149532710280400,97.503634475597100
"....Sorsogon","05.6.2.1 - Domestic services by paid staff (S)",90.398267815718500,98.146758071985700,98.146758071985700,98.146758071985700,98.146758071985700,98.146758071985700,98.146758071985700,98.146758071985700,98.146758071985700,98.146758071985700,98.146758071985700,98.146758071985700,97.501050550630100
"....Sorsogon","06 - HEALTH",93.061578490893300,93.061578490893300,93.928881179531700,94.015611448395500,94.189071986123200,94.189071986123200,94.189071986123200,94.189071986123200,94.449262792714700,94.535993061578500,94.535993061578500,94.535993061578500,94.073431627638000
"....Sorsogon","06.1 - MEDICINES AND HEALTH PRODUCTS",97.668161434977600,97.668161434977600,97.668161434977600,97.757847533632300,98.026905829596400,98.026905829596400,98.026905829596400,98.026905829596400,98.475336322870000,98.654708520179400,98.654708520179400,98.654708520179400,98.109118086696600
"....Sorsogon","06.1.1 - Medicines (ND)",97.674418604651200,97.674418604651200,97.674418604651200,97.763864042933800,98.032200357781700,98.032200357781700,98.032200357781700,98.032200357781700,98.479427549195000,98.658318425760300,98.658318425760300,98.658318425760300,98.114192009540800
"....Sorsogon","06.1.1.1 - Medicines, vaccines and other pharmaceutical preparations (ND)",97.674418604651200,97.674418604651200,97.674418604651200,97.763864042933800,98.032200357781700,98.032200357781700,98.032200357781700,98.032200357781700,98.479427549195000,98.658318425760300,98.658318425760300,98.658318425760300,98.114192009540800
"....Sorsogon","06.1.2 - Medical products (ND)",97.116279069767400,97.116279069767400,97.116279069767400,97.116279069767400,96.930232558139500,96.930232558139500,96.930232558139500,96.930232558139500,96.930232558139500,96.930232558139500,96.930232558139500,96.930232558139500,96.992248062015500
"....Sorsogon","06.1.2.1 - Medical diagnostic products (ND)",94.924235788736100,94.924235788736100,94.924235788736100,94.924235788736100,95.213591261151900,95.213591261151900,95.213591261151900,95.213591261151900,95.213591261151900,95.213591261151900,95.213591261151900,95.213591261151900,95.117139437013300
"....Sorsogon","06.1.2.2 - Prevention and protective devices (ND)",0.000000000000000,0.000000000000000,0.000000000000000,0.000000000000000,0.000000000000000,0.000000000000000,0.000000000000000,0.000000000000000,0.000000000000000,0.000000000000000,0.000000000000000,0.000000000000000,0.000000000000000
"....Sorsogon","06.1.2.3 - Treatment devices for personal use (ND)",98.311023496443400,98.311023496443400,98.311023496443400,98.311023496443400,97.848550947896700,97.848550947896700,97.848550947896700,97.848550947896700,97.848550947896700,97.848550947896700,97.848550947896700,97.848550947896700,98.002708464078900
"....Sorsogon","06.1.3 - Assistive products (D)",99.844660194174800,99.844660194174800,99.844660194174800,99.844660194174800,99.844660194174800,99.844660194174800,99.844660194174800,99.844660194174800,99.844660194174800,99.844660194174800,99.844660194174800,99.844660194174800,99.844660194174800
"....Sorsogon","06.1.3.1 - Assistive products for vision (D)",99.844292483153400,99.844292483153400,99.844292483153400,99.844292483153400,99.844292483153400,99.844292483153400,99.844292483153400,99.844292483153400,99.844292483153400,99.844292483153400,99.844292483153400,99.844292483153400,99.844292483153400
"....Sorsogon","06.2 - OUTPATIENT CARE SERVICES",93.964110929853200,93.964110929853200,99.755301794453500,99.755301794453500,99.836867862969000,99.836867862969000,99.836867862969000,99.836867862969000,99.836867862969000,99.836867862969000,99.836867862969000,99.836867862969000,98.844480696030500
"....Sorsogon","06.2.1 - Preventive care services (S)",93.263833199679200,93.263833199679200,99.919807538091400,99.919807538091400,100.000000000000000,100.000000000000000,100.000000000000000,100.000000000000000,100.000000000000000,100.000000000000000,100.000000000000000,100.000000000000000,98.863940122961800
"....Sorsogon","06.2.1.9 - Other preventive services (S)",93.329556979697400,93.329556979697400,99.943399178286900,99.943399178286900,100.029881039640000,100.029881039640000,100.029881039640000,100.029881039640000,100.029881039640000,100.029881039640000,100.029881039640000,100.029881039640000,98.898746719424200
"....Sorsogon","06.2.2 - Outpatient dental services (S)",87.571189279732000,89.095477386934700,89.095477386934700,89.095477386934700,89.095477386934700,89.095477386934700,89.095477386934700,89.095477386934700,89.095477386934700,89.095477386934700,89.095477386934700,89.095477386934700,88.968453378001100
"....Sorsogon","06.2.2.1 - Dental preventive services (S)",87.645096961591700,89.171194529303100,89.171194529303100,89.171194529303100,89.171194529303100,89.171194529303100,89.171194529303100,89.171194529303100,89.171194529303100,89.171194529303100,89.171194529303100,89.171194529303100,89.044019731993900
"....Sorsogon","06.2.3 - Other outpatient care services (S)",..,..,..,..,..,..,..,..,..,..,..,..,..
"....Sorsogon","06.2.3.1 - Outpatient curative and rehabilitative services (S)",..,..,..,..,..,..,..,..,..,..,..,..,..
"....Sorsogon","06.3 - INPATIENT CARE SERVICES",82.845188284518800,82.845188284518800,82.845188284518800,82.845188284518800,82.845188284518800,82.845188284518800,82.845188284518800,82.845188284518800,82.845188284518800,82.845188284518800,82.845188284518800,82.845188284518800,82.845188284518800
"....Sorsogon","06.3.1 - Inpatient curative and rehabilitative services (S)",82.845188284518800,82.845188284518800,82.845188284518800,82.845188284518800,82.845188284518800,82.845188284518800,82.845188284518800,82.845188284518800,82.845188284518800,82.845188284518800,82.845188284518800,82.845188284518800,82.845188284518800
"....Sorsogon","06.3.1.0 - Inpatient curative and rehabilitative services (S)",82.844627590206200,82.844627590206200,82.844627590206200,82.844627590206200,82.844627590206200,82.844627590206200,82.844627590206200,82.844627590206200,82.844627590206200,82.844627590206200,82.844627590206200,82.844627590206200,82.844627590206200
"....Sorsogon","06.4 - OTHER HEALTH SERVICES",0.000000000000000,0.000000000000000,0.000000000000000,0.000000000000000,0.000000000000000,0.000000000000000,0.000000000000000,0.000000000000000,0.000000000000000,0.000000000000000,0.000000000000000,0.000000000000000,0.000000000000000
"....Sorsogon","06.4.1 - Diagnostic imaging services and medical laboratory services (S)",0.000000000000000,0.000000000000000,0.000000000000000,0.000000000000000,0.000000000000000,0.000000000000000,0.000000000000000,0.000000000000000,0.000000000000000,0.000000000000000,0.000000000000000,0.000000000000000,0.000000000000000
"....Sorsogon","06.4.1.0 - Diagnostic imaging services and medical laboratory services (S)",0.000000000000000,0.000000000000000,0.000000000000000,0.000000000000000,0.000000000000000,0.000000000000000,0.000000000000000,0.000000000000000,0.000000000000000,0.000000000000000,0.000000000000000,0.000000000000000,0.000000000000000
"....Sorsogon","07 - TRANSPORT",93.700787401574800,93.602362204724400,94.291338582677200,94.586614173228300,95.374015748031500,95.767716535433100,95.570866141732300,95.570866141732300,95.964566929133900,96.062992125984300,95.964566929133900,96.653543307086600,95.259186351706000
"....Sorsogon","07.1 - PURCHASE OF VEHICLES",100.200000000000000,100.200000000000000,100.200000000000000,100.200000000000000,100.200000000000000,100.200000000000000,100.200000000000000,100.200000000000000,100.200000000000000,100.200000000000000,100.200000000000000,100.200000000000000,100.200000000000000
"....Sorsogon","07.1.1 - Motor cars (D)",..,..,..,..,..,..,..,..,..,..,..,..,..
"....Sorsogon","07.1.1.1 - New motor cars (D)",..,..,..,..,..,..,..,..,..,..,..,..,..
"....Sorsogon","07.1.2 - Motorcycles (D)",100.190571715145000,100.190571715145000,100.190571715145000,100.190571715145000,100.190571715145000,100.190571715145000,100.190571715145000,100.190571715145000,100.190571715145000,100.190571715145000,100.190571715145000,100.190571715145000,100.190571715145000
"....Sorsogon","07.1.2.0 - Motorcycles (D)",100.187630306690000,100.187630306690000,100.187630306690000,100.187630306690000,100.187630306690000,100.187630306690000,100.187630306690000,100.187630306690000,100.187630306690000,100.187630306690000,100.187630306690000,100.187630306690000,100.187630306690000
"....Sorsogon","07.1.3 - Bicycles (D)",99.952198852772500,99.952198852772500,99.952198852772500,99.952198852772500,99.952198852772500,99.952198852772500,99.952198852772500,99.952198852772500,99.952198852772500,99.952198852772500,99.952198852772500,99.952198852772500,99.952198852772500
"....Sorsogon","07.1.3.0 - Bicycles (D)",99.956817321103600,99.956817321103600,99.956817321103600,99.956817321103600,99.956817321103600,99.956817321103600,99.956817321103600,99.956817321103600,99.956817321103600,99.956817321103600,99.956817321103600,99.956817321103600,99.956817321103600
"....Sorsogon","07.2 - OPERATION OF PERSONAL TRANSPORT EQUIPMENT",78.520041109969200,77.183967112024700,80.472764645426500,80.781089414182900,84.789311408016400,85.405960945529300,84.583761562178800,84.480986639260000,85.508735868448100,86.742034943473800,86.536485097636200,88.078108941418300,83.590270640630400
"....Sorsogon","07.2.1 - Parts and accessories for personal transport equipment (SD)",98.305084745762700,98.305084745762700,98.305084745762700,98.305084745762700,98.587570621468900,98.587570621468900,98.587570621468900,98.587570621468900,98.587570621468900,98.587570621468900,98.587570621468900,98.587570621468900,98.493408662900200
"....Sorsogon","07.2.1.1 - Tires (SD)",..,..,..,..,..,..,..,..,..,..,..,..,..
"....Sorsogon","07.2.1.2 - Parts for personal transport equipment (SD)",98.333520901680100,98.333520901680100,98.333520901680100,98.333520901680100,98.589898517143100,98.589898517143100,98.589898517143100,98.589898517143100,98.589898517143100,98.589898517143100,98.589898517143100,98.589898517143100,98.504439311988800
"....Sorsogon","07.2.1.3 - Accessories for personal transport equipment (SD)",..,..,..,..,..,..,..,..,..,..,..,..,..
"....Sorsogon","07.2.2 - Fuels and lubricants for personal transport equipment (ND)",74.401664932362100,72.736732570239400,76.690946930281000,77.107180020811700,81.893860561914700,82.622268470343400,81.581685744016700,81.477627471384000,82.726326742976100,84.183142559833500,83.975026014568200,85.848074921956300,80.437044745057200
"....Sorsogon","07.2.2.1 - Diesel (ND)",0.000000000000000,0.000000000000000,0.000000000000000,0.000000000000000,0.000000000000000,0.000000000000000,0.000000000000000,0.000000000000000,0.000000000000000,0.000000000000000,0.000000000000000,0.000000000000000,0.000000000000000
"....Sorsogon","07.2.2.2 - Gasoline (ND)",0.000000000000000,0.000000000000000,0.000000000000000,0.000000000000000,0.000000000000000,0.000000000000000,0.000000000000000,0.000000000000000,0.000000000000000,0.000000000000000,0.000000000000000,0.000000000000000,0.000000000000000
"....Sorsogon","07.2.2.3 - Other fuels for personal transport equipment (ND)",..,..,..,..,..,..,..,..,..,..,..,..,..
"....Sorsogon","07.2.2.4 - Lubricants (ND)",98.246862439018800,98.246862439018800,98.246862439018800,98.246862439018800,99.974962284835600,99.974962284835600,100.043924943908000,100.043924943908000,100.043924943908000,100.043924943908000,100.043924943908000,100.043924943908000,99.433410332432900
"....Sorsogon","07.2.3 - Maintenance and repair of personal transport equipment (S)",100.000000000000000,100.000000000000000,100.000000000000000,100.000000000000000,100.010000000000000,100.010000000000000,100.010000000000000,100.010000000000000,100.010000000000000,100.010000000000000,100.010000000000000,100.010000000000000,100.006666666667000
"....Sorsogon","07.2.3.0 - Maintenance and repair of personal transport equipment (S)",100.000000000000000,100.000000000000000,100.000000000000000,100.000000000000000,100.011344299587000,100.011344299587000,100.011344299587000,100.011344299587000,100.011344299587000,100.011344299587000,100.011344299587000,100.011344299587000,100.007562866391000
"....Sorsogon","07.2.4 - Other services in respect of personal transport equipment (S)",0.000000000000000,0.000000000000000,0.000000000000000,0.000000000000000,0.000000000000000,0.000000000000000,0.000000000000000,0.000000000000000,0.000000000000000,0.000000000000000,0.000000000000000,0.000000000000000,0.000000000000000
"....Sorsogon","07.2.4.2 - Toll facilities (S)",0.000000000000000,0.000000000000000,0.000000000000000,0.000000000000000,0.000000000000000,0.000000000000000,0.000000000000000,0.000000000000000,0.000000000000000,0.000000000000000,0.000000000000000,0.000000000000000,0.000000000000000
"....Sorsogon","07.2.4.3 - Driving lessons, tests, licences, and road worthiness tests (S)",..,..,..,..,..,..,..,..,..,..,..,..,..
"....Sorsogon","07.3 - PASSENGER TRANSPORT SERVICES",99.136276391554700,99.520153550863700,99.136276391554700,99.520153550863700,99.136276391554700,99.520153550863700,99.520153550863700,99.616122840691000,99.712092130518200,99.328214971209200,99.328214971209200,99.808061420345500,99.440179142674400
"....Sorsogon","07.3.1 - Passenger transport by railway (S)",..,..,..,..,..,..,..,..,..,..,..,..,..
"....Sorsogon","07.3.1.1 - Passenger transport by train (S)",..,..,..,..,..,..,..,..,..,..,..,..,..
"....Sorsogon","07.3.1.2 - Passenger transport by rapid transit and tram (S)",..,..,..,..,..,..,..,..,..,..,..,..,..
"....Sorsogon","07.3.2 - Passenger transport by road (S)",99.900199600798400,99.900199600798400,99.900199600798400,99.900199600798400,99.900199600798400,99.900199600798400,99.900199600798400,99.900199600798400,99.900199600798400,100.000000000000000,100.000000000000000,100.000000000000000,99.925149700598800
"....Sorsogon","07.3.2.1 - Passenger transport by bus and coach (S)",99.119074782055700,99.718585315011700,99.718585315011700,99.718585315011700,99.718585315011700,99.718585315011700,99.718585315011700,99.718585315011700,99.718585315011700,99.918422159330400,99.918422159330400,99.918422159330400,99.718585315011700
"....Sorsogon","07.3.2.2 - Passenger transport by taxi and hired car with driver (S)",..,..,..,..,..,..,..,..,..,..,..,..,..
"....Sorsogon","07.3.2.9 - Other passenger transport by road (S)",100.003563065843000,100.003563065843000,100.003563065843000,100.003563065843000,100.003563065843000,100.003563065843000,100.003563065843000,100.003563065843000,100.003563065843000,100.003563065843000,100.003563065843000,100.003563065843000,100.003563065843000
"....Sorsogon","07.3.3 - Passenger transport by air (S)",91.859774212715400,96.506238859180000,91.859774212715400,96.506238859180000,91.859774212715400,96.024955436720100,96.024955436720100,97.248960190136600,98.467023172905500,93.012477718360000,93.012477718360000,98.467023172905500,95.070806100217900
"....Sorsogon","07.3.3.1 - Passenger transport by air, domestic (S)",91.858145226704600,96.504496433849700,91.858145226704600,96.504496433849700,91.858145226704600,96.024591614332300,96.024591614332300,97.246167518558300,98.467743422784200,93.014279564632700,93.014279564632700,98.467743422784200,95.070235439155800
"....Sorsogon","07.3.4 - Passenger transport by sea and inland waterway (S)",..,..,..,..,..,..,..,..,..,..,..,..,..
"....Sorsogon","07.3.4.0 - Passenger transport by sea and inland waterway (S)",..,..,..,..,..,..,..,..,..,..,..,..,..
"....Sorsogon","07.4 - TRANSPORT SERVICES OF GOODS",99.319727891156500,99.319727891156500,99.319727891156500,99.319727891156500,99.319727891156500,99.319727891156500,99.319727891156500,99.319727891156500,99.319727891156500,99.319727891156500,99.319727891156500,99.319727891156500,99.319727891156500
"....Sorsogon","07.4.1 - Postal and courier services (S)",99.319727891156500,99.319727891156500,99.319727891156500,99.319727891156500,99.319727891156500,99.319727891156500,99.319727891156500,99.319727891156500,99.319727891156500,99.319727891156500,99.319727891156500,99.319727891156500,99.319727891156500
"....Sorsogon","07.4.1.1 - Letter handling services (S)",0.000000000000000,0.000000000000000,0.000000000000000,0.000000000000000,0.000000000000000,0.000000000000000,0.000000000000000,0.000000000000000,0.000000000000000,0.000000000000000,0.000000000000000,0.000000000000000,0.000000000000000
"....Sorsogon","07.4.1.2 - Courier and parcel delivery services (S)",98.714829736485100,98.714829736485100,98.714829736485100,98.714829736485100,98.714829736485100,98.714829736485100,98.714829736485100,98.714829736485100,98.714829736485100,98.714829736485100,98.714829736485100,98.714829736485100,98.714829736485100
"....Sorsogon","08 - INFORMATION AND COMMUNICATION",98.760724499523300,98.760724499523300,98.760724499523300,98.760724499523300,100.190657769304000,100.190657769304000,100.190657769304000,100.190657769304000,100.190657769304000,100.190657769304000,100.190657769304000,100.190657769304000,99.714013346043800
"....Sorsogon","08.1 - INFORMATION AND COMMUNICATION EQUIPMENT",96.694995278564700,96.694995278564700,96.694995278564700,96.694995278564700,99.716713881019800,99.716713881019800,99.716713881019800,99.716713881019800,99.716713881019800,99.716713881019800,99.716713881019800,99.716713881019800,98.709474346868100
"....Sorsogon","08.1.1 - Fixed telephone equipment (D)",..,..,..,..,..,..,..,..,..,..,..,..,..
"....Sorsogon","08.1.1.0 - Fixed telephone equipment (D)",..,..,..,..,..,..,..,..,..,..,..,..,..
"....Sorsogon","08.1.2 - Mobile telephone equipment (D)",100.000000000000000,100.000000000000000,100.000000000000000,100.000000000000000,100.000000000000000,100.000000000000000,100.000000000000000,100.000000000000000,100.000000000000000,100.000000000000000,100.000000000000000,100.000000000000000,100.000000000000000
"....Sorsogon","08.1.2.0 - Mobile telephone equipment (D)",100.000000000000000,100.000000000000000,100.000000000000000,100.000000000000000,100.000000000000000,100.000000000000000,100.000000000000000,100.000000000000000,100.000000000000000,100.000000000000000,100.000000000000000,100.000000000000000,100.000000000000000
"....Sorsogon","08.1.3 - Information processing equipment (D)",98.817733990147800,98.817733990147800,98.817733990147800,98.817733990147800,99.507389162561600,99.507389162561600,99.507389162561600,99.507389162561600,99.507389162561600,99.507389162561600,99.507389162561600,99.507389162561600,99.277504105090300
"....Sorsogon","08.1.3.1 - Computers, laptops and tablets (D)",98.911968348170100,98.911968348170100,98.911968348170100,98.911968348170100,99.587780547639300,99.587780547639300,99.587780547639300,99.587780547639300,99.587780547639300,99.587780547639300,99.587780547639300,99.587780547639300,99.362509814482900
"....Sorsogon","08.1.3.2 - Peripheral equipment and its consumable components (D)",90.470328744895700,90.470328744895700,90.470328744895700,90.470328744895700,100.458394813578000,100.458394813578000,100.458394813578000,100.458394813578000,100.458394813578000,100.458394813578000,100.458394813578000,100.458394813578000,97.129039457350500
"....Sorsogon","08.1.4 - Equipment for the reception, recording and reproduction of sound and vision (D)",89.615699100572400,89.615699100572400,89.615699100572400,89.615699100572400,99.672935404742400,99.672935404742400,99.672935404742400,99.672935404742400,99.672935404742400,99.672935404742400,99.672935404742400,99.672935404742400,96.320523303352400
"....Sorsogon","08.1.4.0 - Equipment for the reception, recording and reproduction of sound and vision (D)",89.615699100572400,89.615699100572400,89.615699100572400,89.615699100572400,99.672935404742400,99.672935404742400,99.672935404742400,99.672935404742400,99.672935404742400,99.672935404742400,99.672935404742400,99.672935404742400,96.320523303352400
"....Sorsogon","08.1.5 - Unrecorded recording media (SD)",100.000000000000000,100.000000000000000,100.000000000000000,100.000000000000000,100.000000000000000,100.000000000000000,100.000000000000000,100.000000000000000,100.000000000000000,100.000000000000000,100.000000000000000,100.000000000000000,100.000000000000000
"....Sorsogon","08.1.5.0 - Unrecorded recording media (SD)",100.000000000000000,100.000000000000000,100.000000000000000,100.000000000000000,100.000000000000000,100.000000000000000,100.000000000000000,100.000000000000000,100.000000000000000,100.000000000000000,100.000000000000000,100.000000000000000,100.000000000000000
"....Sorsogon","08.3 - INFORMATION AND COMMUNICATION SERVICES",100.480307396734000,100.480307396734000,100.480307396734000,100.480307396734000,100.480307396734000,100.480307396734000,100.480307396734000,100.480307396734000,100.480307396734000,100.480307396734000,100.480307396734000,100.480307396734000,100.480307396734000
"....Sorsogon","08.3.1 - Fixed communication services (S)",..,..,..,..,..,..,..,..,..,..,..,..,..
"....Sorsogon","08.3.1.0 - Fixed communication services (S)",..,..,..,..,..,..,..,..,..,..,..,..,..
"....Sorsogon","08.3.2 - Mobile communication services (S)",100.469656338998000,100.469656338998000,100.469656338998000,100.469656338998000,100.469656338998000,100.469656338998000,100.469656338998000,100.469656338998000,100.469656338998000,100.469656338998000,100.469656338998000,100.469656338998000,100.469656338998000
"....Sorsogon","08.3.2.0 - Mobile communication services (S)",100.469656338998000,100.469656338998000,100.469656338998000,100.469656338998000,100.469656338998000,100.469656338998000,100.469656338998000,100.469656338998000,100.469656338998000,100.469656338998000,100.469656338998000,100.469656338998000,100.469656338998000
"....Sorsogon","08.3.3 - Internet access provision services and net storage services (S)",100.257659403834000,100.257659403834000,100.257659403834000,100.257659403834000,100.257659403834000,100.257659403834000,100.257659403834000,100.257659403834000,100.257659403834000,100.257659403834000,100.257659403834000,100.257659403834000,100.257659403834000
"....Sorsogon","08.3.3.0 - Internet access provision services and net storage services (S)",100.257659403834000,100.257659403834000,100.257659403834000,100.257659403834000,100.257659403834000,100.257659403834000,100.257659403834000,100.257659403834000,100.257659403834000,100.257659403834000,100.257659403834000,100.257659403834000,100.257659403834000
"....Sorsogon","08.3.5 - Repair and rental of information and communication equipment (S)",..,..,..,..,..,..,..,..,..,..,..,..,..
"....Sorsogon","08.3.5.0 - Repair and rental of information and communication equipment (S)",..,..,..,..,..,..,..,..,..,..,..,..,..
"....Sorsogon","09 - RECREATION, SPORT AND CULTURE",95.316565481353000,95.316565481353000,95.316565481353000,95.316565481353000,96.704249783174300,97.137901127493500,97.137901127493500,97.137901127493500,97.137901127493500,97.137901127493500,96.964440589765800,97.051170858629700,96.472969066204100
"....Sorsogon","09.1 - RECREATIONAL DURABLES",100.000000000000000,100.000000000000000,100.000000000000000,100.000000000000000,100.000000000000000,100.000000000000000,100.000000000000000,100.000000000000000,100.000000000000000,100.000000000000000,100.000000000000000,100.000000000000000,100.000000000000000
"....Sorsogon","09.1.1 - Photographic and cinematographic equipment and optical instruments (D)",100.000000000000000,100.000000000000000,100.000000000000000,100.000000000000000,100.000000000000000,100.000000000000000,100.000000000000000,100.000000000000000,100.000000000000000,100.000000000000000,100.000000000000000,100.000000000000000,100.000000000000000
"....Sorsogon","09.1.1.1 - Cameras (D)",100.000000000000000,100.000000000000000,100.000000000000000,100.000000000000000,100.000000000000000,100.000000000000000,100.000000000000000,100.000000000000000,100.000000000000000,100.000000000000000,100.000000000000000,100.000000000000000,100.000000000000000
"....Sorsogon","09.2 - OTHER RECREATIONAL GOODS",95.905368516833500,95.905368516833500,95.905368516833500,95.905368516833500,96.542311191992700,98.180163785259300,98.180163785259300,98.180163785259300,98.180163785259300,98.180163785259300,97.634212920837100,97.634212920837100,97.194419168941500
"....Sorsogon","09.2.1 - Games, toys and hobbies (SD)",99.416342412451400,99.416342412451400,99.416342412451400,99.416342412451400,100.291828793774000,100.291828793774000,100.291828793774000,100.291828793774000,100.291828793774000,100.291828793774000,100.291828793774000,100.291828793774000,100.000000000000000
"....Sorsogon","09.2.1.2 - Other games, toys and hobbies (SD)",99.416342412451400,99.416342412451400,99.416342412451400,99.416342412451400,100.291828793774000,100.291828793774000,100.291828793774000,100.291828793774000,100.291828793774000,100.291828793774000,100.291828793774000,100.291828793774000,100.000000000000000
"....Sorsogon","09.2.2 - Equipment for sport, camping and open-air recreation (SD)",99.504950495049500,99.504950495049500,99.504950495049500,99.504950495049500,99.801980198019800,99.801980198019800,99.801980198019800,99.801980198019800,99.801980198019800,99.801980198019800,99.801980198019800,99.801980198019800,99.702970297029700
"....Sorsogon","09.2.2.1 - Equipment for sport (SD)",99.026411659394500,99.026411659394500,99.026411659394500,99.026411659394500,99.549029984552800,99.549029984552800,99.549029984552800,99.549029984552800,99.549029984552800,99.549029984552800,99.549029984552800,99.549029984552800,99.374823876166700
"....Sorsogon","09.2.2.2 - Equipment for camping and open-air recreation (SD)",..,..,..,..,..,..,..,..,..,..,..,..,..
"....Sorsogon","09.3 - GARDEN PRODUCTS AND PETS",94.361233480176200,94.361233480176200,94.361233480176200,94.361233480176200,94.801762114537400,97.268722466960400,97.268722466960400,97.268722466960400,97.268722466960400,97.268722466960400,96.387665198237900,96.387665198237900,95.947136563876700
"....Sorsogon","09.3.1 - Garden products, plants and flowers (ND)",97.888675623800400,97.888675623800400,97.888675623800400,97.888675623800400,100.767754318618000,102.591170825336000,102.591170825336000,102.591170825336000,102.591170825336000,102.591170825336000,97.792706333973100,97.792706333973100,100.071976967371000
"....Sorsogon","09.3.1.1 - Garden products (ND)",99.499929935466000,99.499929935466000,99.499929935466000,99.499929935466000,99.499929935466000,99.499929935466000,99.499929935466000,99.499929935466000,99.499929935466000,99.499929935466000,99.499929935466000,99.499929935466000,99.499929935466000
"....Sorsogon","09.3.1.2 - Plants, seeds and flowers (ND)",96.248561666771800,96.248561666771800,96.248561666771800,96.248561666771800,101.882643923510000,105.538522258580000,105.538522258580000,105.538522258580000,105.538522258580000,105.538522258580000,96.080378440173400,96.080378440173400,100.560854896987000
"....Sorsogon","09.3.2 - Pets and products for pets (ND)",93.560933448573900,93.560933448573900,93.560933448573900,93.560933448573900,93.560933448573900,96.093344857389800,96.093344857389800,96.093344857389800,96.093344857389800,96.093344857389800,96.093344857389800,96.093344857389800,95.038173437049800
"....Sorsogon","09.3.2.2 - Products for pets and other household animals (ND)",93.558261624933900,93.558261624933900,93.558261624933900,93.558261624933900,93.558261624933900,96.091065012212100,96.091065012212100,96.091065012212100,96.091065012212100,96.091065012212100,96.091065012212100,96.091065012212100,95.035730267512800
"....Sorsogon","09.4 - RECREATIONAL SERVICES",92.336448598130800,92.336448598130800,92.336448598130800,92.336448598130800,92.336448598130800,92.336448598130800,92.336448598130800,92.336448598130800,92.336448598130800,92.336448598130800,92.336448598130800,92.336448598130800,92.336448598130800
"....Sorsogon","09.4.6 - Recreational and sporting services (S)",94.700260642919200,94.700260642919200,94.700260642919200,94.700260642919200,94.465682015638600,94.465682015638600,94.465682015638600,94.465682015638600,94.465682015638600,94.465682015638600,94.465682015638600,94.465682015638600,94.543874891398800
"....Sorsogon","09.4.6.2 - Sporting services - practice (S)",94.697729486189400,94.697729486189400,94.697729486189400,94.697729486189400,94.469549347494300,94.469549347494300,94.469549347494300,94.469549347494300,94.469549347494300,94.469549347494300,94.469549347494300,94.469549347494300,94.545609393726000
"....Sorsogon","09.4.7 - Games of chance (S)",92.293493308721700,92.293493308721700,92.293493308721700,92.293493308721700,92.293493308721700,92.293493308721700,92.293493308721700,92.293493308721700,92.293493308721700,92.293493308721700,92.293493308721700,92.293493308721700,92.293493308721700
"....Sorsogon","09.4.7.0 - Games of chance (S)",92.293493308721700,92.293493308721700,92.293493308721700,92.293493308721700,92.293493308721700,92.293493308721700,92.293493308721700,92.293493308721700,92.293493308721700,92.293493308721700,92.293493308721700,92.293493308721700,92.293493308721700
"....Sorsogon","09.5 - CULTURAL GOODS",98.024459078080900,98.024459078080900,98.024459078080900,98.024459078080900,99.529633113828800,99.529633113828800,99.529633113828800,99.529633113828800,99.529633113828800,99.529633113828800,99.529633113828800,99.529633113828800,99.027908435246200
"....Sorsogon","09.5.1 - Musical instruments (D)",98.043273753527800,98.043273753527800,98.043273753527800,98.043273753527800,99.529633113828800,99.529633113828800,99.529633113828800,99.529633113828800,99.529633113828800,99.529633113828800,99.529633113828800,99.529633113828800,99.034179993728500
"....Sorsogon","09.5.1.0 - Musical instruments (D)",98.040647592539100,98.040647592539100,98.040647592539100,98.040647592539100,99.532392555508200,99.532392555508200,99.532392555508200,99.532392555508200,99.532392555508200,99.532392555508200,99.532392555508200,99.532392555508200,99.035144234518400
"....Sorsogon","09.6 - CULTURAL SERVICES",0.000000000000000,0.000000000000000,0.000000000000000,0.000000000000000,0.000000000000000,0.000000000000000,0.000000000000000,0.000000000000000,0.000000000000000,0.000000000000000,0.000000000000000,0.000000000000000,0.000000000000000
"....Sorsogon","09.6.1 - Services provided by cinemas, theatres and concert venues (S)",..,..,..,..,..,..,..,..,..,..,..,..,..
"....Sorsogon","09.6.1.0 - Services provided by cinemas, theatres and concert venues (S)",..,..,..,..,..,..,..,..,..,..,..,..,..
"....Sorsogon","09.6.3 - Photographic services (S)",..,..,..,..,..,..,..,..,..,..,..,..,..
"....Sorsogon","09.6.3.0 - Photographic services (S)",..,..,..,..,..,..,..,..,..,..,..,..,..
"....Sorsogon","09.6.9 - Other cultural services (S)",0.000000000000000,0.000000000000000,0.000000000000000,0.000000000000000,0.000000000000000,0.000000000000000,0.000000000000000,0.000000000000000,0.000000000000000,0.000000000000000,0.000000000000000,0.000000000000000,0.000000000000000
"....Sorsogon","09.6.9.0 - Other cultural services (S)",0.000000000000000,0.000000000000000,0.000000000000000,0.000000000000000,0.000000000000000,0.000000000000000,0.000000000000000,0.000000000000000,0.000000000000000,0.000000000000000,0.000000000000000,0.000000000000000,0.000000000000000
"....Sorsogon","09.7 - NEWSPAPERS, BOOKS AND STATIONERY",95.132743362831900,95.132743362831900,95.221238938053100,95.221238938053100,97.079646017699100,97.079646017699100,97.079646017699100,97.079646017699100,97.079646017699100,97.079646017699100,97.079646017699100,97.168141592920400,96.452802359882000
"....Sorsogon","09.7.1 - Books (SD)",102.673575129534000,102.673575129534000,102.673575129534000,102.673575129534000,99.761658031088100,99.761658031088100,99.761658031088100,99.761658031088100,99.761658031088100,99.761658031088100,99.761658031088100,99.761658031088100,100.732297063903000
"....Sorsogon","09.7.1.1 - Educational and textbooks in printed or electronic copy (SD)",0.000000000000000,0.000000000000000,0.000000000000000,0.000000000000000,0.000000000000000,0.000000000000000,0.000000000000000,0.000000000000000,0.000000000000000,0.000000000000000,0.000000000000000,0.000000000000000,0.000000000000000
"....Sorsogon","09.7.1.9 - Other books (SD) in printed or electronic copy",..,..,..,..,..,..,..,..,..,..,..,..,..
"....Sorsogon","09.7.2 - Newspapers and periodicals (ND)",99.133004926108400,99.133004926108400,99.133004926108400,99.133004926108400,99.152709359605900,99.152709359605900,99.152709359605900,99.152709359605900,99.152709359605900,99.152709359605900,99.152709359605900,99.152709359605900,99.146141215106700
"....Sorsogon","09.7.2.1 - Newspapers (ND)",99.133917983870400,99.133917983870400,99.133917983870400,99.133917983870400,99.155959990342700,99.155959990342700,99.155959990342700,99.155959990342700,99.155959990342700,99.155959990342700,99.155959990342700,99.155959990342700,99.148612654851900
"....Sorsogon","09.7.2.2 - Magazines and periodicals (ND)",0.000000000000000,0.000000000000000,0.000000000000000,0.000000000000000,0.000000000000000,0.000000000000000,0.000000000000000,0.000000000000000,0.000000000000000,0.000000000000000,0.000000000000000,0.000000000000000,0.000000000000000
"....Sorsogon","09.7.4 - Stationery and drawing materials (ND)",94.194107452339700,94.194107452339700,94.367417677643000,94.367417677643000,96.707105719237400,96.707105719237400,96.707105719237400,96.707105719237400,96.707105719237400,96.707105719237400,96.707105719237400,96.793760831889100,95.905545927209700
"....Sorsogon","09.7.4.0 - Stationery and drawing materials (ND)",94.194107452339700,94.194107452339700,94.367417677643000,94.367417677643000,96.707105719237400,96.707105719237400,96.707105719237400,96.707105719237400,96.707105719237400,96.707105719237400,96.707105719237400,96.793760831889100,95.905545927209700
"....Sorsogon","09.8 - PACKAGE HOLIDAYS (S)",0.000000000000000,0.000000000000000,0.000000000000000,0.000000000000000,0.000000000000000,0.000000000000000,0.000000000000000,0.000000000000000,0.000000000000000,0.000000000000000,0.000000000000000,0.000000000000000,0.000000000000000
"....Sorsogon","09.8.0 - Package holidays (S)",0.000000000000000,0.000000000000000,0.000000000000000,0.000000000000000,0.000000000000000,0.000000000000000,0.000000000000000,0.000000000000000,0.000000000000000,0.000000000000000,0.000000000000000,0.000000000000000,0.000000000000000
"....Sorsogon","09.8.0.0 - Package holidays (S)",0.000000000000000,0.000000000000000,0.000000000000000,0.000000000000000,0.000000000000000,0.000000000000000,0.000000000000000,0.000000000000000,0.000000000000000,0.000000000000000,0.000000000000000,0.000000000000000,0.000000000000000
"....Sorsogon","10 - EDUCATION SERVICES",121.122448979592000,121.122448979592000,121.122448979592000,121.122448979592000,121.122448979592000,124.285714285714000,124.285714285714000,124.285714285714000,124.285714285714000,124.285714285714000,124.285714285714000,124.285714285714000,122.967687074830000
"....Sorsogon","10.1 - EARLY CHILDHOOD AND PRIMARY EDUCATION",94.370860927152300,94.370860927152300,94.370860927152300,94.370860927152300,94.370860927152300,96.357615894039700,96.357615894039700,96.357615894039700,96.357615894039700,96.357615894039700,96.357615894039700,96.357615894039700,95.529801324503300
"....Sorsogon","10.1.0 - Early chilhood and primary education (S)",92.782462057335600,92.782462057335600,92.782462057335600,92.782462057335600,92.782462057335600,93.870151770657700,93.870151770657700,93.870151770657700,93.870151770657700,93.870151770657700,93.870151770657700,93.870151770657700,93.416947723440100
"....Sorsogon","10.1.0.1 - Early childhood education services (S)",92.786425563905700,92.786425563905700,92.786425563905700,92.786425563905700,92.786425563905700,93.867290014319100,93.867290014319100,93.867290014319100,93.867290014319100,93.867290014319100,93.867290014319100,93.867290014319100,93.416929826646900
"....Sorsogon","10.1.0.2 - Primary education (S)",95.368248772504100,95.368248772504100,95.368248772504100,95.368248772504100,95.368248772504100,97.986906710311000,97.986906710311000,97.986906710311000,97.986906710311000,97.986906710311000,97.986906710311000,97.986906710311000,96.895799236224700
"....Sorsogon","10.2 - SECONDARY EDUCATION  (S)",97.865470852018000,97.865470852018000,97.865470852018000,97.865470852018000,97.865470852018000,98.080717488789200,98.080717488789200,98.080717488789200,98.080717488789200,98.080717488789200,98.080717488789200,98.080717488789200,97.991031390134500
"....Sorsogon","10.2.0 - Secondary education (S)",97.865470852018000,97.865470852018000,97.865470852018000,97.865470852018000,97.865470852018000,98.080717488789200,98.080717488789200,98.080717488789200,98.080717488789200,98.080717488789200,98.080717488789200,98.080717488789200,97.991031390134500
"....Sorsogon","10.2.0.1 - Lower secondary general education services",0.000000000000000,0.000000000000000,0.000000000000000,0.000000000000000,0.000000000000000,0.000000000000000,0.000000000000000,0.000000000000000,0.000000000000000,0.000000000000000,0.000000000000000,0.000000000000000,0.000000000000000
"....Sorsogon","10.2.0.2 - Lower secondary technical-vocational livelihood programs services",100.000000000000000,100.000000000000000,100.000000000000000,100.000000000000000,100.000000000000000,100.000000000000000,100.000000000000000,100.000000000000000,100.000000000000000,100.000000000000000,100.000000000000000,100.000000000000000,100.000000000000000
"....Sorsogon","10.4 - TERTIARY EDUCATION (S)",139.160045402951000,139.160045402951000,139.160045402951000,139.160045402951000,139.160045402951000,143.700340522134000,143.700340522134000,143.700340522134000,143.700340522134000,143.700340522134000,143.700340522134000,143.700340522134000,141.808550889141000
"....Sorsogon","10.4.0 - Tertiary education (s)",139.160045402951000,139.160045402951000,139.160045402951000,139.160045402951000,139.160045402951000,143.700340522134000,143.700340522134000,143.700340522134000,143.700340522134000,143.700340522134000,143.700340522134000,143.700340522134000,141.808550889141000
"....Sorsogon","10.4.0.0 - Tertiary education (s)",139.160045402951000,139.160045402951000,139.160045402951000,139.160045402951000,139.160045402951000,143.700340522134000,143.700340522134000,143.700340522134000,143.700340522134000,143.700340522134000,143.700340522134000,143.700340522134000,141.808550889141000
"....Sorsogon","10.5 - EDUCATION NOT DEFINED BY LEVEL (S)",..,..,..,..,..,..,..,..,..,..,..,..,..
"....Sorsogon","10.5.0 - Education not defined by level (s)",..,..,..,..,..,..,..,..,..,..,..,..,..
"....Sorsogon","10.5.0.2 - Review classes for professional and licensure examination (S)",..,..,..,..,..,..,..,..,..,..,..,..,..
"....Sorsogon","10.5.0.9 - Other education not defined by level (S)",..,..,..,..,..,..,..,..,..,..,..,..,..
"....Sorsogon","11 - RESTAURANTS AND ACCOMMODATION SERVICES",93.833780160857900,93.833780160857900,93.833780160857900,94.459338695263600,94.638069705093800,94.638069705093800,94.638069705093800,94.638069705093800,94.638069705093800,94.638069705093800,94.638069705093800,94.816800714924000,94.436997319034800
"....Sorsogon","11.1 - FOOD AND BEVERAGE SERVING SERVICES",93.789097408400400,93.789097408400400,93.789097408400400,94.423592493297600,94.611260053619300,94.611260053619300,94.611260053619300,94.611260053619300,94.611260053619300,94.611260053619300,94.611260053619300,94.816800714924000,94.407208817396500
"....Sorsogon","11.1.1 - Restaurants, café and the like (S)",93.789097408400400,93.789097408400400,93.789097408400400,94.423592493297600,94.611260053619300,94.611260053619300,94.611260053619300,94.611260053619300,94.611260053619300,94.611260053619300,94.611260053619300,94.816800714924000,94.407208817396500
"....Sorsogon","11.1.1.1 - Restaurants, café and the like - with full service (S)",93.793175284926400,93.793175284926400,93.793175284926400,94.425960419480600,94.607096153283400,94.607096153283400,94.607096153283400,94.607096153283400,94.607096153283400,94.607096153283400,94.607096153283400,94.817258379496200,94.406034810561600
"....Sorsogon","11.2 - ACCOMMODATION SERVICES",0.000000000000000,0.000000000000000,0.000000000000000,0.000000000000000,0.000000000000000,0.000000000000000,0.000000000000000,0.000000000000000,0.000000000000000,0.000000000000000,0.000000000000000,0.000000000000000,0.000000000000000
"....Sorsogon","11.2.0 - Accommodation services (S)",0.000000000000000,0.000000000000000,0.000000000000000,0.000000000000000,0.000000000000000,0.000000000000000,0.000000000000000,0.000000000000000,0.000000000000000,0.000000000000000,0.000000000000000,0.000000000000000,0.000000000000000
"....Sorsogon","11.2.0.1 - Hotels, motels, inns and similar accommodation services (S)",0.000000000000000,0.000000000000000,0.000000000000000,0.000000000000000,0.000000000000000,0.000000000000000,0.000000000000000,0.000000000000000,0.000000000000000,0.000000000000000,0.000000000000000,0.000000000000000,0.000000000000000
"....Sorsogon","12 - FINANCIAL SERVICES",0.000000000000000,0.000000000000000,0.000000000000000,0.000000000000000,0.000000000000000,0.000000000000000,0.000000000000000,0.000000000000000,0.000000000000000,0.000000000000000,0.000000000000000,0.000000000000000,0.000000000000000
"....Sorsogon","12.2 - FINANCIAL SERVICES",0.000000000000000,0.000000000000000,0.000000000000000,0.000000000000000,0.000000000000000,0.000000000000000,0.000000000000000,0.000000000000000,0.000000000000000,0.000000000000000,0.000000000000000,0.000000000000000,0.000000000000000
"....Sorsogon","12.2.1 - Financial intermediation services indirectly measured (S)",0.000000000000000,0.000000000000000,0.000000000000000,0.000000000000000,0.000000000000000,0.000000000000000,0.000000000000000,0.000000000000000,0.000000000000000,0.000000000000000,0.000000000000000,0.000000000000000,0.000000000000000
"....Sorsogon","12.2.1.0 - Financial intermediation services indirectly measured (S)",0.000000000000000,0.000000000000000,0.000000000000000,0.000000000000000,0.000000000000000,0.000000000000000,0.000000000000000,0.000000000000000,0.000000000000000,0.000000000000000,0.000000000000000,0.000000000000000,0.000000000000000
"....Sorsogon","12.2.9 - Other financial services (S)",..,..,..,..,..,..,..,..,..,..,..,..,..
"....Sorsogon","12.2.9.1 - Remittances fees (S)",..,..,..,..,..,..,..,..,..,..,..,..,..
"....Sorsogon","13 - PERSONAL CARE, AND MISCELLANEOUS GOODS AND SERVICES",97.547683923705700,97.547683923705700,97.547683923705700,97.820163487738400,97.910990009082700,98.001816530426900,98.001816530426900,98.001816530426900,98.092643051771100,98.274296094459600,98.274296094459600,98.365122615803800,97.948834392976100
"....Sorsogon","13.1 - PERSONAL CARE",97.366030881017300,97.456857402361500,97.456857402361500,97.729336966394200,97.910990009082700,98.001816530426900,98.001816530426900,98.092643051771100,98.183469573115400,98.365122615803800,98.365122615803800,98.455949137148100,97.948834392976100
"....Sorsogon","13.1.1 - Electric appliances for personal care (SD)",..,..,..,..,..,..,..,..,..,..,..,..,..
"....Sorsogon","13.1.1.1 - Electric appliances for personal care (SD)",..,..,..,..,..,..,..,..,..,..,..,..,..
"....Sorsogon","13.1.2 - Other appliances, articles and products for personal care (ND)",97.292418772563200,97.382671480144400,97.382671480144400,97.653429602888100,98.104693140794200,98.194945848375500,98.194945848375500,98.285198555956700,98.375451263537900,98.555956678700400,98.555956678700400,98.646209386281600,98.052045728038500
"....Sorsogon","13.1.2.0 - Other appliances, articles and products for personal care (ND)",97.292418772563200,97.382671480144400,97.382671480144400,97.653429602888100,98.104693140794200,98.194945848375500,98.194945848375500,98.285198555956700,98.375451263537900,98.555956678700400,98.555956678700400,98.646209386281600,98.052045728038500
"....Sorsogon","13.1.3 - Hairdressing salons and personal grooming establishments (S)",98.423645320197100,98.423645320197100,98.423645320197100,98.423645320197100,95.665024630541900,95.665024630541900,95.665024630541900,95.665024630541900,95.665024630541900,95.665024630541900,95.665024630541900,95.665024630541900,96.584564860426900
"....Sorsogon","13.1.3.1 - Hairdressing (S)",0.000000000000000,0.000000000000000,0.000000000000000,0.000000000000000,0.000000000000000,0.000000000000000,0.000000000000000,0.000000000000000,0.000000000000000,0.000000000000000,0.000000000000000,0.000000000000000,0.000000000000000
"....Sorsogon","13.1.3.2 - Personal grooming treatments (S)",0.000000000000000,0.000000000000000,0.000000000000000,0.000000000000000,0.000000000000000,0.000000000000000,0.000000000000000,0.000000000000000,0.000000000000000,0.000000000000000,0.000000000000000,0.000000000000000,0.000000000000000
"....Sorsogon","13.2 - OTHER PERSONAL EFFECTS",98.000000000000000,98.000000000000000,98.000000000000000,98.000000000000000,98.000000000000000,98.000000000000000,98.000000000000000,98.000000000000000,98.000000000000000,98.000000000000000,98.000000000000000,98.090909090909100,98.007575757575800
"....Sorsogon","13.2.1 - Jewellery and watches (D)",100.000000000000000,100.000000000000000,100.000000000000000,100.000000000000000,100.000000000000000,100.000000000000000,100.000000000000000,100.000000000000000,100.000000000000000,100.000000000000000,100.000000000000000,100.000000000000000,100.000000000000000
"....Sorsogon","13.2.1.1 - Jewellery and watches (D)",100.011134462085000,100.011134462085000,100.011134462085000,100.011134462085000,100.011134462085000,100.011134462085000,100.011134462085000,100.011134462085000,100.011134462085000,100.011134462085000,100.011134462085000,100.011134462085000,100.011134462085000
"....Sorsogon","13.2.1.2 - Repair and hire of jewellery, clocks and watches (S)",100.021054431958000,100.021054431958000,100.021054431958000,100.021054431958000,100.021054431958000,100.021054431958000,100.021054431958000,100.021054431958000,100.021054431958000,100.021054431958000,100.021054431958000,100.021054431958000,100.021054431958000
"....Sorsogon","13.2.9 - Other personal effects n.e.c. (SD)",97.914777878513100,97.914777878513100,97.914777878513100,97.914777878513100,97.914777878513100,97.914777878513100,97.914777878513100,97.914777878513100,97.914777878513100,97.914777878513100,97.914777878513100,98.005439709882100,97.922333031127300
"....Sorsogon","13.2.9.1 - Travel goods and articles for babies and other personal effects n.e.c. (SD)",97.914777878513100,97.914777878513100,97.914777878513100,97.914777878513100,97.914777878513100,97.914777878513100,97.914777878513100,97.914777878513100,97.914777878513100,97.914777878513100,97.914777878513100,98.005439709882100,97.922333031127300
"....Sorsogon","13.9 - OTHER SERVICES",100.000000000000000,100.000000000000000,100.000000000000000,100.000000000000000,100.000000000000000,100.000000000000000,100.000000000000000,100.000000000000000,100.000000000000000,100.000000000000000,100.000000000000000,100.000000000000000,100.000000000000000
"....Sorsogon","13.9.0 - Other services (S)",100.000000000000000,100.000000000000000,100.000000000000000,100.000000000000000,100.000000000000000,100.000000000000000,100.000000000000000,100.000000000000000,100.000000000000000,100.000000000000000,100.000000000000000,100.000000000000000,100.000000000000000
"....Sorsogon","13.9.0.9 - Other services n.e.c. (S)",100.000000000000000,100.000000000000000,100.000000000000000,100.000000000000000,100.000000000000000,100.000000000000000,100.000000000000000,100.000000000000000,100.000000000000000,100.000000000000000,100.000000000000000,100.000000000000000,100.000000000000000
