"Geolocation","Commodity Description","2022 Jan","2022 Feb","2022 Mar","2022 Apr","2022 May","2022 Jun","2022 Jul","2022 Aug","2022 Sep","2022 Oct","2022 Nov","2022 Dec","2022 Ave"
"....Benguet","0 - ALL ITEMS",113.0000000000000,113.2000000000000,113.9000000000000,114.9000000000000,114.7000000000000,115.1000000000000,115.8000000000000,116.2000000000000,117.0000000000000,118.7000000000000,119.9000000000000,120.4000000000000,116.0666666666670
"....Benguet","01 - FOOD AND NON-ALCOHOLIC BEVERAGES",115.2000000000000,114.9000000000000,114.7000000000000,115.5000000000000,114.2000000000000,114.6000000000000,115.1000000000000,117.2000000000000,118.0000000000000,121.4000000000000,123.9000000000000,126.1000000000000,117.5666666666670
"....Benguet","01.1 - FOOD",116.1000000000000,115.7000000000000,115.5000000000000,116.3000000000000,114.9000000000000,115.3000000000000,115.8000000000000,118.0000000000000,118.8000000000000,122.5000000000000,125.1000000000000,127.5000000000000,118.4583333333330
"....Benguet","01.1.1 - Cereals and cereal products (ND)",100.3000000000000,100.9000000000000,101.0000000000000,101.1000000000000,101.8000000000000,101.9000000000000,103.2000000000000,103.6000000000000,104.2000000000000,104.6000000000000,105.0000000000000,106.1000000000000,102.8083333333330
"....Benguet","01.1.1.1 - Cereals (ND)",99.9835332412389,100.7172519127610,100.9044135518260,101.0659900089660,101.8102116863430,102.0053164706910,103.4755546903110,103.6937172643290,104.2760897041700,104.4458414286150,104.6785664713280,105.8723583011470,102.7440703943100
"....Benguet","01.1.1.12 - Rice",99.0913919080831,99.7968067960121,99.9881079719693,100.1532580871980,100.9139400451380,101.1133600484420,102.6161161781490,102.8391039504720,103.4343569795820,103.6078631781250,103.8457355037150,105.0659309563390,101.8721643002690
"....Benguet","01.1.1.16 - Corn",140.3200826019620,142.3335054207540,142.3335054207540,142.3335054207540,142.3335054207540,142.3335054207540,142.3335054207540,142.3335054207540,142.3335054207540,142.3335054207540,142.3335054207540,142.3335054207540,142.1657201858540
"....Benguet","01.1.1.20 - FLOUR, BREAD AND OTHER BAKERY PRODUCTS, PASTA PRODUCTS,  AND OTHER CEREALS",101.2988086411850,101.4588216613170,101.4184826787540,101.3792832236940,101.6802351198840,101.7180560452160,102.4236760119510,103.2236671497600,103.9243071058450,105.1065389177870,105.9806993671320,106.6776481427640,103.0241853387740
"....Benguet","01.1.1.2 - Flour of cereals (ND)",88.8783126240586,89.0820786149516,89.1542848647768,89.1255477392600,89.3664220054231,89.3284992075281,90.0577512746048,91.0637580213179,91.4962866900889,92.9253344548072,94.3421585327278,95.9178221464187,90.8948546813303
"....Benguet","01.1.1.3 - Bread and bakery products (ND)",105.1313468109340,105.4038566772260,105.3512404166250,105.1772554666120,105.5732661522460,105.6705737477740,106.7106251053630,107.9045170220460,108.8976966407040,109.9054665884840,110.6718018127630,111.4759390716330,107.3227987927010
"....Benguet","01.1.1.4 - Breakfast cereals (ND)",103.7387009234490,103.5981335780250,102.9421526327090,102.0987485601610,102.1221764510650,101.1147771421880,98.5377091427344,98.7719880517756,98.7719880517756,97.6005935065696,96.4291989613635,96.3589152886512,100.1737568575390
"....Benguet","01.1.1.5 - Macaroni, noodles, couscous and similar pasta products (ND)",93.8456117847888,93.9118489799291,94.3670720466560,94.9745776013316,95.9659316554992,96.6410138498641,97.8198455882241,97.7844642787312,98.3404588667520,100.1221612520240,100.9680940717600,100.9382136945790,97.1399411391782
"....Benguet","01.1.1.9 - Other cereal and grain mill products (ND)",106.1442506957940,105.7532944845310,104.5716563415420,104.0777363590170,102.0490523441440,100.3965945005830,98.3408527006046,98.3164110815617,97.7525671464459,99.0651654082353,100.7617776688690,101.7357328956890,101.5804243022510
"....Benguet","01.1.2 - Meat and other parts of slaughtered land animals (ND)",125.4000000000000,125.6000000000000,124.2000000000000,130.0000000000000,124.7000000000000,125.0000000000000,127.8000000000000,128.6000000000000,127.0000000000000,127.0000000000000,127.9000000000000,128.1000000000000,126.7750000000000
"....Benguet","01.1.2.2 - Meat, fresh, chilled or frozen (ND)",132.4567676553220,132.8474100177760,130.8101251423830,138.5278308053240,131.4321239333030,131.7741460677740,135.1931642716980,136.0017027987990,133.9005090196410,133.3039767693950,134.1260326830780,134.2872114832280,133.7217500539770
"....Benguet","01.1.2.3 - Meat, dried, salted, in brine or smoked (ND)",..,..,..,..,..,..,..,..,..,..,..,..,..
"....Benguet","01.1.2.4 - Offal, blood and other parts of slaughtered animals, fresh, chilled or frozen, dried, salted, in brine or smoked (ND)",138.9344262295080,138.9344262295080,140.1639344262300,140.1639344262300,140.1639344262300,140.1639344262300,140.1639344262300,140.1639344262300,140.1639344262300,140.1639344262300,147.5409836065570,147.5409836065570,141.1885245901640
"....Benguet","01.1.2.5 - Meat, offal, blood and other parts of slaughtered animals' preparations (ND)",102.8207549780170,102.7455324349800,102.9682135528670,103.1738571317330,103.1686853661090,103.3183299024160,104.2187209698110,105.1905707118360,105.2126212864550,106.8572481677410,107.6402490067040,108.2722332403560,104.6322513957520
"....Benguet","01.1.3 - Fish and other seafood (ND)",133.9000000000000,133.1000000000000,137.2000000000000,133.7000000000000,134.0000000000000,132.0000000000000,131.7000000000000,132.3000000000000,134.0000000000000,132.9000000000000,133.7000000000000,134.9000000000000,133.6166666666670
"....Benguet","01.1.3.1 - Fish, live, fresh, chilled or frozen (ND)",137.4717085543070,135.6443326569340,139.2747429147320,134.4716320515990,134.6297254603310,131.4959733459710,131.9848551688300,132.2116498500220,133.9161109092370,132.0042754993190,133.3404971316990,133.5690796133240,134.1678819296920
"....Benguet","01.1.3.2 - Fish, dried, salted, in brine or smoked (ND)",154.6559543140410,159.1515724228070,167.9244185486960,169.8904342228540,170.6557374371880,172.5809133159550,171.3071141563720,172.5809133159550,172.8935619483490,172.5809133159540,172.2659825426800,175.3659144615720,169.3211191668690
"....Benguet","01.1.3.3 - Fish preparations (ND)",101.7919449277710,102.6697700009870,104.7461873857130,104.5011453939560,104.6638805893850,105.5506468978470,106.6996177724110,107.6848469799050,109.1089372923270,112.3929018447580,112.4184457598770,112.4492862769410,107.0564675934900
"....Benguet","01.1.3.4 - Other seafood, live, fresh, chilled or frozen (ND)",116.7163256950890,118.6995110490370,126.0408014544210,125.2344022738530,127.2170857628070,128.5156768451030,115.7850711365030,120.5869391733480,124.6539239959050,124.3987926053020,121.3518584095090,134.8002406355940,123.6667190863730
"....Benguet","01.1.3.6 - Other seafood preparations (ND)",150.4901822605900,150.4901822605900,150.4901822605900,150.4901822605900,150.4901822605900,150.4901822605900,150.4901822605900,150.4901822605900,150.4901822605900,150.4901822605900,150.4901822605900,150.4901822605900,150.4901822605900
"....Benguet","01.1.4 - Milk, other dairy products and eggs (ND)",104.7000000000000,105.3000000000000,106.5000000000000,106.6000000000000,105.8000000000000,106.5000000000000,108.0000000000000,108.2000000000000,107.4000000000000,114.1000000000000,114.8000000000000,114.4000000000000,108.5250000000000
"....Benguet","01.1.4.1 - Raw and whole milk (ND)",..,..,..,..,..,..,..,..,..,..,..,..,..
"....Benguet","01.1.4.3 - Other milk and cream (ND)",104.2839529123770,104.2916204711060,104.4510185656710,104.3809393421020,104.2063543753200,104.1566234795180,104.8746251123410,105.4048171294750,105.3354136681000,107.6467732949200,107.6806373501890,108.2981996576050,105.4175812798940
"....Benguet","01.1.4.4 - Non-animal milk (ND)",..,..,..,..,..,..,..,..,..,..,..,..,..
"....Benguet","01.1.4.5 - Cheese (ND)",110.2117394800320,109.5684803001880,109.5684803001880,109.1396408469580,110.5976949879390,110.5976949879390,111.6697936210130,111.6697936210130,111.6697936210130,111.4982578397210,111.3267220584290,113.4709193245780,110.9157509157510
"....Benguet","01.1.4.6 - Yoghurt and similar products (ND)",..,..,..,..,..,..,..,..,..,..,..,..,..
"....Benguet","01.1.4.7 - Milk-based dessert and beverages (ND)",96.5882041787887,96.5882041787887,96.5882041787887,96.5882041787887,96.5882041787887,96.5882041787887,96.5882041787887,96.5882041787887,96.5882041787887,96.5882041787887,96.5882041787887,96.5882041787887,96.5882041787887
"....Benguet","01.1.4.8 - Eggs (ND)",105.7252763659400,107.1048855853900,109.4064849954390,109.7461620612440,108.0353223899560,109.7274356978400,112.1974758686010,112.1629514919910,110.4034169555330,122.7674175183940,124.2102797882550,122.6219083428320,112.8424180884510
"....Benguet","01.1.5 - Oils and fats (ND)",113.3000000000000,113.5000000000000,113.1000000000000,112.2000000000000,111.9000000000000,113.6000000000000,116.1000000000000,117.3000000000000,123.7000000000000,130.2000000000000,131.5000000000000,133.1000000000000,119.1250000000000
"....Benguet","01.1.5.1 - Vegetable oils (ND)",118.9947047111090,119.3248580850390,119.0211309949360,117.9349123807900,117.4137601582690,119.5305386615440,122.7585792991370,124.8594758454430,132.3437906644510,140.1030899971850,140.8624427572260,143.1173903011740,126.3553894880250
"....Benguet","01.1.5.2 - Butter and other fats and oils derived from milk (ND)",108.4030318870880,108.4030318870880,108.4030318870880,108.2070047046520,108.7950862519600,109.5791949817040,109.4811813904860,112.5196027182440,114.4798745426030,117.2242550967070,117.2242550967070,117.2242550967070,111.6619837950860
"....Benguet","01.1.5.3 - Margarine and similar preparations (ND)",103.8632741660710,103.8632741660710,103.8632741660710,103.8632741660710,104.7865032697700,105.2151453536300,105.2151453536300,107.2594383689620,110.1610155520140,113.7550145628400,113.7550145628400,113.7550145628400,107.4462823542340
"....Benguet","01.1.5.9 - Other animal oils and fats (ND)",94.3330149633874,93.9191340337472,93.0276981852913,92.2317733205985,92.1362623368354,93.1232091690544,93.6326010824578,90.3533906399236,94.3330149633874,97.5167144221585,101.4963387456220,101.4963387456220,94.7999575506739
"....Benguet","01.1.6 - Fruits and nuts (ND)",127.7000000000000,124.8000000000000,122.0000000000000,125.6000000000000,122.7000000000000,128.0000000000000,127.7000000000000,131.6000000000000,128.0000000000000,130.9000000000000,136.9000000000000,138.5000000000000,128.7000000000000
"....Benguet","01.1.6.1 - Dates, figs and tropical fruits, fresh (ND)",130.4250703258150,127.4019840116860,123.7049288361510,127.8382957427160,124.1956961843570,130.1192188648770,129.6130897844060,133.8698689178850,130.1221376722910,132.0319700758440,138.1193264619230,139.5218473639540,130.5802861868250
"....Benguet","01.1.6.2 - Citrus fruits, fresh (ND)",136.0302610483950,130.4383992282360,144.2512825891970,139.2450256099310,149.3667162708400,139.2839093878490,136.7763961735120,139.3841008378130,124.5090743202010,154.2518685270540,164.1268178787430,176.1711171349940,144.4862474172300
"....Benguet","01.1.6.3 - Stone fruits and pome fruits, fresh (ND)",123.4242922788900,119.1354172576160,123.4242922788900,123.4242922788900,123.4242922788900,123.4242922788900,127.6450899188750,136.1547625801330,125.5346910988820,151.0637090826570,185.1023997276910,188.0978045044530,137.4879446303970
"....Benguet","01.1.6.5 - Other fruits, fresh (ND)",..,..,..,..,..,..,..,..,..,..,..,..,..
"....Benguet","01.1.6.7 - Fruit, dried and dehydrated (ND)",96.4426877470355,100.0304043782300,100.0304043782300,100.0304043782300,100.0304043782300,111.3712374581940,111.3712374581940,111.4928549711160,111.6144724840380,112.9522651261780,120.7357859531770,125.2964426877470,108.4498834498830
"....Benguet","01.1.6.8 - Nuts, in shell or shelled (ND)",53.0282420749279,53.0282420749279,53.0282420749279,55.3314121037464,55.3314121037464,62.2478386167147,62.2478386167147,62.2478386167147,64.5510086455331,66.8610951008646,66.8610951008646,66.8610951008646,60.1354466858790
"....Benguet","01.1.6.9 - Fruit and nuts ground and other preparations (ND)",148.1498832513290,148.0832644765830,148.0832644765830,148.2100642975540,149.1711275809940,149.5064661438930,153.0662429563560,153.0662429563560,155.2464256344580,157.4005670460160,157.4825693324510,158.8602801376360,152.1938665241840
"....Benguet","01.1.7 - Vegetables, tubers, plantains, cooking bananas and pulses (ND)",137.2000000000000,133.3000000000000,130.1000000000000,128.5000000000000,123.8000000000000,123.8000000000000,118.2000000000000,127.5000000000000,130.7000000000000,150.9000000000000,166.3000000000000,181.4000000000000,137.6416666666670
"....Benguet","01.1.7.1 - Leafy or stem vegetables, fresh or chilled (ND)",141.7958683480620,135.8346965055870,131.1076474735110,128.7965790388490,140.2906846768790,132.8582033625900,127.6385290836330,123.9944551162910,129.9038619455020,147.4989211504870,160.6589353942060,180.4345908583890,140.0677477461660
"....Benguet","01.1.7.2 - Fruit-bearing vegetables, fresh or chilled (ND)",109.3111454907450,107.6324339453050,121.7249211498740,125.4506689660480,123.6900121013340,121.1916275209330,105.9225379794560,121.6831274896290,120.8509389471580,152.9379665765590,160.5661389768680,160.1273450610530,127.5907386837470
"....Benguet","01.1.7.3 - Green leguminous vegetables, fresh or chilled (ND)",105.6651411686080,102.3559902972770,101.5718434042580,96.6793683859803,94.3357610283130,108.4505463121350,117.9273269219980,113.4279615478960,108.7789419078680,145.6562992314500,146.1555967330890,145.9971759904960,115.5834960774470
"....Benguet","01.1.7.4 - Other vegetables, fresh or chilled (ND)",167.3560581186750,156.0410870783390,151.9102970535390,145.4740568713630,99.8542052723788,108.0061107960160,111.6037903079840,125.0386151128840,133.0491634317800,157.0403460456090,165.0056929633830,197.4164367900490,143.1496549868330
"....Benguet","01.1.7.5 - Tubers, plantains and cooking bananas (ND)",135.9899183291570,138.8553316049030,120.1843307837500,118.6944769072170,121.4069520727050,127.5409445344060,122.6634770983790,141.9752466779070,141.8974487439710,148.9664643998570,183.6937513848390,193.9141847195190,141.3152106047170
"....Benguet","01.1.7.9 - Vegetables, tubers, plantains, cooking bananas and pulses ground and other preparations (ND)",101.4590347923680,101.4590347923680,101.4590347923680,101.4590347923680,101.4590347923680,91.6386083052750,88.3838383838384,84.1750841750842,83.2210998877665,86.5319865319865,86.5319865319865,86.5319865319865,92.8591470258137
"....Benguet","01.1.8 - Sugar, confectionery and desserts (ND)",102.7000000000000,103.3000000000000,103.9000000000000,105.0000000000000,106.5000000000000,107.8000000000000,109.9000000000000,120.8000000000000,131.3000000000000,143.6000000000000,144.1000000000000,145.6000000000000,118.7083333333330
"....Benguet","01.1.8.1 - Cane and beet sugar (ND)",100.1155653091290,101.7337825305810,103.5084086739390,105.5411979835870,108.6269905461120,111.5655494353920,116.2643865036060,141.6416102687180,165.7086154886750,191.4313140595970,189.4557814146690,192.7526275813880,135.6954858162830
"....Benguet","01.1.8.3 - Jams, fruit jellies, marmalades, fruit purée and pastes, honey (ND)",107.1980969785450,107.1980969785450,107.1980969785450,107.1980969785450,107.1980969785450,107.1980969785450,107.1980969785450,107.1980969785450,107.1980969785450,107.1980969785450,107.1980969785450,107.1980969785450,107.1980969785450
"....Benguet","01.1.8.4 - Nut purée, nut butter and nut pastes (ND)",106.4729074847230,105.6985590666520,104.9242106485810,105.9308635920730,106.9375165355650,106.9375165355650,106.9375165355650,106.9375165355650,107.7892997954430,114.7429485897180,121.6578799630890,122.2773586975460,109.7703411650070
"....Benguet","01.1.8.5 - Chocolate, cocoa, and cocoa-based food products (ND)",101.2953757406970,101.2953757406970,101.2953757406970,101.3711672782300,101.3711672782300,101.3711672782300,101.6737684506590,101.6737684506590,101.5982026517030,101.6737684506590,101.6737684506590,101.6737684506590,101.4972228301480
"....Benguet","01.1.8.6 - Ice, ice cream and sorbet (ND)",103.5902204778150,103.5902204778150,103.5902204778150,103.8606152403790,103.4704623954660,103.4704623954660,103.4704623954660,103.4704623954660,103.4704623954660,103.4704623954660,103.7391419258520,103.7391419258520,103.5776945748600
"....Benguet","01.1.8.9 - Other sugar confectionery and desserts n.e.c. (ND)",102.8074750383790,102.8074750383790,102.8074750383790,103.2097557634310,103.8351993486740,104.2956129406330,106.2392530376720,106.2392530376720,106.2392530376720,106.2392530376720,106.2392530376720,106.2392530376720,104.7665426161590
"....Benguet","01.1.9 - Ready-made food and other food products n.e.c. (ND)",110.1000000000000,110.2000000000000,109.8000000000000,109.9000000000000,110.9000000000000,111.2000000000000,111.9000000000000,113.4000000000000,113.2000000000000,115.4000000000000,115.3000000000000,116.2000000000000,112.2916666666670
"....Benguet","01.1.9.2 - Baby food (ND)",103.8713529855510,103.8713529855510,103.7858219295630,104.0980135484550,104.2523356338360,104.2523356338360,104.6991395936740,105.2922738102310,105.2922738102310,105.6668263716260,105.6668263716260,105.9239204088630,104.7227060902540
"....Benguet","01.1.9.3 - Salt, condiments and sauces (ND)",109.9952908232670,110.6171013224290,110.8871757940480,111.4253429205400,112.9656006569640,113.8038201775860,115.0708346806000,115.3194040476310,115.8103743884820,118.2790536563520,119.3730282657220,120.9674154806050,114.5428701845190
"....Benguet","01.1.9.4 - Spices, culinary herbs and seeds (ND)",119.6887016812690,118.5652549892440,115.9165466085530,114.5900655189480,115.5788791551230,115.1657813322450,114.4935635938250,119.4337466856680,117.8334072721020,121.8115967597310,119.2905868582920,119.6005693418730,117.6640583164060
"....Benguet","01.1.9.9 - Other food products n.e.c. (ND)",107.3394390342400,107.6283768806320,108.6262117800600,109.6853809704280,110.8182561071150,110.8182561071150,113.2122732476880,116.1557612708110,115.2377859456060,117.5568073832760,116.1890563248150,116.8528749077780,112.5100399966300
"....Benguet","01.2 - NON-ALCOHOLIC BEVERAGES",102.9000000000000,103.1000000000000,103.4000000000000,103.7000000000000,104.3000000000000,104.7000000000000,105.1000000000000,105.2000000000000,105.9000000000000,105.9000000000000,106.0000000000000,106.2000000000000,104.7000000000000
"....Benguet","01.2.1 - Fruit and vegetable juices (ND)",106.0000000000000,105.5000000000000,105.4000000000000,105.2000000000000,104.7000000000000,104.5000000000000,104.6000000000000,103.8000000000000,103.6000000000000,104.4000000000000,106.2000000000000,106.6000000000000,105.0416666666670
"....Benguet","01.2.1.0 - Fruit and vegetable juices (ND)",105.9573344510540,105.5078222961110,105.4291564069180,105.1937701631160,104.6712331928280,104.5178191188880,104.5815233693350,103.8387024698830,103.6081204988240,104.4412776972660,106.2216433868710,106.6110409128410,105.0482869969950
"....Benguet","01.2.2 - Coffee and coffee substitutes (ND)",98.9000000000000,99.4000000000000,99.8000000000000,100.3000000000000,101.3000000000000,102.3000000000000,102.9000000000000,103.1000000000000,104.1000000000000,103.9000000000000,103.8000000000000,104.0000000000000,101.9833333333330
"....Benguet","01.2.2.0 - Coffee and coffee substitutes (ND)",98.8823146768306,99.3524024085702,99.8033225073618,100.3242107110920,101.2819471492170,102.2969225968510,102.8630154596920,103.0693493600630,104.1369044744700,103.8846414959650,103.8443251209790,104.0440469186090,101.9819502399750
"....Benguet","01.2.3 - Tea, maté and other plant products for infusion (ND)",107.6000000000000,108.2000000000000,108.8000000000000,109.3000000000000,110.8000000000000,111.9000000000000,112.2000000000000,112.5000000000000,114.2000000000000,116.0000000000000,116.0000000000000,118.1000000000000,112.1333333333330
"....Benguet","01.2.3.0 - Tea, maté and other plant products for infusion (ND)",107.5904387708780,108.2478906751410,108.8302052189160,109.3436438489110,110.7524693580450,111.9421442324250,112.1988635474230,112.5119358827860,114.1524349200880,116.0496532723890,116.0496532723890,118.0846234522490,112.1461630376370
"....Benguet","01.2.4 - Cocoa drinks (ND)",109.5000000000000,110.0000000000000,110.1000000000000,110.5000000000000,110.9000000000000,111.2000000000000,111.5000000000000,111.2000000000000,110.7000000000000,110.7000000000000,110.7000000000000,110.8000000000000,110.6500000000000
"....Benguet","01.2.4.0 - Cocoa drinks (ND)",109.4861629417160,110.0310419228010,110.1030434719940,110.5069008225520,110.8556909350160,111.2189494675390,111.4905569674900,111.2338471216500,110.6678903490890,110.6678903490890,110.6678903490890,110.7525265923310,110.6401992741960
"....Benguet","01.2.5 - Water (ND)",103.7000000000000,103.7000000000000,103.7000000000000,103.7000000000000,103.7000000000000,103.7000000000000,104.0000000000000,104.0000000000000,105.3000000000000,104.4000000000000,104.4000000000000,104.5000000000000,104.0666666666670
"....Benguet","01.2.5.0 - Water (ND)",103.7118202985890,103.7118202985890,103.7118202985890,103.7118202985890,103.7118202985890,103.7118202985890,103.9994521298450,103.9994521298450,105.3143405013010,104.4103547459250,104.4103547459250,104.5336255307490,104.0782084645940
"....Benguet","01.2.6 - Soft drinks (ND)",104.2000000000000,104.2000000000000,105.0000000000000,105.6000000000000,106.3000000000000,106.3000000000000,106.4000000000000,106.4000000000000,107.3000000000000,107.8000000000000,107.7000000000000,107.7000000000000,106.2416666666670
"....Benguet","01.2.6.0 - Soft drinks (ND)",104.1907601541970,104.1907601541970,104.9605151238700,105.5831451520230,106.3207390629940,106.3207390629940,106.3817447793080,106.3817447793080,107.3245087676970,107.7838033743600,107.6767864547040,107.6767864547040,106.2326694433630
"....Benguet","01.2.9 - Other non-alcoholic beverages (ND)",107.4000000000000,107.4000000000000,108.7000000000000,107.6000000000000,107.6000000000000,107.5000000000000,107.5000000000000,110.4000000000000,112.4000000000000,115.7000000000000,114.6000000000000,115.7000000000000,110.2083333333330
"....Benguet","01.2.9.0 - Other non-alcoholic beverages (ND)",107.4221128784740,107.4221128784740,108.6790246754200,107.6267264268140,107.5682654130030,107.5098043991910,107.5098043991910,110.3743940759510,112.3620685455390,115.6943463327890,114.5835870703730,115.6943463327890,110.2038827856670
"....Benguet","02 - ALCOHOLIC BEVERAGES AND TOBACCO",119.7000000000000,119.9000000000000,120.6000000000000,121.2000000000000,122.1000000000000,122.9000000000000,123.7000000000000,123.6000000000000,125.2000000000000,126.6000000000000,127.8000000000000,129.5000000000000,123.5666666666670
"....Benguet","02.1 - ALCOHOLIC BEVERAGES",117.6000000000000,117.3000000000000,117.6000000000000,118.0000000000000,118.7000000000000,120.0000000000000,120.3000000000000,120.3000000000000,121.0000000000000,122.6000000000000,122.7000000000000,123.5000000000000,119.9666666666670
"....Benguet","02.1.1 - Spirits and liquors (ND)",117.5000000000000,117.0000000000000,117.1000000000000,117.7000000000000,118.3000000000000,119.3000000000000,119.5000000000000,119.5000000000000,120.3000000000000,122.1000000000000,122.2000000000000,123.2000000000000,119.4750000000000
"....Benguet","02.1.1.0 - Spirits and liquors (ND)",117.4577116002450,117.0440635153670,117.0735995545070,117.6596282244560,118.2771770604600,119.3012549374600,119.4891846919570,119.4891846919570,120.3480734615440,122.0680469723110,122.2287691183630,123.1935971334800,119.4691909135090
"....Benguet","02.1.2 - Wine (ND)",102.2000000000000,102.2000000000000,102.5000000000000,103.3000000000000,104.2000000000000,104.5000000000000,104.5000000000000,104.5000000000000,104.5000000000000,108.4000000000000,109.5000000000000,110.3000000000000,105.0500000000000
"....Benguet","02.1.2.1 - Wine from grapes (ND)",102.2095495654390,102.2095495654390,102.4917448092730,103.3265724056170,104.2084325425990,104.4514340025670,104.4514340025670,104.4514340025670,104.4514340025670,108.4452805785000,109.4995933644920,110.2834690418100,105.0399939902870
"....Benguet","02.1.2.2 - Wine from other sources (ND)",..,..,..,..,..,..,..,..,..,..,..,..,..
"....Benguet","02.1.3 - Beer (ND)",121.6000000000000,122.5000000000000,123.7000000000000,123.1000000000000,124.2000000000000,127.7000000000000,128.6000000000000,128.3000000000000,128.6000000000000,128.8000000000000,128.2000000000000,128.2000000000000,126.1250000000000
"....Benguet","02.1.3.0 - Beer (ND)",121.5532931617740,122.4965954129540,123.6937907234000,123.1226003360670,124.2401606174100,127.6516940230600,128.5579950665110,128.2588473863910,128.6451815838250,128.7951360449940,128.2461012378210,128.2461012378210,126.1256247360020
"....Benguet","02.3 - TOBACCO",123.2000000000000,124.0000000000000,125.4000000000000,126.5000000000000,127.5000000000000,127.6000000000000,129.1000000000000,129.0000000000000,132.0000000000000,133.2000000000000,136.2000000000000,139.3000000000000,129.4166666666670
"....Benguet","02.3.0 - Tobacco (ND)",123.2000000000000,124.0000000000000,125.4000000000000,126.5000000000000,127.5000000000000,127.6000000000000,129.1000000000000,129.0000000000000,132.0000000000000,133.2000000000000,136.2000000000000,139.3000000000000,129.4166666666670
"....Benguet","02.3.0.1 - Cigarettes (ND)",123.1458009175260,124.0135935593710,125.4189972326900,126.4112097910090,127.3433873378930,127.3433873378930,128.7546961650690,128.4103435838370,131.5978739166630,132.9731958462510,136.0950826385390,139.1376694789920,129.2204364838110
"....Benguet","02.3.0.2 - Cigars (ND)",..,..,..,..,..,..,..,..,..,..,..,..,..
"....Benguet","02.3.0.9 - Other tobacco products (ND)",123.3573594681010,124.5010642538740,125.6343578236160,127.5694057363220,129.4520912460750,131.5575456523640,134.3553894368890,137.2600036174890,137.2600036174890,137.2600036174890,137.2600036174890,141.0212480578700,132.2073730120890
"....Benguet","02.4 - OTHER VEGETABLE-BASED TOBACCO PRODUCTS",..,..,..,..,..,..,..,..,..,..,..,..,..
"....Benguet","02.4.0 - Other vegetable-based tobacco products (ND)",..,..,..,..,..,..,..,..,..,..,..,..,..
"....Benguet","02.4.0.0 - Other vegetable-based tobacco products (ND)",..,..,..,..,..,..,..,..,..,..,..,..,..
"....Benguet","02.900 - NON-FOOD",111.7000000000000,112.2000000000000,113.3000000000000,114.4000000000000,114.8000000000000,115.2000000000000,116.0000000000000,115.5000000000000,116.3000000000000,117.2000000000000,117.7000000000000,117.3000000000000,115.1333333333330
"....Benguet","03 - CLOTHING AND FOOTWEAR",110.5000000000000,110.7000000000000,111.3000000000000,111.8000000000000,112.7000000000000,113.4000000000000,113.8000000000000,114.0000000000000,114.4000000000000,114.7000000000000,115.1000000000000,115.1000000000000,113.1250000000000
"....Benguet","03.1 - CLOTHING",109.6000000000000,109.9000000000000,110.4000000000000,110.9000000000000,111.7000000000000,112.4000000000000,113.0000000000000,113.4000000000000,114.0000000000000,114.4000000000000,115.0000000000000,115.0000000000000,112.4750000000000
"....Benguet","03.1.1 - Clothing materials (SD)",108.4000000000000,106.8000000000000,106.0000000000000,105.2000000000000,101.3000000000000,98.9000000000000,94.2000000000000,90.2000000000000,89.5000000000000,86.8000000000000,86.8000000000000,86.8000000000000,96.7416666666667
"....Benguet","03.1.1.0 - Clothing materials (SD)",108.3934620317690,106.8148781530570,106.0255862137010,105.2362942743450,101.2898345775640,98.9219587594962,94.1862071233598,90.2397474265794,89.4504554872233,86.8221133291676,86.8221133291676,86.8221133291676,96.7520636695498
"....Benguet","03.1.2 - Garments (SD)",109.7000000000000,110.0000000000000,110.5000000000000,111.0000000000000,111.9000000000000,112.6000000000000,113.2000000000000,113.6000000000000,114.2000000000000,114.7000000000000,115.3000000000000,115.3000000000000,112.6666666666670
"....Benguet","03.1.2.1 - Garments for men or boys (SD)",109.9660841892930,110.0705296813890,110.4379531714240,110.9917088950050,111.8006616662880,112.3716154656930,113.0949394798150,113.5863854184810,114.6415774638590,115.2059647718090,116.1283319051240,116.1283319051240,112.8686736677750
"....Benguet","03.1.2.2 - Garments for women or girls (SD)",109.1502015098070,109.5193990395650,110.2501431941380,110.7083496403690,111.9122981505540,112.8496549709710,113.2537984809360,113.5761954256820,113.5680367575650,113.8441020588930,114.1479892525100,114.1479892525100,112.2440131444580
"....Benguet","03.1.2.3 - Garments for infants (0 to under 2 years) (SD)",118.7271049362190,118.3849499989100,118.0408057607730,117.6946430525090,117.1354849630310,116.7482741163280,116.3950245315910,115.8610948934360,115.8610948934360,117.3365171083870,117.3365171083870,117.3365171083870,117.2381690392830
"....Benguet","03.1.2.4 - School uniforms (SD)",..,..,..,..,..,..,..,..,..,..,..,..,..
"....Benguet","03.1.3 - Other articles of clothing and clothing accessories (SD)",117.5000000000000,117.5000000000000,117.5000000000000,117.6000000000000,117.6000000000000,117.7000000000000,117.7000000000000,117.8000000000000,117.9000000000000,117.1000000000000,117.1000000000000,117.1000000000000,117.5083333333330
"....Benguet","03.1.3.1 - Other articles of clothing (SD)",118.3815612429990,118.3815612429990,118.3815612429990,118.3815612429990,118.3815612429990,118.3815612429990,118.3815612429990,118.3815612429990,118.3815612429990,117.4250103692940,117.4250103692940,117.4250103692940,118.1424235245720
"....Benguet","03.1.3.2 - Clothing accessories (SD)",111.0451372912220,111.0451372912220,111.0451372912220,111.4690254156400,111.8927832766120,112.3382427172160,112.7617868998810,113.1852108872270,114.1674967052010,114.8908476063050,114.8908476063050,114.8908476063050,112.8018750495300
"....Benguet","03.1.4 - Cleaning, repair, tailoring and hire of clothing (S)",104.2000000000000,104.2000000000000,104.3000000000000,104.3000000000000,104.4000000000000,104.4000000000000,104.4000000000000,104.4000000000000,104.4000000000000,104.7000000000000,104.7000000000000,104.7000000000000,104.4250000000000
"....Benguet","03.1.4.1 - Cleaning of clothing (S)",101.0526315789470,101.0526315789470,101.0526315789470,101.0526315789470,101.0526315789470,101.0526315789470,101.0526315789470,101.0526315789470,101.0526315789470,101.0526315789470,101.0526315789470,101.0526315789470,101.0526315789470
"....Benguet","03.1.4.2 - Repair, tailoring and hire of clothing (S)",124.2289300082920,124.3283967046500,124.5961287956930,124.8324344968850,125.0991210668840,125.3847172301020,125.6004634310080,125.6217968160780,125.4731020381580,127.4654001912020,127.4654001912020,127.4654001912020,125.6301075967800
"....Benguet","03.2 - FOOTWEAR",112.6000000000000,112.6000000000000,113.3000000000000,113.7000000000000,115.1000000000000,115.6000000000000,115.5000000000000,115.4000000000000,115.4000000000000,115.4000000000000,115.4000000000000,115.2000000000000,114.6000000000000
"....Benguet","03.2.1 - Shoes and other footwear (SD)",112.6000000000000,112.6000000000000,113.3000000000000,113.7000000000000,115.1000000000000,115.6000000000000,115.5000000000000,115.4000000000000,115.4000000000000,115.4000000000000,115.4000000000000,115.2000000000000,114.6000000000000
"....Benguet","03.2.1.1 - Footwear for men (SD)",108.7679796972140,108.8226461950250,109.2124692165020,109.7326609373240,111.6522835134810,112.2823418538640,112.2115328328120,112.0037312559790,111.9327459850900,111.9327459850900,111.9327459850900,111.5820548087250,111.0054948555160
"....Benguet","03.2.1.2 - Footwear for women (SD)",112.0865742388660,111.1626633489350,110.8743642540810,110.0758312859170,109.4710068194190,108.8594241880400,107.4039680240830,107.4039680240830,107.4039680240830,107.4039680240830,107.4039680240830,107.4039680240830,108.9128060233130
"....Benguet","03.2.1.3 - Footwear for infants and children (SD)",120.4321893677670,121.1832559214440,123.2134460514890,124.7295847977750,127.4577327393990,128.5422346184280,129.9158013483060,129.9158013483060,129.9158013483060,129.9158013483060,129.9158013483060,129.9158013483060,127.0877709655120
"....Benguet","03.2.2 - Cleaning, repair, and hire of footwear (S)",104.8000000000000,104.8000000000000,95.1000000000000,95.1000000000000,95.1000000000000,95.1000000000000,95.1000000000000,95.1000000000000,95.1000000000000,95.1000000000000,95.1000000000000,95.1000000000000,96.7166666666667
"....Benguet","03.2.2.0 - Cleaning, repair, and hire of footwear (S)",104.8034934497820,104.8034934497820,95.1293248236480,95.1293248236480,95.1293248236480,95.1293248236480,95.1293248236480,95.1293248236480,95.1293248236480,95.1293248236480,95.1293248236480,95.1293248236480,96.7416862613369
"....Benguet","04 - HOUSING, WATER, ELECTRICITY, GAS, AND OTHER FUELS",109.4000000000000,109.9000000000000,110.8000000000000,111.1000000000000,110.8000000000000,110.2000000000000,110.4000000000000,110.7000000000000,112.1000000000000,111.8000000000000,112.0000000000000,112.2000000000000,110.9500000000000
"....Benguet","04.1 - ACTUAL RENTALS FOR HOUSING",107.8000000000000,108.4000000000000,108.5000000000000,108.0000000000000,107.5000000000000,106.7000000000000,107.1000000000000,108.6000000000000,108.6000000000000,108.6000000000000,108.6000000000000,108.6000000000000,108.0833333333330
"....Benguet","04.1.1 - Actual rentals paid by tenants for main residence (S)",107.8000000000000,108.4000000000000,108.5000000000000,108.0000000000000,107.5000000000000,106.7000000000000,107.1000000000000,108.6000000000000,108.6000000000000,108.6000000000000,108.6000000000000,108.6000000000000,108.0833333333330
"....Benguet","04.1.1.0 - Actual rentals paid by tenants for main residence (S)",107.7585383349720,108.4178248512810,108.5130797925350,108.0012180319360,107.4501616064210,106.6737604852390,107.1021737592190,108.6444324052460,108.6444324052460,108.6444324052460,108.6444324052460,108.6444324052460,108.0949099073190
"....Benguet","04.3 - MAINTENANCE, REPAIR AND SECURITY OF THE DWELLING",113.5000000000000,114.0000000000000,114.8000000000000,115.6000000000000,116.8000000000000,118.3000000000000,118.9000000000000,119.7000000000000,119.6000000000000,119.3000000000000,120.2000000000000,120.3000000000000,117.5833333333330
"....Benguet","04.3.1 - Security equipment and materials for the maintenance and repair of the dwelling (ND)",109.6000000000000,110.1000000000000,110.6000000000000,111.2000000000000,112.3000000000000,114.2000000000000,114.8000000000000,114.3000000000000,114.1000000000000,113.8000000000000,114.9000000000000,115.0000000000000,112.9083333333330
"....Benguet","04.3.1.1 - Materials for the maintenance and repair of the dwelling (ND)",109.6367499562170,110.1262792718250,110.5647689197940,111.2312297605550,112.2789059397230,114.1641682593770,114.8075746937040,114.2587214369330,114.1492103219120,113.8448802511190,114.8754957531130,115.0474775749280,112.9154551782670
"....Benguet","04.3.2 - Services for the maintenance, repair and security of the dwelling (S)",125.9000000000000,126.5000000000000,128.1000000000000,129.7000000000000,131.0000000000000,131.5000000000000,132.0000000000000,137.1000000000000,137.1000000000000,137.1000000000000,137.1000000000000,137.1000000000000,132.5166666666670
"....Benguet","04.3.2.0 - Services for the maintenance, repair and security of the dwelling (S)",125.9023218824790,126.5494803601470,128.0868646046170,129.7216327796920,130.9635289696180,131.4832418490380,131.9948652565160,137.0715908433050,137.0715908433050,137.0715908433050,137.0715908433050,137.0715908433050,132.5049908265530
"....Benguet","04.4 - WATER SUPPLY AND MISCELLANEOUS SERVICES RELATING TO THE DWELLING",84.3000000000000,84.3000000000000,84.3000000000000,84.3000000000000,84.3000000000000,84.3000000000000,84.3000000000000,84.3000000000000,84.3000000000000,84.3000000000000,84.3000000000000,84.3000000000000,84.3000000000000
"....Benguet","04.4.1 - Water supply (ND)",84.3000000000000,84.3000000000000,84.3000000000000,84.3000000000000,84.3000000000000,84.3000000000000,84.3000000000000,84.3000000000000,84.3000000000000,84.3000000000000,84.3000000000000,84.3000000000000,84.3000000000000
"....Benguet","04.4.1.1 - Water supply through network systems (ND)",84.3450479233227,84.3450479233227,84.3450479233227,84.3450479233227,84.3450479233227,84.3450479233227,84.3450479233227,84.3450479233227,84.3450479233227,84.3450479233227,84.3450479233227,84.3450479233227,84.3450479233227
"....Benguet","04.5 - ELECTRICITY, GAS AND OTHER FUELS",115.3000000000000,115.6000000000000,118.9000000000000,121.4000000000000,121.0000000000000,120.8000000000000,120.2000000000000,117.2000000000000,122.9000000000000,121.8000000000000,122.4000000000000,123.1000000000000,120.0500000000000
"....Benguet","04.5.1 - Electricity (ND)",115.6000000000000,115.6000000000000,115.6000000000000,115.6000000000000,115.6000000000000,118.0000000000000,117.4000000000000,113.1000000000000,129.1000000000000,128.7000000000000,128.5000000000000,128.6000000000000,120.1166666666670
"....Benguet","04.5.1.0 - Electricity (ND)",115.6437692321170,115.6437692321170,115.6437692321170,115.6437692321170,115.6437692321170,117.9977187483330,117.4386984666700,113.1059316647670,129.1490735552480,128.6981624821980,128.5252599452840,128.5830301317330,120.1430600962350
"....Benguet","04.5.2 - Gas (ND)",115.7000000000000,116.4000000000000,124.5000000000000,130.7000000000000,129.7000000000000,126.7000000000000,125.8000000000000,122.5000000000000,121.7000000000000,119.3000000000000,121.0000000000000,122.6000000000000,123.0500000000000
"....Benguet","04.5.2.2 - Liquefied hydrocarbons (ND)",115.7296989068150,116.4228824486480,124.5317967173360,130.6547535879670,129.7380324995030,126.6792566765400,125.7909635119540,122.4701158453690,121.7229910240170,119.3112602292390,120.9908285305770,122.5564811185040,123.0499217580390
"....Benguet","04.5.3 - Liquid fuels (ND)",106.3000000000000,110.4000000000000,128.3000000000000,145.4000000000000,151.2000000000000,169.0000000000000,170.8000000000000,156.2000000000000,161.3000000000000,154.5000000000000,156.3000000000000,145.1000000000000,146.2333333333330
"....Benguet","04.5.3.0 - Liquid fuels (ND)",106.3133281371790,110.3663289166020,128.3242400623540,145.4091971940770,151.2081060015590,168.9789555728760,170.7872174590800,156.1964146531570,161.3094310210450,154.4505066250970,156.2587685113020,145.0974279033520,146.2249935048060
"....Benguet","04.5.4 - Solid fuels (ND)",114.0000000000000,114.0000000000000,114.0000000000000,114.0000000000000,114.0000000000000,114.0000000000000,114.0000000000000,114.0000000000000,114.0000000000000,114.0000000000000,114.0000000000000,114.0000000000000,114.0000000000000
"....Benguet","04.5.4.2 - Wood fuel, including pellets and briquettes (ND)",113.7261096193340,113.7261096193340,113.7261096193340,113.7261096193340,113.7261096193340,113.7261096193340,113.7261096193340,113.7261096193340,113.7261096193340,113.7261096193340,113.7261096193340,113.7261096193340,113.7261096193340
"....Benguet","04.5.4.3 - Charcoal (ND)",133.2187439572010,133.2187439572010,133.2187439572010,133.2187439572010,133.2187439572010,133.2187439572010,133.2187439572010,133.2187439572010,133.2187439572010,133.2187439572010,133.2187439572010,133.2187439572010,133.2187439572010
"....Benguet","05 - FURNISHINGS, HOUSEHOLD EQUIPMENT AND ROUTINE HOUSEHOLD MAINTENANCE",107.4000000000000,107.7000000000000,107.8000000000000,107.9000000000000,108.3000000000000,108.6000000000000,108.9000000000000,109.5000000000000,109.4000000000000,109.2000000000000,110.7000000000000,111.8000000000000,108.9333333333330
"....Benguet","05.1 - FURNITURE, FURNISHINGS, AND LOOSE CARPETS",106.9000000000000,107.1000000000000,107.1000000000000,107.5000000000000,107.8000000000000,108.1000000000000,108.5000000000000,108.5000000000000,108.5000000000000,108.8000000000000,108.8000000000000,108.8000000000000,108.0333333333330
"....Benguet","05.1.1 - Furniture, furnishings and loose carpets (D)",106.9000000000000,107.1000000000000,107.1000000000000,107.5000000000000,107.8000000000000,108.1000000000000,108.5000000000000,108.5000000000000,108.5000000000000,108.8000000000000,108.8000000000000,108.8000000000000,108.0333333333330
"....Benguet","05.1.1.1 - Household furniture (D)",106.8836127254200,107.0987734123800,107.0987734123800,107.5423014871230,107.7994052583540,108.1265695816590,108.4507908200280,108.4507908200280,108.4507908200280,108.8208091284200,108.8208091284200,108.8208091284200,108.0303529768880
"....Benguet","05.1.1.3 - Lighting equipment (D)",..,..,..,..,..,..,..,..,..,..,..,..,..
"....Benguet","05.1.1.4 - Furnishings, loose carpets and rugs (D)",..,..,..,..,..,..,..,..,..,..,..,..,..
"....Benguet","05.2 - HOUSEHOLD TEXTILES",112.6000000000000,112.7000000000000,112.7000000000000,112.9000000000000,113.4000000000000,113.5000000000000,113.3000000000000,113.2000000000000,113.2000000000000,113.2000000000000,113.8000000000000,114.5000000000000,113.2500000000000
"....Benguet","05.2.1 - Household textiles (SD)",112.6000000000000,112.7000000000000,112.7000000000000,112.9000000000000,113.4000000000000,113.5000000000000,113.3000000000000,113.2000000000000,113.2000000000000,113.2000000000000,113.8000000000000,114.5000000000000,113.2500000000000
"....Benguet","05.2.1.1 - Furnishing fabrics and curtains (SD)",96.4117351145870,95.9947724078559,95.3724400097499,96.2001420992309,97.4448068954430,97.4448068954430,97.4448068954430,97.4448068954430,97.4448068954430,96.3059386069089,96.3059386069089,96.3059386069089,96.6767449941138
"....Benguet","05.2.1.2 - Bed linen and bedding (SD)",116.3687906174340,116.6018192956070,116.5796038947880,116.7409386531080,117.1046440566460,117.2402924664770,116.9373129900510,116.8719452191310,116.8719452191310,117.1011330695940,117.9230567720330,118.8221544141840,117.0969697223490
"....Benguet","05.2.1.3 - Table linen and bathroom linen (SD)",118.7392352738550,118.7392352738550,119.7726489838100,119.7726489838100,119.7726489838100,119.7726489838100,119.7726489838100,119.7726489838100,119.7726489838100,119.7726489838100,119.7726489838100,119.7726489838100,119.6004133654840
"....Benguet","05.2.1.9 - Other household textiles (SD)",109.3182120772810,109.3182120772810,109.3182120772810,109.3182120772810,109.3182120772810,109.3182120772810,109.3182120772810,109.3182120772810,109.3182120772810,109.3182120772810,109.3182120772810,109.3182120772810,109.3182120772810
"....Benguet","05.3 - HOUSEHOLD APPLIANCES",100.3000000000000,100.4000000000000,100.4000000000000,100.4000000000000,100.4000000000000,100.4000000000000,99.9000000000000,99.6000000000000,98.8000000000000,95.4000000000000,95.4000000000000,95.4000000000000,98.9000000000000
"....Benguet","05.3.1 - Major household appliances, whether electric or not (D)",100.1000000000000,100.2000000000000,100.2000000000000,100.2000000000000,100.2000000000000,100.2000000000000,99.7000000000000,99.3000000000000,98.4000000000000,94.6000000000000,94.6000000000000,94.6000000000000,98.5250000000000
"....Benguet","05.3.1.1 - Major kitchen appliances (D)",99.5522149368303,99.5522149368303,99.5522149368303,99.5522149368303,99.5522149368303,99.5522149368303,99.5522149368303,99.5522149368303,99.5522149368303,92.9119240156029,92.9119240156029,92.9119240156029,97.8921422065235
"....Benguet","05.3.1.2 - Major laundry appliances (D)",100.9484066767830,100.9484066767830,100.9484066767830,100.9484066767830,100.9484066767830,100.9484066767830,99.8103186646434,98.6722306525038,96.4339908952959,96.4339908952959,96.4339908952959,96.4339908952959,99.1590794132524
"....Benguet","05.3.1.3 - Heaters, air conditioners (D)",100.1955305368100,101.1224524398930,102.2528400420500,102.7049408253930,102.8179999321780,103.9483875343350,104.9657160297060,106.0960358099630,109.9279731425280,109.9279731425280,109.9279731425280,109.9279731425280,105.3179829767030
"....Benguet","05.3.2 - Small household appliances (SD)",101.4000000000000,101.4000000000000,101.4000000000000,101.4000000000000,101.4000000000000,101.4000000000000,100.7000000000000,100.7000000000000,100.7000000000000,100.7000000000000,100.7000000000000,100.7000000000000,101.0500000000000
"....Benguet","05.3.2.1 - Small appliances for cooking and processing of food (SD)",101.2382113715670,101.2382113715670,101.2382113715670,101.2382113715670,101.2382113715670,101.2382113715670,100.1576141243010,100.1576141243010,100.1576141243010,100.1576141243010,100.1576141243010,100.1576141243010,100.6979127479340
"....Benguet","05.3.2.9 - Other small household appliances (SD)",101.6433647082070,101.6433647082070,101.6433647082070,101.6433647082070,101.6433647082070,101.6433647082070,101.6433647082070,101.6433647082070,101.6433647082070,101.6433647082070,101.6433647082070,101.6433647082070,101.6433647082070
"....Benguet","05.3.3 - Repair, installation and hire of household appliances (S)",103.1000000000000,103.7000000000000,104.6000000000000,105.3000000000000,105.3000000000000,105.3000000000000,105.3000000000000,105.3000000000000,105.3000000000000,105.3000000000000,105.3000000000000,105.3000000000000,104.9250000000000
"....Benguet","05.3.3.0 - Repair, installation and hire of household appliances (S)",103.0524673757830,103.6811521803680,104.6237081092800,105.2523929138650,105.2523929138650,105.2523929138650,105.2523929138650,105.2523929138650,105.2523929138650,105.2523929138650,105.2523929138650,105.2523929138650,104.8857386575180
"....Benguet","05.4 - GLASSWARE, TABLEWARE AND HOUSEHOLD UTENSILS",109.2000000000000,109.3000000000000,109.3000000000000,109.4000000000000,109.4000000000000,109.5000000000000,109.5000000000000,109.6000000000000,109.9000000000000,110.2000000000000,110.2000000000000,110.2000000000000,109.6416666666670
"....Benguet","05.4.0 - Glassware, tableware and household utensils (SD)",109.2000000000000,109.3000000000000,109.3000000000000,109.4000000000000,109.4000000000000,109.5000000000000,109.5000000000000,109.6000000000000,109.9000000000000,110.2000000000000,110.2000000000000,110.2000000000000,109.6416666666670
"....Benguet","05.4.0.1 - Glassware, crystal-ware, ceramic ware and chinaware (SD)",112.1123595754430,112.1686856377210,112.2211110978880,112.4234449298140,112.3437196503830,112.6799140903880,112.6799140903880,112.6799140903880,112.6799140903880,113.2131267075410,113.2131267075410,113.2131267075410,112.6356964479520
"....Benguet","05.4.0.2 - Cutlery, flatware and silverware (SD)",111.1074188419360,111.1418632171900,111.0608083213130,111.1660862244430,111.0546894943220,110.9368231118820,110.9141379425390,111.1953840366990,111.9112933036610,112.1567815596260,112.1567815596260,112.1567815596260,111.4132374310720
"....Benguet","05.4.0.3 - Kitchen utensils and articles (SD)",102.5570516068260,102.5570516068260,102.5570516068260,102.5570516068260,102.5570516068260,102.5570516068260,102.5570516068260,102.7553637273730,103.2799180837590,103.2799180837590,103.2799180837590,103.2799180837590,102.8145331091830
"....Benguet","05.5 - TOOLS AND EQUIPMENT FOR HOUSE AND GARDEN",103.5000000000000,103.7000000000000,104.1000000000000,104.1000000000000,103.9000000000000,104.0000000000000,104.7000000000000,105.5000000000000,106.3000000000000,106.7000000000000,107.8000000000000,108.0000000000000,105.1916666666670
"....Benguet","05.5.1 - Motorized tools and equipment (D)",..,..,..,..,..,..,..,..,..,..,..,..,..
"....Benguet","05.5.1.0 - Motorized tools and equipment (D)",..,..,..,..,..,..,..,..,..,..,..,..,..
"....Benguet","05.5.2 - Non-motorized tools and miscellaneous accessories (SD)",103.5000000000000,103.7000000000000,104.1000000000000,104.1000000000000,103.9000000000000,104.0000000000000,104.7000000000000,105.5000000000000,106.3000000000000,106.7000000000000,107.8000000000000,108.0000000000000,105.1916666666670
"....Benguet","05.5.2.1 - Non-motorized tools (SD)",104.2924881911130,104.5413036952630,105.1537251176630,104.9191391418560,104.5613975821280,104.0671609809020,105.0083316296310,106.0852399898000,107.5889537411310,108.5446262805790,110.9078424736110,111.2690545618150,106.4116052821240
"....Benguet","05.5.2.2 - Miscellaneous accessories (SD)",102.6130016622200,102.8228694736830,102.9658223270700,103.2205575317160,103.2423320446590,103.9949367614740,104.4222656837940,104.9378540318640,104.9118573592060,104.8459109217030,104.7202265819540,104.7924599576510,103.9575078614160
"....Benguet","05.6 - GOODS AND SERVICES FOR ROUTINE HOUSEHOLD MAINTENANCE",109.3000000000000,109.6000000000000,109.8000000000000,109.9000000000000,110.4000000000000,110.9000000000000,111.5000000000000,112.4000000000000,112.5000000000000,113.1000000000000,115.4000000000000,117.1000000000000,111.8250000000000
"....Benguet","05.6.1 - Non-durable household goods (ND)",109.7000000000000,109.8000000000000,109.9000000000000,110.0000000000000,110.4000000000000,110.4000000000000,110.1000000000000,110.1000000000000,110.3000000000000,111.0000000000000,113.7000000000000,115.8000000000000,110.9333333333330
"....Benguet","05.6.1.1 - Household cleaning and maintenance products (ND)",106.8629150576940,107.3789029215130,108.1873831862430,108.7276667054560,109.5737203730280,109.7767975911320,109.4115781139660,110.0590205041720,111.0595810423560,112.0882709280020,113.8432116199290,115.0279099392380,110.1664131652270
"....Benguet","05.6.1.9 - Other non-durable household goods (ND)",110.5961588967120,110.5533995677330,110.5066739287990,110.4610270114000,110.7146060686160,110.5721203780160,110.3732601563140,110.1663272512800,110.0825965784310,110.6340349721460,113.6235515190600,116.0519710788220,111.1946439506110
"....Benguet","05.6.2 - Domestic services and household services (S)",107.6000000000000,108.5000000000000,109.2000000000000,109.7000000000000,110.2000000000000,113.3000000000000,118.5000000000000,123.7000000000000,123.7000000000000,123.7000000000000,123.7000000000000,123.7000000000000,116.2916666666670
"....Benguet","05.6.2.1 - Domestic services by paid staff (S)",107.5990951279960,108.4827591942650,109.1585023037640,109.6783046956870,110.1981070876100,113.3169214391460,118.5149453583730,123.7129692776000,123.7129692776000,123.7129692776000,123.7129692776000,123.7129692776000,116.2927901329030
"....Benguet","06 - HEALTH",109.8000000000000,109.9000000000000,110.1000000000000,110.3000000000000,110.9000000000000,111.6000000000000,111.6000000000000,112.3000000000000,112.7000000000000,113.0000000000000,114.0000000000000,114.7000000000000,111.7416666666670
"....Benguet","06.1 - MEDICINES AND HEALTH PRODUCTS",108.9000000000000,109.1000000000000,109.4000000000000,109.6000000000000,110.2000000000000,110.9000000000000,111.0000000000000,111.4000000000000,111.9000000000000,112.2000000000000,114.4000000000000,115.8000000000000,111.2333333333330
"....Benguet","06.1.1 - Medicines (ND)",109.6000000000000,109.8000000000000,110.2000000000000,110.4000000000000,111.0000000000000,111.8000000000000,111.9000000000000,112.3000000000000,112.9000000000000,113.5000000000000,116.0000000000000,117.5000000000000,112.2416666666670
"....Benguet","06.1.1.1 - Medicines, vaccines and other pharmaceutical preparations (ND)",109.5786912873210,109.7869839490530,110.1524154023930,110.3652940261800,111.0043779942540,111.7763229575360,111.9473902299210,112.3058230595500,112.8988537854980,113.5318124479670,115.9871756940000,117.5293652251470,112.2387088382350
"....Benguet","06.1.2 - Medical products (ND)",100.6000000000000,101.5000000000000,102.1000000000000,102.6000000000000,103.3000000000000,104.1000000000000,103.8000000000000,104.0000000000000,104.2000000000000,93.6000000000000,94.6000000000000,96.6000000000000,100.9166666666670
"....Benguet","06.1.2.1 - Medical diagnostic products (ND)",102.9803731524110,102.9803731524110,102.9803731524110,102.9803731524110,102.9803731524110,102.9803731524110,102.9803731524110,102.9803731524110,102.9803731524110,105.1490186576210,110.0072692028110,116.0649382117760,104.8370487036590
"....Benguet","06.1.2.2 - Prevention and protective devices (ND)",83.4541145488194,85.4545880722617,86.2793699680869,87.1866438125773,88.7077159020582,90.3774479461639,88.7077159020582,88.7077159020582,88.7077159020582,58.4394690725640,58.4394690725640,58.4394690725640,80.2417862644862
"....Benguet","06.1.2.3 - Treatment devices for personal use (ND)",115.2930493006910,115.9614204030850,116.9568156593500,117.6157325106830,118.2709784303570,118.9226140972500,119.5706985367780,120.2152891832910,120.8564419394840,117.2867368102630,115.2930493006910,115.2930493006910,117.6279896227180
"....Benguet","06.1.3 - Assistive products (D)",103.6000000000000,103.6000000000000,103.6000000000000,103.6000000000000,103.6000000000000,103.6000000000000,103.6000000000000,103.6000000000000,103.6000000000000,103.6000000000000,103.6000000000000,103.6000000000000,103.6000000000000
"....Benguet","06.1.3.1 - Assistive products for vision (D)",103.5869090909090,103.5869090909090,103.5869090909090,103.5869090909090,103.5869090909090,103.5869090909090,103.5869090909090,103.5869090909090,103.5869090909090,103.5869090909090,103.5869090909090,103.5869090909090,103.5869090909090
"....Benguet","06.2 - OUTPATIENT CARE SERVICES",119.6000000000000,119.7000000000000,120.0000000000000,120.1000000000000,121.3000000000000,122.6000000000000,122.7000000000000,124.3000000000000,124.9000000000000,125.5000000000000,125.5000000000000,125.5000000000000,122.6416666666670
"....Benguet","06.2.1 - Preventive care services (S)",118.0000000000000,118.0000000000000,118.0000000000000,118.0000000000000,119.2000000000000,120.6000000000000,120.8000000000000,120.8000000000000,120.8000000000000,120.8000000000000,120.8000000000000,120.8000000000000,119.7166666666670
"....Benguet","06.2.1.9 - Other preventive services (S)",118.0327868852460,118.0327868852460,118.0327868852460,118.0327868852460,119.1569086651050,120.5620608899300,120.8430913348950,120.8430913348950,120.8430913348950,120.8430913348950,120.8430913348950,120.8430913348950,119.7423887587820
"....Benguet","06.2.2 - Outpatient dental services (S)",124.9000000000000,125.3000000000000,126.5000000000000,127.1000000000000,128.3000000000000,129.2000000000000,129.2000000000000,136.0000000000000,138.7000000000000,141.3000000000000,141.3000000000000,141.3000000000000,132.4250000000000
"....Benguet","06.2.2.1 - Dental preventive services (S)",124.9213801463970,125.2774299771530,126.5400514277180,127.0901285062280,128.2692432007560,129.1748799532890,129.1748799532890,136.0060400031330,138.6994903884910,141.3416228530020,141.3416228530020,141.3416228530020,132.4315326762880
"....Benguet","06.2.3 - Other outpatient care services (S)",..,..,..,..,..,..,..,..,..,..,..,..,..
"....Benguet","06.2.3.1 - Outpatient curative and rehabilitative services (S)",..,..,..,..,..,..,..,..,..,..,..,..,..
"....Benguet","06.3 - INPATIENT CARE SERVICES",100.0000000000000,100.0000000000000,100.0000000000000,100.0000000000000,100.0000000000000,100.0000000000000,100.0000000000000,100.0000000000000,100.0000000000000,100.0000000000000,100.0000000000000,100.0000000000000,100.0000000000000
"....Benguet","06.3.1 - Inpatient curative and rehabilitative services (S)",100.0000000000000,100.0000000000000,100.0000000000000,100.0000000000000,100.0000000000000,100.0000000000000,100.0000000000000,100.0000000000000,100.0000000000000,100.0000000000000,100.0000000000000,100.0000000000000,100.0000000000000
"....Benguet","06.3.1.0 - Inpatient curative and rehabilitative services (S)",100.0000000000000,100.0000000000000,100.0000000000000,100.0000000000000,100.0000000000000,100.0000000000000,100.0000000000000,100.0000000000000,100.0000000000000,100.0000000000000,100.0000000000000,100.0000000000000,100.0000000000000
"....Benguet","06.4 - OTHER HEALTH SERVICES",124.2000000000000,124.0000000000000,123.8000000000000,123.8000000000000,124.1000000000000,124.2000000000000,124.6000000000000,126.2000000000000,126.5000000000000,126.5000000000000,126.5000000000000,126.5000000000000,125.0750000000000
"....Benguet","06.4.1 - Diagnostic imaging services and medical laboratory services (S)",124.2000000000000,124.0000000000000,123.8000000000000,123.8000000000000,124.1000000000000,124.2000000000000,124.6000000000000,126.2000000000000,126.5000000000000,126.5000000000000,126.5000000000000,126.5000000000000,125.0750000000000
"....Benguet","06.4.1.0 - Diagnostic imaging services and medical laboratory services (S)",124.1584081159270,123.9636484298440,123.7752036759600,123.8072982891720,124.0767194610450,124.2305267136890,124.6169583027380,126.2490439204580,126.4983044888260,126.4983044888260,126.4983044888260,126.4983044888260,125.0725854053450
"....Benguet","07 - TRANSPORT",124.0000000000000,125.6000000000000,129.7000000000000,134.9000000000000,136.9000000000000,140.2000000000000,144.3000000000000,139.4000000000000,140.0000000000000,144.0000000000000,145.6000000000000,142.2000000000000,137.2333333333330
"....Benguet","07.1 - PURCHASE OF VEHICLES",104.8000000000000,104.8000000000000,104.8000000000000,104.8000000000000,104.8000000000000,104.8000000000000,104.8000000000000,104.8000000000000,104.8000000000000,104.8000000000000,104.8000000000000,104.8000000000000,104.8000000000000
"....Benguet","07.1.1 - Motor cars (D)",..,..,..,..,..,..,..,..,..,..,..,..,..
"....Benguet","07.1.1.1 - New motor cars (D)",..,..,..,..,..,..,..,..,..,..,..,..,..
"....Benguet","07.1.2 - Motorcycles (D)",104.9000000000000,104.9000000000000,104.9000000000000,104.9000000000000,104.9000000000000,104.9000000000000,104.9000000000000,104.9000000000000,104.9000000000000,104.9000000000000,104.9000000000000,104.9000000000000,104.9000000000000
"....Benguet","07.1.2.0 - Motorcycles (D)",104.8933807241120,104.8933807241120,104.8933807241120,104.8933807241120,104.8933807241120,104.8933807241120,104.8933807241120,104.8933807241120,104.8933807241120,104.8933807241120,104.8933807241120,104.8933807241120,104.8933807241120
"....Benguet","07.1.3 - Bicycles (D)",100.8000000000000,100.8000000000000,100.8000000000000,100.8000000000000,100.8000000000000,100.8000000000000,100.8000000000000,100.8000000000000,100.8000000000000,100.8000000000000,100.8000000000000,100.8000000000000,100.8000000000000
"....Benguet","07.1.3.0 - Bicycles (D)",100.8430478802790,100.8430478802790,100.8430478802790,100.8430478802790,100.8430478802790,100.8430478802790,100.8430478802790,100.8430478802790,100.8430478802790,100.8430478802790,100.8430478802790,100.8430478802790,100.8430478802790
"....Benguet","07.2 - OPERATION OF PERSONAL TRANSPORT EQUIPMENT",111.8000000000000,113.9000000000000,122.5000000000000,133.6000000000000,138.0000000000000,144.9000000000000,147.1000000000000,136.5000000000000,137.9000000000000,136.8000000000000,140.3000000000000,133.0000000000000,133.0250000000000
"....Benguet","07.2.1 - Parts and accessories for personal transport equipment (SD)",105.3000000000000,105.6000000000000,105.4000000000000,105.2000000000000,104.7000000000000,104.4000000000000,104.1000000000000,101.5000000000000,101.5000000000000,101.5000000000000,102.1000000000000,102.1000000000000,103.6166666666670
"....Benguet","07.2.1.1 - Tires (SD)",..,..,..,..,..,..,..,..,..,..,..,..,..
"....Benguet","07.2.1.2 - Parts for personal transport equipment (SD)",105.2862202066440,105.6307376731010,105.4038874277460,105.1770371823910,104.7233366916820,104.4057463481850,104.0881560046880,101.4841566571850,101.4841566571850,101.4841566571850,102.0671363964410,102.0671363964410,103.6084886915730
"....Benguet","07.2.1.3 - Accessories for personal transport equipment (SD)",..,..,..,..,..,..,..,..,..,..,..,..,..
"....Benguet","07.2.2 - Fuels and lubricants for personal transport equipment (ND)",115.1000000000000,118.3000000000000,132.1000000000000,149.8000000000000,156.8000000000000,167.6000000000000,171.3000000000000,155.2000000000000,157.4000000000000,154.9000000000000,159.5000000000000,147.8000000000000,148.8166666666670
"....Benguet","07.2.2.1 - Diesel (ND)",115.3208999091540,118.7623577192330,134.7512424517720,160.1026024688720,167.1137711751190,179.1481857532200,187.2922567199270,167.9901672634000,172.6714049056810,170.8117351573770,176.0914872014110,159.9957248971300,159.1709863018580
"....Benguet","07.2.2.2 - Gasoline (ND)",115.2042220153190,118.3787053497710,129.2058311060820,134.1648288134460,141.6578374041190,151.1801102248560,146.7346401215500,134.8717474488760,132.7940464868900,128.8381415356120,132.4280241140900,127.7439401634090,132.7668395653350
"....Benguet","07.2.2.3 - Other fuels for personal transport equipment (ND)",..,..,..,..,..,..,..,..,..,..,..,..,..
"....Benguet","07.2.2.4 - Lubricants (ND)",108.8146628690120,109.2645853688820,109.9663177898480,110.5049140042980,111.0918200967680,111.4960866395230,111.7556794264050,113.5314090050190,113.5314090050190,114.1088996815690,116.2423291250580,117.6173810580480,112.3271245057870
"....Benguet","07.2.3 - Maintenance and repair of personal transport equipment (S)",108.8000000000000,109.3000000000000,109.7000000000000,110.2000000000000,110.7000000000000,111.1000000000000,111.1000000000000,111.1000000000000,111.1000000000000,114.6000000000000,118.0000000000000,118.0000000000000,111.9750000000000
"....Benguet","07.2.3.0 - Maintenance and repair of personal transport equipment (S)",108.8248321213400,109.2845498712080,109.7442676210760,110.2019145702690,110.6616323201370,111.1213500700050,111.1213500700050,111.1213500700050,111.1213500700050,114.5733747953650,118.0253995207250,118.0253995207250,111.9855642184050
"....Benguet","07.2.4 - Other services in respect of personal transport equipment (S)",100.0000000000000,100.0000000000000,100.0000000000000,100.0000000000000,104.1000000000000,108.2000000000000,108.2000000000000,108.2000000000000,108.2000000000000,108.2000000000000,108.2000000000000,108.2000000000000,105.1250000000000
"....Benguet","07.2.4.2 - Toll facilities (S)",100.0000000000000,100.0000000000000,100.0000000000000,100.0000000000000,104.1033434650460,108.2066869300910,108.2066869300910,108.2066869300910,108.2066869300910,108.2066869300910,108.2066869300910,108.2066869300910,105.1291793313070
"....Benguet","07.2.4.3 - Driving lessons, tests, licences, and road worthiness tests (S)",..,..,..,..,..,..,..,..,..,..,..,..,..
"....Benguet","07.3 - PASSENGER TRANSPORT SERVICES",139.4000000000000,140.9000000000000,140.9000000000000,140.9000000000000,140.9000000000000,141.0000000000000,147.7000000000000,147.8000000000000,147.7000000000000,157.5000000000000,157.4000000000000,157.6000000000000,146.6416666666670
"....Benguet","07.3.1 - Passenger transport by railway (S)",..,..,..,..,..,..,..,..,..,..,..,..,..
"....Benguet","07.3.1.1 - Passenger transport by train (S)",..,..,..,..,..,..,..,..,..,..,..,..,..
"....Benguet","07.3.1.2 - Passenger transport by rapid transit and tram (S)",..,..,..,..,..,..,..,..,..,..,..,..,..
"....Benguet","07.3.2 - Passenger transport by road (S)",140.2000000000000,141.7000000000000,141.7000000000000,141.7000000000000,141.7000000000000,141.7000000000000,148.4000000000000,148.4000000000000,148.4000000000000,158.3000000000000,158.3000000000000,158.3000000000000,147.4000000000000
"....Benguet","07.3.2.1 - Passenger transport by bus and coach (S)",..,..,..,..,..,..,..,..,..,..,..,..,..
"....Benguet","07.3.2.2 - Passenger transport by taxi and hired car with driver (S)",..,..,..,..,..,..,..,..,..,..,..,..,..
"....Benguet","07.3.2.9 - Other passenger transport by road (S)",140.1582591493570,141.7408506429280,141.7408506429280,141.7408506429280,141.7408506429280,141.7408506429280,148.3679525222550,148.3679525222550,148.3679525222550,158.2591493570720,158.2591493570720,158.2591493570720,147.3953181668310
"....Benguet","07.3.3 - Passenger transport by air (S)",89.5000000000000,90.0000000000000,91.3000000000000,92.3000000000000,94.2000000000000,98.4000000000000,105.7000000000000,109.1000000000000,105.0000000000000,105.0000000000000,103.6000000000000,115.2000000000000,99.9416666666667
"....Benguet","07.3.3.1 - Passenger transport by air, domestic (S)",89.5163469332613,89.9756822480411,91.2906421687832,92.2993785463388,94.2087724038548,98.3698099612717,105.7371881473480,109.1236602719990,105.0166621633790,105.0166621633790,103.6476627938400,115.2481311357290,99.9542165781020
"....Benguet","07.3.4 - Passenger transport by sea and inland waterway (S)",..,..,..,..,..,..,..,..,..,..,..,..,..
"....Benguet","07.3.4.0 - Passenger transport by sea and inland waterway (S)",..,..,..,..,..,..,..,..,..,..,..,..,..
"....Benguet","07.4 - TRANSPORT SERVICES OF GOODS",104.8000000000000,104.8000000000000,104.8000000000000,104.8000000000000,104.8000000000000,104.8000000000000,105.1000000000000,105.4000000000000,105.4000000000000,105.4000000000000,105.4000000000000,105.4000000000000,105.0750000000000
"....Benguet","07.4.1 - Postal and courier services (S)",104.8000000000000,104.8000000000000,104.8000000000000,104.8000000000000,104.8000000000000,104.8000000000000,105.1000000000000,105.4000000000000,105.4000000000000,105.4000000000000,105.4000000000000,105.4000000000000,105.0750000000000
"....Benguet","07.4.1.1 - Letter handling services (S)",104.9719626168220,104.9719626168220,104.9719626168220,104.9719626168220,104.9719626168220,104.9719626168220,104.9719626168220,104.9719626168220,104.9719626168220,104.9719626168220,104.9719626168220,104.9719626168220,104.9719626168220
"....Benguet","07.4.1.2 - Courier and parcel delivery services (S)",104.4705882352940,104.4705882352940,104.4705882352940,104.4705882352940,104.4705882352940,104.4705882352940,105.3176470588240,106.7294117647060,106.7294117647060,106.7294117647060,106.7294117647060,106.7294117647060,105.4823529411770
"....Benguet","08 - INFORMATION AND COMMUNICATION",103.2000000000000,103.2000000000000,103.2000000000000,103.2000000000000,103.2000000000000,103.2000000000000,103.2000000000000,103.2000000000000,103.2000000000000,103.0000000000000,103.0000000000000,103.0000000000000,103.1500000000000
"....Benguet","08.1 - INFORMATION AND COMMUNICATION EQUIPMENT",100.1000000000000,100.1000000000000,100.1000000000000,100.1000000000000,100.1000000000000,100.1000000000000,100.1000000000000,100.1000000000000,100.1000000000000,100.1000000000000,100.1000000000000,100.1000000000000,100.1000000000000
"....Benguet","08.1.1 - Fixed telephone equipment (D)",..,..,..,..,..,..,..,..,..,..,..,..,..
"....Benguet","08.1.1.0 - Fixed telephone equipment (D)",..,..,..,..,..,..,..,..,..,..,..,..,..
"....Benguet","08.1.2 - Mobile telephone equipment (D)",..,..,..,..,..,..,..,..,..,..,..,..,..
"....Benguet","08.1.2.0 - Mobile telephone equipment (D)",..,..,..,..,..,..,..,..,..,..,..,..,..
"....Benguet","08.1.3 - Information processing equipment (D)",100.7000000000000,100.7000000000000,100.7000000000000,100.7000000000000,100.7000000000000,100.7000000000000,100.7000000000000,100.7000000000000,100.7000000000000,100.7000000000000,100.7000000000000,100.7000000000000,100.7000000000000
"....Benguet","08.1.3.1 - Computers, laptops and tablets (D)",100.6452575181940,100.6452575181940,100.6452575181940,100.6452575181940,100.6452575181940,100.6452575181940,100.6452575181940,100.6452575181940,100.6452575181940,100.6452575181940,100.6452575181940,100.6452575181940,100.6452575181940
"....Benguet","08.1.3.2 - Peripheral equipment and its consumable components (D)",105.2250830291670,105.2250830291670,105.2250830291670,105.2250830291670,105.2250830291670,105.2250830291670,105.2250830291670,105.2250830291670,105.2250830291670,105.2250830291670,105.2250830291670,105.2250830291670,105.2250830291670
"....Benguet","08.1.4 - Equipment for the reception, recording and reproduction of sound and vision (D)",99.6000000000000,99.6000000000000,99.6000000000000,99.6000000000000,99.6000000000000,99.6000000000000,99.6000000000000,99.6000000000000,99.6000000000000,99.6000000000000,99.6000000000000,99.6000000000000,99.6000000000000
"....Benguet","08.1.4.0 - Equipment for the reception, recording and reproduction of sound and vision (D)",99.5589746300382,99.5589746300382,99.5589746300382,99.5589746300382,99.5589746300382,99.5589746300382,99.5589746300382,99.5589746300382,99.5589746300382,99.5589746300382,99.5589746300382,99.5589746300382,99.5589746300382
"....Benguet","08.1.5 - Unrecorded recording media (SD)",100.1000000000000,99.8000000000000,99.8000000000000,99.5000000000000,99.2000000000000,99.2000000000000,99.2000000000000,100.4000000000000,101.0000000000000,101.0000000000000,101.0000000000000,101.0000000000000,100.1000000000000
"....Benguet","08.1.5.0 - Unrecorded recording media (SD)",100.1236783807910,99.8156995571054,99.8156995571054,99.5067675268806,99.1968733843108,99.1968733843108,99.1968733843108,100.4072284425920,101.0453567948160,101.0453567948160,101.0453567948160,101.0453567948160,100.1200933997230
"....Benguet","08.3 - INFORMATION AND COMMUNICATION SERVICES",104.1000000000000,104.1000000000000,104.1000000000000,104.1000000000000,104.1000000000000,104.1000000000000,104.1000000000000,104.1000000000000,104.1000000000000,103.8000000000000,103.8000000000000,103.8000000000000,104.0250000000000
"....Benguet","08.3.1 - Fixed communication services (S)",100.0000000000000,100.0000000000000,100.0000000000000,100.0000000000000,100.0000000000000,100.0000000000000,100.0000000000000,100.0000000000000,100.0000000000000,100.0000000000000,100.0000000000000,100.0000000000000,100.0000000000000
"....Benguet","08.3.1.0 - Fixed communication services (S)",100.0000000000000,100.0000000000000,100.0000000000000,100.0000000000000,100.0000000000000,100.0000000000000,100.0000000000000,100.0000000000000,100.0000000000000,100.0000000000000,100.0000000000000,100.0000000000000,100.0000000000000
"....Benguet","08.3.2 - Mobile communication services (S)",103.8000000000000,103.8000000000000,103.8000000000000,103.8000000000000,103.8000000000000,103.8000000000000,103.8000000000000,103.8000000000000,103.8000000000000,103.5000000000000,103.5000000000000,103.5000000000000,103.7250000000000
"....Benguet","08.3.2.0 - Mobile communication services (S)",103.8005164000050,103.8005164000050,103.8005164000050,103.8005164000050,103.8005164000050,103.8005164000050,103.8005164000050,103.8005164000050,103.8005164000050,103.4640470661020,103.4640470661020,103.4640470661020,103.7163990665290
"....Benguet","08.3.3 - Internet access provision services and net storage services (S)",110.8000000000000,110.8000000000000,110.8000000000000,110.8000000000000,110.8000000000000,110.8000000000000,110.8000000000000,110.8000000000000,110.8000000000000,109.3000000000000,109.3000000000000,109.3000000000000,110.4250000000000
"....Benguet","08.3.3.0 - Internet access provision services and net storage services (S)",110.7653426019780,110.7653426019780,110.7653426019780,110.7653426019780,110.7653426019780,110.7653426019780,110.7653426019780,110.7653426019780,110.7653426019780,109.3261124012580,109.3261124012580,109.3261124012580,110.4055350517980
"....Benguet","08.3.5 - Repair and rental of information and communication equipment (S)",109.2000000000000,109.2000000000000,109.2000000000000,109.2000000000000,109.2000000000000,109.2000000000000,109.2000000000000,109.2000000000000,109.2000000000000,109.2000000000000,112.5000000000000,115.2000000000000,109.9750000000000
"....Benguet","08.3.5.0 - Repair and rental of information and communication equipment (S)",109.1648260140810,109.1648260140810,109.1648260140810,109.1648260140810,109.1648260140810,109.1648260140810,109.1648260140810,109.1648260140810,109.1648260140810,109.1648260140810,112.5166080999770,115.2209979238450,109.9488221803860
"....Benguet","09 - RECREATION, SPORT AND CULTURE",105.1000000000000,105.4000000000000,105.6000000000000,105.8000000000000,106.0000000000000,106.4000000000000,106.8000000000000,107.1000000000000,107.5000000000000,109.2000000000000,109.8000000000000,110.0000000000000,107.0583333333330
"....Benguet","09.1 - RECREATIONAL DURABLES",100.0000000000000,100.0000000000000,100.0000000000000,100.0000000000000,100.0000000000000,100.0000000000000,100.0000000000000,100.0000000000000,100.0000000000000,100.0000000000000,100.0000000000000,100.0000000000000,100.0000000000000
"....Benguet","09.1.1 - Photographic and cinematographic equipment and optical instruments (D)",100.0000000000000,100.0000000000000,100.0000000000000,100.0000000000000,100.0000000000000,100.0000000000000,100.0000000000000,100.0000000000000,100.0000000000000,100.0000000000000,100.0000000000000,100.0000000000000,100.0000000000000
"....Benguet","09.1.1.1 - Cameras (D)",100.0000000000000,100.0000000000000,100.0000000000000,100.0000000000000,100.0000000000000,100.0000000000000,100.0000000000000,100.0000000000000,100.0000000000000,100.0000000000000,100.0000000000000,100.0000000000000,100.0000000000000
"....Benguet","09.2 - OTHER RECREATIONAL GOODS",97.7000000000000,97.7000000000000,97.6000000000000,97.7000000000000,97.6000000000000,98.3000000000000,100.2000000000000,99.7000000000000,99.7000000000000,101.6000000000000,102.6000000000000,102.6000000000000,99.4166666666667
"....Benguet","09.2.1 - Games, toys and hobbies (SD)",97.3000000000000,97.3000000000000,97.2000000000000,97.3000000000000,97.2000000000000,97.9000000000000,100.0000000000000,99.4000000000000,99.4000000000000,101.5000000000000,102.6000000000000,102.6000000000000,99.1416666666667
"....Benguet","09.2.1.2 - Other games, toys and hobbies (SD)",97.3013369914507,97.3066598851181,97.2235595250330,97.3079187916773,97.1978009372237,97.8551515566411,100.0205572440920,99.3683266153418,99.3683266153418,101.5467769153680,102.6294797590940,102.6294797590940,99.1462812162896
"....Benguet","09.2.2 - Equipment for sport, camping and open-air recreation (SD)",103.1000000000000,103.1000000000000,103.1000000000000,103.1000000000000,103.1000000000000,103.1000000000000,103.1000000000000,103.1000000000000,103.1000000000000,103.1000000000000,103.1000000000000,102.5000000000000,103.0500000000000
"....Benguet","09.2.2.1 - Equipment for sport (SD)",103.0662625369800,103.0662625369800,103.0662625369800,103.0662625369800,103.0662625369800,103.0662625369800,103.0662625369800,103.0662625369800,103.0662625369800,103.0662625369800,103.0662625369800,102.4639272364390,103.0160679286020
"....Benguet","09.2.2.2 - Equipment for camping and open-air recreation (SD)",..,..,..,..,..,..,..,..,..,..,..,..,..
"....Benguet","09.3 - GARDEN PRODUCTS AND PETS",116.4000000000000,116.7000000000000,117.0000000000000,117.7000000000000,119.1000000000000,119.5000000000000,119.9000000000000,121.9000000000000,122.9000000000000,126.7000000000000,127.8000000000000,128.8000000000000,121.2000000000000
"....Benguet","09.3.1 - Garden products, plants and flowers (ND)",106.6000000000000,108.0000000000000,109.4000000000000,110.2000000000000,112.4000000000000,114.5000000000000,116.1000000000000,118.9000000000000,123.3000000000000,128.3000000000000,133.0000000000000,137.3000000000000,118.1666666666670
"....Benguet","09.3.1.1 - Garden products (ND)",101.5785841524450,102.3790581868470,102.3790581868470,102.3790581868470,102.3790581868470,103.7650299939430,104.3533830177620,104.4315796439600,104.4315796439600,108.2069904976580,112.0433591708640,115.2300615479600,105.2964000346620
"....Benguet","09.3.1.2 - Plants, seeds and flowers (ND)",111.5834200464170,113.6578905761360,116.4726584030550,118.0337135002300,122.3687271834880,125.2207189602320,127.7741381436930,133.4594667342770,142.0982946977030,148.4026796301960,153.9818937762720,159.3977884489510,131.0376158417210
"....Benguet","09.3.2 - Pets and products for pets (ND)",119.4000000000000,119.4000000000000,119.4000000000000,120.0000000000000,121.1000000000000,121.1000000000000,121.1000000000000,122.8000000000000,122.8000000000000,126.2000000000000,126.2000000000000,126.2000000000000,122.1416666666670
"....Benguet","09.3.2.2 - Products for pets and other household animals (ND)",119.3554987212280,119.3554987212280,119.3554987212280,120.0306905370840,121.0537084398980,121.0537084398980,121.0537084398980,122.7621483375960,122.7621483375960,126.1687979539640,126.1687979539640,126.1687979539640,122.1074168797950
"....Benguet","09.4 - RECREATIONAL SERVICES",92.0000000000000,92.0000000000000,92.0000000000000,92.0000000000000,92.0000000000000,92.0000000000000,92.0000000000000,92.0000000000000,92.0000000000000,92.0000000000000,92.0000000000000,92.0000000000000,92.0000000000000
"....Benguet","09.4.6 - Recreational and sporting services (S)",86.7000000000000,86.7000000000000,86.7000000000000,86.7000000000000,86.7000000000000,86.7000000000000,86.7000000000000,86.7000000000000,86.7000000000000,86.7000000000000,86.7000000000000,86.7000000000000,86.7000000000000
"....Benguet","09.4.6.2 - Sporting services - practice (S)",86.6700000000000,86.6700000000000,86.6700000000000,86.6700000000000,86.6700000000000,86.6700000000000,86.6700000000000,86.6700000000000,86.6700000000000,86.6700000000000,86.6700000000000,86.6700000000000,86.6700000000000
"....Benguet","09.4.7 - Games of chance (S)",92.3000000000000,92.3000000000000,92.3000000000000,92.3000000000000,92.3000000000000,92.3000000000000,92.3000000000000,92.3000000000000,92.3000000000000,92.3000000000000,92.3000000000000,92.3000000000000,92.3000000000000
"....Benguet","09.4.7.0 - Games of chance (S)",92.3076923076923,92.3076923076923,92.3076923076923,92.3076923076923,92.3076923076923,92.3076923076923,92.3076923076923,92.3076923076923,92.3076923076923,92.3076923076923,92.3076923076923,92.3076923076923,92.3076923076923
"....Benguet","09.5 - CULTURAL GOODS",95.7000000000000,95.7000000000000,95.7000000000000,95.7000000000000,95.7000000000000,95.7000000000000,95.7000000000000,95.7000000000000,95.7000000000000,95.7000000000000,95.7000000000000,95.7000000000000,95.7000000000000
"....Benguet","09.5.1 - Musical instruments (D)",95.7000000000000,95.7000000000000,95.7000000000000,95.7000000000000,95.7000000000000,95.7000000000000,95.7000000000000,95.7000000000000,95.7000000000000,95.7000000000000,95.7000000000000,95.7000000000000,95.7000000000000
"....Benguet","09.5.1.0 - Musical instruments (D)",95.7254266562037,95.7254266562037,95.7254266562037,95.7254266562037,95.7254266562037,95.7254266562037,95.7254266562037,95.7254266562037,95.7254266562037,95.7254266562037,95.7254266562037,95.7254266562037,95.7254266562037
"....Benguet","09.6 - CULTURAL SERVICES",108.2000000000000,109.6000000000000,110.3000000000000,110.3000000000000,110.3000000000000,110.3000000000000,110.3000000000000,110.3000000000000,110.3000000000000,110.3000000000000,110.3000000000000,110.3000000000000,110.0666666666670
"....Benguet","09.6.1 - Services provided by cinemas, theatres and concert venues (S)",108.2000000000000,109.6000000000000,110.3000000000000,110.3000000000000,110.3000000000000,110.3000000000000,110.3000000000000,110.3000000000000,110.3000000000000,110.3000000000000,110.3000000000000,110.3000000000000,110.0666666666670
"....Benguet","09.6.1.0 - Services provided by cinemas, theatres and concert venues (S)",108.2112629043520,109.6456903820430,110.2599567590890,110.2599567590890,110.2599567590890,110.2599567590890,110.2599567590890,110.2599567590890,110.2599567590890,110.2599567590890,110.2599567590890,110.2599567590890,110.0380434064400
"....Benguet","09.6.3 - Photographic services (S)",..,..,..,..,..,..,..,..,..,..,..,..,..
"....Benguet","09.6.3.0 - Photographic services (S)",..,..,..,..,..,..,..,..,..,..,..,..,..
"....Benguet","09.6.9 - Other cultural services (S)",..,..,..,..,..,..,..,..,..,..,..,..,..
"....Benguet","09.6.9.0 - Other cultural services (S)",..,..,..,..,..,..,..,..,..,..,..,..,..
"....Benguet","09.7 - NEWSPAPERS, BOOKS AND STATIONERY",108.4000000000000,108.6000000000000,108.7000000000000,109.0000000000000,109.2000000000000,109.8000000000000,110.0000000000000,110.3000000000000,110.9000000000000,113.8000000000000,114.7000000000000,115.0000000000000,110.7000000000000
"....Benguet","09.7.1 - Books (SD)",116.4000000000000,117.2000000000000,117.8000000000000,119.1000000000000,120.5000000000000,121.8000000000000,123.2000000000000,124.5000000000000,124.5000000000000,125.1000000000000,125.1000000000000,125.1000000000000,121.6916666666670
"....Benguet","09.7.1.1 - Educational and textbooks in printed or electronic copy (SD)",116.4342841759300,117.2419208291740,117.7803452646690,119.1264063534080,120.4724674421480,121.8185285308870,123.1645896196260,124.5106507083650,124.5106507083650,125.0715094953390,125.0715094953390,125.0715094953390,121.6895310098820
"....Benguet","09.7.1.9 - Other books (SD) in printed or electronic copy",..,..,..,..,..,..,..,..,..,..,..,..,..
"....Benguet","09.7.2 - Newspapers and periodicals (ND)",110.2000000000000,110.2000000000000,110.2000000000000,110.2000000000000,110.2000000000000,110.2000000000000,110.2000000000000,110.2000000000000,109.9000000000000,109.9000000000000,109.9000000000000,109.9000000000000,110.1000000000000
"....Benguet","09.7.2.1 - Newspapers (ND)",109.1509996577220,109.1509996577220,109.1509996577220,109.1509996577220,109.1509996577220,109.1509996577220,109.1509996577220,109.1509996577220,108.4666606252890,108.4666606252890,108.4666606252890,108.4666606252890,108.9228866469110
"....Benguet","09.7.2.2 - Magazines and periodicals (ND)",111.2652559487230,111.2652559487230,111.2652559487230,111.2652559487230,111.2652559487230,111.2652559487230,111.2652559487230,111.2652559487230,111.2652559487230,111.2652559487230,111.2652559487230,111.2652559487230,111.2652559487230
"....Benguet","09.7.4 - Stationery and drawing materials (ND)",106.8000000000000,106.9000000000000,107.0000000000000,107.1000000000000,107.1000000000000,107.6000000000000,107.6000000000000,107.7000000000000,108.5000000000000,112.1000000000000,113.2000000000000,113.6000000000000,108.7666666666670
"....Benguet","09.7.4.0 - Stationery and drawing materials (ND)",106.8130082829630,106.8882238509690,107.0052654773430,107.0779391982030,107.1335737182870,107.5549357219340,107.6068021417710,107.7006395898970,108.5286860822250,112.1399326117260,113.1872368755890,113.6245336396550,108.7717314325470
"....Benguet","09.8 - PACKAGE HOLIDAYS (S)",100.0000000000000,100.0000000000000,100.0000000000000,100.0000000000000,100.0000000000000,100.0000000000000,100.0000000000000,100.0000000000000,100.0000000000000,100.0000000000000,100.0000000000000,100.0000000000000,100.0000000000000
"....Benguet","09.8.0 - Package holidays (S)",100.0000000000000,100.0000000000000,100.0000000000000,100.0000000000000,100.0000000000000,100.0000000000000,100.0000000000000,100.0000000000000,100.0000000000000,100.0000000000000,100.0000000000000,100.0000000000000,100.0000000000000
"....Benguet","09.8.0.0 - Package holidays (S)",100.0000000000000,100.0000000000000,100.0000000000000,100.0000000000000,100.0000000000000,100.0000000000000,100.0000000000000,100.0000000000000,100.0000000000000,100.0000000000000,100.0000000000000,100.0000000000000,100.0000000000000
"....Benguet","10 - EDUCATION SERVICES",105.3000000000000,105.3000000000000,105.3000000000000,105.3000000000000,105.3000000000000,105.3000000000000,105.3000000000000,106.1000000000000,106.1000000000000,106.1000000000000,106.1000000000000,106.1000000000000,105.6333333333330
"....Benguet","10.1 - EARLY CHILDHOOD AND PRIMARY EDUCATION",112.3000000000000,112.3000000000000,112.3000000000000,112.3000000000000,112.3000000000000,112.3000000000000,112.3000000000000,113.2000000000000,113.2000000000000,113.2000000000000,113.2000000000000,113.2000000000000,112.6750000000000
"....Benguet","10.1.0 - Early chilhood and primary education (S)",112.3000000000000,112.3000000000000,112.3000000000000,112.3000000000000,112.3000000000000,112.3000000000000,112.3000000000000,113.2000000000000,113.2000000000000,113.2000000000000,113.2000000000000,113.2000000000000,112.6750000000000
"....Benguet","10.1.0.1 - Early childhood education services (S)",109.2343697759950,109.2343697759950,109.2343697759950,109.2343697759950,109.2343697759950,109.2343697759950,109.2343697759950,111.6798013086880,111.6798013086880,111.6798013086880,111.6798013086880,111.6798013086880,110.2532995812840
"....Benguet","10.1.0.2 - Primary education (S)",114.1614223599390,114.1614223599390,114.1614223599390,114.1614223599390,114.1614223599390,114.1614223599390,114.1614223599390,114.1614223599390,114.1614223599390,114.1614223599390,114.1614223599390,114.1614223599390,114.1614223599390
"....Benguet","10.2 - SECONDARY EDUCATION  (S)",103.4000000000000,103.4000000000000,103.4000000000000,103.4000000000000,103.4000000000000,103.4000000000000,103.4000000000000,104.3000000000000,104.3000000000000,104.3000000000000,104.3000000000000,104.3000000000000,103.7750000000000
"....Benguet","10.2.0 - Secondary education (S)",103.4000000000000,103.4000000000000,103.4000000000000,103.4000000000000,103.4000000000000,103.4000000000000,103.4000000000000,104.3000000000000,104.3000000000000,104.3000000000000,104.3000000000000,104.3000000000000,103.7750000000000
"....Benguet","10.2.0.1 - Lower secondary general education services",106.2939951504150,106.2939951504150,106.2939951504150,106.2939951504150,106.2939951504150,106.2939951504150,106.2939951504150,108.1121067533950,108.1121067533950,108.1121067533950,108.1121067533950,108.1121067533950,107.0515416516560
"....Benguet","10.2.0.2 - Lower secondary technical-vocational livelihood programs services",100.5043510636350,100.5043510636350,100.5043510636350,100.5043510636350,100.5043510636350,100.5043510636350,100.5043510636350,100.5043510636350,100.5043510636350,100.5043510636350,100.5043510636350,100.5043510636350,100.5043510636350
"....Benguet","10.4 - TERTIARY EDUCATION (S)",104.0000000000000,104.0000000000000,104.0000000000000,104.0000000000000,104.0000000000000,104.0000000000000,104.0000000000000,104.7000000000000,104.7000000000000,104.7000000000000,104.7000000000000,104.7000000000000,104.2916666666670
"....Benguet","10.4.0 - Tertiary education (s)",104.0000000000000,104.0000000000000,104.0000000000000,104.0000000000000,104.0000000000000,104.0000000000000,104.0000000000000,104.7000000000000,104.7000000000000,104.7000000000000,104.7000000000000,104.7000000000000,104.2916666666670
"....Benguet","10.4.0.0 - Tertiary education (s)",103.9836283779790,103.9836283779790,103.9836283779790,103.9836283779790,103.9836283779790,103.9836283779790,103.9836283779790,104.7128915839550,104.7128915839550,104.7128915839550,104.7128915839550,104.7128915839550,104.2874880471360
"....Benguet","10.5 - EDUCATION NOT DEFINED BY LEVEL (S)",..,..,..,..,..,..,..,..,..,..,..,..,..
"....Benguet","10.5.0 - Education not defined by level (s)",..,..,..,..,..,..,..,..,..,..,..,..,..
"....Benguet","10.5.0.2 - Review classes for professional and licensure examination (S)",..,..,..,..,..,..,..,..,..,..,..,..,..
"....Benguet","10.5.0.9 - Other education not defined by level (S)",..,..,..,..,..,..,..,..,..,..,..,..,..
"....Benguet","11 - RESTAURANTS AND ACCOMMODATION SERVICES",116.8000000000000,117.2000000000000,117.1000000000000,118.2000000000000,118.3000000000000,117.7000000000000,117.7000000000000,117.7000000000000,118.3000000000000,122.3000000000000,122.3000000000000,122.3000000000000,118.8250000000000
"....Benguet","11.1 - FOOD AND BEVERAGE SERVING SERVICES",118.0000000000000,118.5000000000000,118.4000000000000,119.5000000000000,119.6000000000000,119.0000000000000,119.0000000000000,119.0000000000000,119.7000000000000,123.9000000000000,123.9000000000000,123.9000000000000,120.2000000000000
"....Benguet","11.1.1 - Restaurants, café and the like (S)",118.0000000000000,118.5000000000000,118.4000000000000,119.5000000000000,119.6000000000000,119.0000000000000,119.0000000000000,119.0000000000000,119.7000000000000,123.9000000000000,123.9000000000000,123.9000000000000,120.2000000000000
"....Benguet","11.1.1.1 - Restaurants, café and the like - with full service (S)",118.0236564684510,118.4749979975080,118.3835668819470,119.5070652007850,119.6112678992380,119.0462732056500,119.0462732056500,119.0462732056500,119.7296944844680,123.8674814333230,123.8674814333230,123.8674814333230,120.2059594041100
"....Benguet","11.2 - ACCOMMODATION SERVICES",100.0000000000000,100.0000000000000,100.0000000000000,100.0000000000000,100.0000000000000,100.0000000000000,100.0000000000000,100.0000000000000,100.0000000000000,100.0000000000000,100.0000000000000,100.0000000000000,100.0000000000000
"....Benguet","11.2.0 - Accommodation services (S)",100.0000000000000,100.0000000000000,100.0000000000000,100.0000000000000,100.0000000000000,100.0000000000000,100.0000000000000,100.0000000000000,100.0000000000000,100.0000000000000,100.0000000000000,100.0000000000000,100.0000000000000
"....Benguet","11.2.0.1 - Hotels, motels, inns and similar accommodation services (S)",100.0000000000000,100.0000000000000,100.0000000000000,100.0000000000000,100.0000000000000,100.0000000000000,100.0000000000000,100.0000000000000,100.0000000000000,100.0000000000000,100.0000000000000,100.0000000000000,100.0000000000000
"....Benguet","12 - FINANCIAL SERVICES",146.0000000000000,146.0000000000000,146.0000000000000,146.0000000000000,146.0000000000000,146.0000000000000,146.0000000000000,146.0000000000000,146.0000000000000,146.0000000000000,146.0000000000000,146.0000000000000,146.0000000000000
"....Benguet","12.2 - FINANCIAL SERVICES",146.0000000000000,146.0000000000000,146.0000000000000,146.0000000000000,146.0000000000000,146.0000000000000,146.0000000000000,146.0000000000000,146.0000000000000,146.0000000000000,146.0000000000000,146.0000000000000,146.0000000000000
"....Benguet","12.2.1 - Financial intermediation services indirectly measured (S)",146.0000000000000,146.0000000000000,146.0000000000000,146.0000000000000,146.0000000000000,146.0000000000000,146.0000000000000,146.0000000000000,146.0000000000000,146.0000000000000,146.0000000000000,146.0000000000000,146.0000000000000
"....Benguet","12.2.1.0 - Financial intermediation services indirectly measured (S)",145.9854014598540,145.9854014598540,145.9854014598540,145.9854014598540,145.9854014598540,145.9854014598540,145.9854014598540,145.9854014598540,145.9854014598540,145.9854014598540,145.9854014598540,145.9854014598540,145.9854014598540
"....Benguet","12.2.9 - Other financial services (S)",..,..,..,..,..,..,..,..,..,..,..,..,..
"....Benguet","12.2.9.1 - Remittances fees (S)",..,..,..,..,..,..,..,..,..,..,..,..,..
"....Benguet","13 - PERSONAL CARE, AND MISCELLANEOUS GOODS AND SERVICES",111.9000000000000,112.3000000000000,112.7000000000000,113.1000000000000,113.7000000000000,114.1000000000000,115.0000000000000,115.6000000000000,115.8000000000000,116.9000000000000,117.4000000000000,117.0000000000000,114.6250000000000
"....Benguet","13.1 - PERSONAL CARE",111.3000000000000,111.7000000000000,112.1000000000000,112.6000000000000,113.3000000000000,114.0000000000000,115.1000000000000,115.7000000000000,115.9000000000000,117.1000000000000,117.7000000000000,117.3000000000000,114.4833333333330
"....Benguet","13.1.1 - Electric appliances for personal care (SD)",..,..,..,..,..,..,..,..,..,..,..,..,..
"....Benguet","13.1.1.1 - Electric appliances for personal care (SD)",..,..,..,..,..,..,..,..,..,..,..,..,..
"....Benguet","13.1.2 - Other appliances, articles and products for personal care (ND)",107.5000000000000,107.6000000000000,107.8000000000000,108.1000000000000,108.4000000000000,108.8000000000000,109.8000000000000,110.1000000000000,110.4000000000000,111.6000000000000,112.3000000000000,111.8000000000000,109.5166666666670
"....Benguet","13.1.2.0 - Other appliances, articles and products for personal care (ND)",107.4775971181010,107.6122532090570,107.8209001832960,108.0973581814210,108.3915554863520,108.8440625748490,109.7974648081320,110.0615616049710,110.4337919792840,111.5572211496850,112.3168627492450,111.8387450745910,109.5207811765820
"....Benguet","13.1.3 - Hairdressing salons and personal grooming establishments (S)",130.5000000000000,131.9000000000000,133.4000000000000,135.0000000000000,138.0000000000000,139.8000000000000,141.8000000000000,143.4000000000000,143.4000000000000,144.6000000000000,144.6000000000000,144.6000000000000,139.2500000000000
"....Benguet","13.1.3.1 - Hairdressing (S)",118.9083143898890,120.7131867547910,122.5247739321020,124.7422912464220,129.0417870986410,132.1787747476100,136.0878535489980,139.4392875237010,139.4392875237010,141.8620959212150,141.8620959212150,141.8620959212150,132.3884870441250
"....Benguet","13.1.3.2 - Personal grooming treatments (S)",142.0897435897440,143.1666666666670,144.2307692307690,145.2948717948720,147.0128205128210,147.4358974358970,147.4358974358970,147.4358974358970,147.4358974358970,147.4358974358970,147.4358974358970,147.4358974358970,146.1538461538460
"....Benguet","13.2 - OTHER PERSONAL EFFECTS",118.3000000000000,118.3000000000000,118.3000000000000,118.3000000000000,117.8000000000000,115.8000000000000,115.1000000000000,115.9000000000000,115.9000000000000,115.9000000000000,115.9000000000000,115.9000000000000,116.7833333333330
"....Benguet","13.2.1 - Jewellery and watches (D)",105.7000000000000,105.7000000000000,105.7000000000000,105.8000000000000,105.9000000000000,105.4000000000000,105.2000000000000,105.2000000000000,105.2000000000000,105.2000000000000,105.2000000000000,105.2000000000000,105.4500000000000
"....Benguet","13.2.1.1 - Jewellery and watches (D)",103.0213511446700,102.6095743277040,102.1977975107390,101.7860206937740,101.5801322852920,100.9624670598440,100.5506902428790,100.5506902428790,100.5506902428790,100.5506902428790,100.5506902428790,100.5506902428790,101.2884570399410
"....Benguet","13.2.1.2 - Repair and hire of jewellery, clocks and watches (S)",111.0331019060250,111.8756013209560,112.7181007358870,113.7790259250590,114.4135007930940,114.4135007930940,114.4135007930940,114.4135007930940,114.4135007930940,114.4135007930940,114.4135007930940,114.4135007930940,113.7261530193900
"....Benguet","13.2.9 - Other personal effects n.e.c. (SD)",119.9000000000000,119.9000000000000,119.9000000000000,119.9000000000000,119.3000000000000,117.1000000000000,116.3000000000000,117.2000000000000,117.2000000000000,117.2000000000000,117.2000000000000,117.2000000000000,118.1916666666670
"....Benguet","13.2.9.1 - Travel goods and articles for babies and other personal effects n.e.c. (SD)",119.9418827779040,119.9418827779040,119.9418827779040,119.9418827779040,119.2721748674260,117.1388176926040,116.2562475597980,117.1896040929370,117.1896040929370,117.1896040929370,117.1896040929370,117.1896040929370,118.1985659746780
"....Benguet","13.9 - OTHER SERVICES",100.4000000000000,100.4000000000000,100.4000000000000,100.4000000000000,102.2000000000000,102.2000000000000,102.2000000000000,102.2000000000000,102.2000000000000,102.2000000000000,102.2000000000000,102.2000000000000,101.6000000000000
"....Benguet","13.9.0 - Other services (S)",100.4000000000000,100.4000000000000,100.4000000000000,100.4000000000000,102.2000000000000,102.2000000000000,102.2000000000000,102.2000000000000,102.2000000000000,102.2000000000000,102.2000000000000,102.2000000000000,101.6000000000000
"....Benguet","13.9.0.9 - Other services n.e.c. (S)",100.4152007331790,100.4152007331790,100.4152007331790,100.4152007331790,102.1718680844740,102.1718680844740,102.1718680844740,102.1718680844740,102.1718680844740,102.1718680844740,102.1718680844740,102.1718680844740,101.5863123007090
