"Geolocation","Commodity Description","2006 Jan","2006 Feb","2006 Mar","2006 Apr","2006 May","2006 Jun","2006 Jul","2006 Aug","2006 Sep","2006 Oct","2006 Nov","2006 Dec","2006 Ave"
"..Region III (Central Luzon)","0 - ALL ITEMS",64.712119758811000,64.974910092857000,65.106305259879900,65.172002843391400,65.434793177437300,65.631885927971800,65.828978678506200,66.223164179575100,66.288861763086600,66.288861763086600,66.420256930109600,66.354559346598100,65.703058310109200
"..Region III (Central Luzon)","01 - FOOD AND NON-ALCOHOLIC BEVERAGES",58.781167134054400,58.960014498559700,59.079246074896500,59.138861863064900,59.198477651233300,59.258093439401700,59.377325015738600,60.092714473759500,60.152330261927900,60.211946050096300,60.688872355443600,60.569640779106800,59.625724133106900
"..Region III (Central Luzon)","01.1 - FOOD",58.400120705416700,58.518459349196600,58.636797992976600,58.695967314866600,58.695967314866600,58.755136636756600,58.932644602426500,59.642676465106400,59.701845786996400,59.701845786996400,60.234369684006200,60.056861718336300,59.164391113162300
"..Region III (Central Luzon)","01.1.1 - Cereals and cereal products (ND)",53.358954316484300,53.413236060448200,53.521799548375900,53.847490012159100,54.064616988014600,54.336025707833900,54.444589195761700,54.770279659544900,54.824561403508800,54.933124891436500,54.878843147472700,54.987406635400400,54.281743963870100
"..Region III (Central Luzon)","01.1.1.1 - Cereals (ND)",51.395692112544100,51.303334175784000,51.402253868729700,51.699313085501900,51.909182357733700,52.213596818787600,52.301580251424000,52.762576447128600,52.768044577283300,52.861496140074300,52.751640186819200,52.909315547500800,52.189835464109300
"..Region III (Central Luzon)","01.1.1.12 - Rice",51.156925557065200,51.053053627000000,51.156925557065200,51.416605382227900,51.624349242358100,51.935965032553500,52.039836962618600,52.507260647911500,52.507260647911500,52.611132577976700,52.507260647911500,52.663068543009200,51.931637035467400
"..Region III (Central Luzon)","01.1.1.16 - Corn",65.995833630688400,66.607535487203500,66.403634868365200,68.986376040318000,69.326210405048600,69.190276659156300,68.306707310856700,68.374674183802800,68.714508548533400,68.170773564964400,67.695005454341600,67.966872946126100,67.978200758283700
"..Region III (Central Luzon)","01.1.1.20 - Flour, Bread and Other Bakery Products, Pasta Products,  and Other Cereals",58.955610709525000,59.559045824259200,59.679732847206000,59.921106893099700,60.283167961940100,60.524542007833800,60.584885519307200,60.705572542254000,60.765916053727500,60.946946588147700,61.067633611094500,61.007290099621100,60.333454221501300
"..Region III (Central Luzon)","01.1.2 - Meat and other parts of slaughtered land animals (ND)",64.352421063646100,64.679415073115900,64.744813875009800,64.941010280691700,64.614016271221900,64.679415073115900,65.137206686373500,66.183587516676700,65.921992309100900,65.725795903419000,66.772176733722200,66.968373139404100,65.393351993791500
"..Region III (Central Luzon)","01.1.2.2 - Meat, fresh, chilled or frozen (ND)",62.205600277708100,62.585675228488400,62.585675228488400,62.839058529008600,62.332291927968200,62.395637753098200,63.092441829528800,64.486049982389800,63.915937556219400,63.599208430569200,64.992816583430200,65.182854058820400,63.351103948809800
"..Region III (Central Luzon)","01.1.2.3 - Meat, dried, salted, in brine or smoked (ND)",..,..,..,..,..,..,..,..,..,..,..,..,..
"..Region III (Central Luzon)","01.1.2.4 - Offal, blood and other parts of slaughtered animals, fresh, chilled or frozen, dried, salted, in brine or smoked (ND)",72.373862696443400,72.890818858560800,72.816967978258300,73.333924140375800,71.930757414628400,72.152310055535900,72.300011816140900,75.475599669148100,74.884792626728100,73.924731182795700,76.804915514592900,77.469573437315400,73.863188782543600
"..Region III (Central Luzon)","01.1.2.5 - Meat, offal, blood and other parts of slaughtered animals' preparations (ND)",72.881830756570300,72.881830756570300,72.954785542112400,72.735921185486100,72.735921185486100,72.590011614401900,72.662966399944000,72.881830756570300,72.954785542112400,73.027740327654500,73.392514255365100,73.757288183075600,72.954785542112400
"..Region III (Central Luzon)","01.1.3 - Fish and other seafood (ND)",61.451075302281900,61.573123118175200,61.939266565855200,61.878242657908500,61.329027486388600,60.596740591028800,59.986501511562200,60.474692775135400,60.474692775135400,60.535716683082100,60.962884038708700,61.084931854602000,61.023907946655300
"..Region III (Central Luzon)","01.1.3.1 - Fish, live, fresh, chilled or frozen (ND)",59.398937891847200,59.638691425214900,59.518814658531000,59.458876275189100,59.998321725266400,58.979369208453700,59.458876275189100,60.298013641976100,60.178136875292200,59.818506575240600,60.897397475395300,61.556719692156500,59.933388476646000
"..Region III (Central Luzon)","01.1.3.2 - Fish, dried, salted, in brine or smoked (ND)",51.470687030317100,51.884106203251300,51.729074013401000,51.780751410017800,51.729074013401000,51.315654840466700,51.522364426933900,52.194170582952000,51.884106203251300,51.522364426933900,51.419009633700300,51.625719220167400,51.673090167066100
"..Region III (Central Luzon)","01.1.3.3 - Fish preparations (ND)",68.263256724455900,68.473297514377300,68.543311111017800,68.613324707658200,69.103419884141500,69.243447077422400,69.803555850546200,71.413868573276900,71.553895766557900,71.763936556479300,71.903963749760200,71.413868573276900,70.007762174080900
"..Region III (Central Luzon)","01.1.3.4 - Other seafood, live, fresh, chilled or frozen (ND)",52.849854649959000,52.849854649959000,53.419245836197500,53.263957330859800,52.280463463720500,51.555783772144100,50.417001399667100,50.624052740117400,50.675815575230000,50.934629750793000,51.193443926356000,51.141681091243400,51.767148682187200
"..Region III (Central Luzon)","01.1.3.6 - Other seafood preparations (ND)",67.660814500602500,69.073357600823800,69.497120530890200,69.426493375879100,69.497120530890200,70.697782166078300,71.121545096144700,71.121545096144700,71.898443801266500,71.969070956277600,72.816596816410400,72.887223971421400,70.638926203569100
"..Region III (Central Luzon)","01.1.4 - Milk, other dairy products and eggs (ND)",66.979960028088400,67.115000270080500,67.587641117052900,67.452600875060800,67.385080754064700,67.452600875060800,67.452600875060800,67.385080754064700,67.722681359045000,67.790201480041000,67.925241722033100,67.992761843029200,67.520120996056800
"..Region III (Central Luzon)","01.1.4.1 - Raw and whole milk (ND)",..,..,..,..,..,..,..,..,..,..,..,..,..
"..Region III (Central Luzon)","01.1.4.3 - Other milk and cream (ND)",..,..,..,..,..,..,..,..,..,..,..,..,..
"..Region III (Central Luzon)","01.1.4.4 - Non-animal milk (ND)",..,..,..,..,..,..,..,..,..,..,..,..,..
"..Region III (Central Luzon)","01.1.4.5 - Cheese (ND)",59.456707516637000,59.396099252094000,60.184006691152400,60.244614955695400,60.487048013867200,60.729481072039000,60.911305865667800,61.093130659296700,61.093130659296700,61.335563717468500,61.517388511097400,60.971914130210800,60.618365920376900
"..Region III (Central Luzon)","01.1.4.6 - Yoghurt and similar products (ND)",..,..,..,..,..,..,..,..,..,..,..,..,..
"..Region III (Central Luzon)","01.1.4.7 - Milk-based dessert and beverages (ND)",..,..,..,..,..,..,..,..,..,..,..,..,..
"..Region III (Central Luzon)","01.1.4.8 - Eggs (ND)",68.483834550672600,68.619850110852700,68.891881231212800,68.619850110852700,67.735748969682100,67.599733409502000,67.123678948871700,67.395710069231900,67.735748969682100,67.939772309952300,68.007780090042300,68.143795650222400,68.024782035064800
"..Region III (Central Luzon)","01.1.5 - Oils and fats (ND)",47.713947654425700,48.147710814920500,48.195906721642100,47.906731281312300,47.954927188033900,47.954927188033900,48.051319001477200,48.292298535085400,48.436886255250300,48.533278068693600,48.388690348528700,48.870649415745100,48.203939372762400
"..Region III (Central Luzon)","01.1.5.1 - Vegetable oils (ND)",45.844270113884400,46.260615654777400,46.260615654777400,45.983051960848700,46.029312576503500,45.936791345193900,46.075573192158300,46.353136886086900,46.491918733051300,46.584439964360800,46.445658117396500,46.954524889599000,46.268325757386500
"..Region III (Central Luzon)","01.1.5.2 - Butter and other fats and oils derived from milk (ND)",..,..,..,..,..,..,..,..,..,..,..,..,..
"..Region III (Central Luzon)","01.1.5.3 - Margarine and similar preparations (ND)",..,..,..,..,..,..,..,..,..,..,..,..,..
"..Region III (Central Luzon)","01.1.5.9 - Other animal oils and fats (ND)",46.762752877490100,47.187439836014200,47.187439836014200,46.904315196998100,46.951502636834100,46.857127757162100,46.998690076670200,47.281814715686300,47.423377035194300,47.517751914866300,47.376189595358300,47.895251433554400,47.195304409320200
"..Region III (Central Luzon)","01.1.6 - Fruits and nuts (ND)",55.351886891622000,55.078138687410200,53.545148743824200,53.435649462139500,53.271400539612500,53.818896948036000,54.585391919829000,54.475892638144300,55.297137250779600,54.749640842356100,56.173131504257300,57.213374680262100,54.749640842356100
"..Region III (Central Luzon)","01.1.6.1 - Dates, figs and tropical fruits, fresh (ND)",55.043190231863300,54.718451646424600,52.932389426511700,52.715897036219200,52.445281548353600,53.040635621657900,53.906605182827800,53.798358987681600,54.610205451278400,53.960728280400900,55.530298110021400,56.612760061483800,54.109566798727000
"..Region III (Central Luzon)","01.1.6.2 - Citrus fruits, fresh (ND)",..,..,..,..,..,..,..,..,..,..,..,..,..
"..Region III (Central Luzon)","01.1.6.3 - Stone fruits and pome fruits, fresh (ND)",..,..,..,..,..,..,..,..,..,..,..,..,..
"..Region III (Central Luzon)","01.1.6.5 - Other fruits, fresh (ND)",..,..,..,..,..,..,..,..,..,..,..,..,..
"..Region III (Central Luzon)","01.1.6.7 - Fruit, dried and dehydrated (ND)",78.462265637308900,78.462265637308900,78.541043012446800,78.541043012446800,78.541043012446800,78.541043012446800,78.541043012446800,78.619820387584700,79.013707263274000,79.407594138963300,79.407594138963300,79.407594138963300,78.790504700383400
"..Region III (Central Luzon)","01.1.6.8 - Nuts, in shell or shelled (ND)",53.763733423302300,53.600483220600000,53.763733423302300,54.416734234111700,54.253484031409400,54.960901576452800,53.818150157536500,54.035817094472900,53.981400360238800,54.960901576452800,55.287401981857500,56.212486463837400,54.421268961964500
"..Region III (Central Luzon)","01.1.6.9 - Fruit and nuts ground and other preparations (ND)",..,..,..,..,..,..,..,..,..,..,..,..,..
"..Region III (Central Luzon)","01.1.7 - Vegetables, tubers, plantains, cooking bananas and pulses (ND)",52.495767866961700,51.629858293898400,51.629858293898400,51.142784159050300,52.008693732113600,52.062813080430000,52.928722653493300,56.662957687328700,56.933554428911000,57.312389867126200,58.881850968303400,55.688809417632500,54.114838370762300
"..Region III (Central Luzon)","01.1.7.1 - Leafy or stem vegetables, fresh or chilled (ND)",59.295470780073600,55.612147238745200,55.310235473062500,57.785911951660300,59.778529605165800,59.174706073800500,58.510500189298700,61.831529611807900,68.533970809962900,64.367588443542200,62.556117849446300,61.891911964944400,60.387384999292500
"..Region III (Central Luzon)","01.1.7.2 - Fruit-bearing vegetables, fresh or chilled (ND)",55.132096276262800,53.943416582421400,54.622662121759300,54.226435557145500,53.264171043083400,54.622662121759300,55.415115250986900,63.283042748318000,57.792474638669700,59.886815051628300,60.679268180855900,56.377379765049000,56.603794944828300
"..Region III (Central Luzon)","01.1.7.3 - Green leguminous vegetables, fresh or chilled (ND)",..,..,..,..,..,..,..,..,..,..,..,..,..
"..Region III (Central Luzon)","01.1.7.4 - Other vegetables, fresh or chilled (ND)",46.738773356217500,46.738773356217500,45.972563956935200,43.290831059447300,45.781011607114600,44.775361770556700,46.499332918941700,47.026101880948300,49.612058603525900,51.048701227180100,56.029062322514800,51.096589314635300,47.884096781186200
"..Region III (Central Luzon)","01.1.7.5 - Tubers, plantains and cooking bananas (ND)",..,..,..,..,..,..,..,..,..,..,..,..,..
"..Region III (Central Luzon)","01.1.7.9 - Vegetables, tubers, plantains, cooking bananas and pulses ground and other preparations (ND)",63.145367922962600,65.708961919835100,66.113739919341200,67.800314917283600,68.340018916625200,68.340018916625200,68.407481916542900,68.474944916460600,68.002703917036700,68.340018916625200,68.474944916460600,68.474944916460600,67.468621834354900
"..Region III (Central Luzon)","01.1.8 - Sugar, confectionery and desserts (ND)",63.912098160307500,67.910840250931200,67.775289671588100,67.843064961259600,67.775289671588100,68.317491988960800,68.656368437318700,68.249716699289200,68.724143726990300,68.588593147647100,67.978615540602800,67.707514381916500,67.786585553200000
"..Region III (Central Luzon)","01.1.8.1 - Cane and beet sugar (ND)",60.241552980294400,65.587664824865900,65.261682395318900,65.392075367137700,65.261682395318900,65.913647254413000,66.304826169869400,65.652861310775400,66.370022655778900,66.109236712141200,65.326878881228300,64.935699965771800,65.196485909409500
"..Region III (Central Luzon)","01.1.8.3 - Jams, fruit jellies, marmalades, fruit purée and pastes, honey (ND)",..,..,..,..,..,..,..,..,..,..,..,..,..
"..Region III (Central Luzon)","01.1.8.4 - Nut purée, nut butter and nut pastes (ND)",..,..,..,..,..,..,..,..,..,..,..,..,..
"..Region III (Central Luzon)","01.1.8.5 - Chocolate, cocoa, and cocoa-based food products (ND)",69.817374291924900,69.817374291924900,69.957569822631600,69.957569822631600,69.957569822631600,70.237960884045000,70.237960884045000,70.167863118691600,70.167863118691600,70.167863118691600,70.237960884045000,70.237960884045000,70.080240912000000
"..Region III (Central Luzon)","01.1.8.6 - Ice, ice cream and sorbet (ND)",84.077690871785400,84.077690871785400,84.420515299397100,85.020458047717700,85.277576368426500,85.448988582232400,85.620400796038300,86.905992399582400,86.905992399582400,86.905992399582400,86.905992399582400,86.820286292679500,85.698964727366000
"..Region III (Central Luzon)","01.1.8.9 - Other sugar confectionery and desserts n.e.c. (ND)",58.143607705779300,58.143607705779300,58.318739054290700,58.318739054290700,58.318739054290700,58.493870402802100,58.493870402802100,58.493870402802100,58.493870402802100,58.493870402802100,58.552247518972600,58.552247518972600,58.401439968865500
"..Region III (Central Luzon)","01.1.9 - Ready-made food and other food products n.e.c. (ND)",56.795714326241300,57.085192992532000,57.374671658822800,57.374671658822800,58.474690590727500,58.069420457920500,58.069420457920500,58.185211924436800,58.127316191178700,58.011524724662400,58.474690590727500,58.590482057243800,57.886083969269700
"..Region III (Central Luzon)","01.1.9.2 - Baby food (ND)",..,..,..,..,..,..,..,..,..,..,..,..,..
"..Region III (Central Luzon)","01.1.9.3 - Salt, condiments and sauces (ND)",63.843854800027600,64.663681572712200,65.047350730499600,65.479417841184900,65.823769941764800,65.912826881317800,65.705888050908300,65.863672436686700,65.932441505192700,65.990983393614100,66.134060302435200,66.472140233061400,65.572507307450400
"..Region III (Central Luzon)","01.1.9.4 - Spices, culinary herbs and seeds (ND)",50.911150005147800,50.756717800885400,51.065582209410100,50.550808195202300,52.918768660558000,51.477401420776300,51.734788427880200,51.837743230721700,51.528878822197100,51.117059610830800,52.043652836404800,51.683311026459400,51.468821853872800
"..Region III (Central Luzon)","01.1.9.9 - Other food products n.e.c. (ND)",53.387319710397100,53.395913627038200,53.672314373840600,53.780124619236500,53.901685131258000,53.944654714463500,53.939498364478800,53.965902953925300,53.967621737253500,54.176367094732300,54.280739773471600,54.346676379467100,53.896568206630200
"..Region III (Central Luzon)","01.2 - NON-ALCOHOLIC BEVERAGES",64.609210460854700,64.741878244141900,65.670552727152100,66.134889968657200,66.333891643588000,66.466559426875200,66.466559426875200,66.599227210162400,67.129898343311100,67.196232234954600,67.262566126598200,67.328900018241800,66.328363819284400
"..Region III (Central Luzon)","01.2.1 - Fruit and vegetable juices (ND)",56.898808866833100,56.956750627390000,57.246459430174300,57.652051754072300,57.767935275186000,57.825877035742800,57.883818796299700,57.941760556856600,58.463236401868300,58.579119922982000,58.926770486323100,59.158537528550500,57.941760556856600
"..Region III (Central Luzon)","01.2.1.0 - Fruit and vegetable juices (ND)",56.898808866833100,56.956750627390000,57.246459430174300,57.652051754072300,57.767935275186000,57.825877035742800,57.883818796299700,57.941760556856600,58.463236401868300,58.579119922982000,58.926770486323100,59.158537528550500,57.941760556856600
"..Region III (Central Luzon)","01.2.2 - Coffee and coffee substitutes (ND)",72.592592592592600,73.148148148148200,75.092592592592600,75.185185185185200,75.370370370370400,75.740740740740700,75.740740740740700,75.833333333333300,76.111111111111100,76.296296296296300,76.388888888888900,76.388888888888900,75.324074074074100
"..Region III (Central Luzon)","01.2.2.0 - Coffee and coffee substitutes (ND)",72.627550251634900,73.154928728565800,75.113763071452300,75.189102853870900,75.415122201127100,75.716481330801900,75.716481330801900,75.867160895639300,76.093180242895500,76.319199590151600,76.394539372570300,76.394539372570300,75.333504103506800
"..Region III (Central Luzon)","01.2.3 - Tea, maté and other plant products for infusion (ND)",..,..,..,..,..,..,..,..,..,..,..,..,..
"..Region III (Central Luzon)","01.2.3.0 - Tea, maté and other plant products for infusion (ND)",..,..,..,..,..,..,..,..,..,..,..,..,..
"..Region III (Central Luzon)","01.2.4 - Cocoa drinks (ND)",68.181037929643500,68.181037929643500,68.661669616962300,68.524346277728300,68.593007947345300,68.593007947345300,68.661669616962300,68.867654625813100,68.867654625813100,68.936316295430100,68.936316295430100,68.936316295430100,68.661669616962200
"..Region III (Central Luzon)","01.2.4.0 - Cocoa drinks (ND)",68.181037929643500,68.181037929643500,68.661669616962300,68.524346277728300,68.593007947345300,68.593007947345300,68.661669616962300,68.867654625813100,68.867654625813100,68.936316295430100,68.936316295430100,68.936316295430100,68.661669616962200
"..Region III (Central Luzon)","01.2.5 - Water (ND)",69.239186841452100,69.168678504546400,69.239186841452100,70.296811895038500,70.437828568850000,70.508336905755700,70.508336905755700,70.508336905755700,71.495453622436300,71.495453622436300,71.495453622436300,71.706978633153600,70.508336905755700
"..Region III (Central Luzon)","01.2.5.0 - Water (ND)",69.239186841452100,69.168678504546400,69.239186841452100,70.296811895038500,70.437828568850000,70.508336905755700,70.508336905755700,70.508336905755700,71.495453622436300,71.495453622436300,71.495453622436300,71.706978633153600,70.508336905755700
"..Region III (Central Luzon)","01.2.6 - Soft drinks (ND)",54.502321437052100,54.502321437052100,55.463461960319600,56.311527127908600,56.707290872783400,56.707290872783400,56.707290872783400,56.820366228462000,57.668431396050900,57.724969073890200,57.668431396050900,57.724969073890200,56.542389312418900
"..Region III (Central Luzon)","01.2.6.0 - Soft drinks (ND)",54.502321437052100,54.502321437052100,55.463461960319600,56.311527127908600,56.707290872783400,56.707290872783400,56.707290872783400,56.820366228462000,57.668431396050900,57.724969073890200,57.668431396050900,57.724969073890200,56.542389312418900
"..Region III (Central Luzon)","01.2.9 - Other non-alcoholic beverages (ND)",..,..,..,..,..,..,..,..,..,..,..,..,..
"..Region III (Central Luzon)","01.2.9.0 - Other non-alcoholic beverages (ND)",..,..,..,..,..,..,..,..,..,..,..,..,..
"..Region III (Central Luzon)","02 - ALCOHOLIC BEVERAGES AND TOBACCO",45.205649247909200,44.977798193232300,45.251219458844600,45.387930091650800,45.387930091650800,45.433500302586200,45.570210935392400,45.570210935392400,45.752491779133900,45.980342833810900,46.117053466617100,46.253764099423300,45.574008452970300
"..Region III (Central Luzon)","02.1 - ALCOHOLIC BEVERAGES",58.007140445523600,58.246592005670200,58.845220906036800,59.324124026330100,59.563575586476700,59.563575586476700,60.042478706770000,60.102341596806700,60.700970497173300,60.820696277246600,61.419325177613200,61.778502517833200,59.867878610829800
"..Region III (Central Luzon)","02.1.1 - Spirits and liquors (ND)",66.032734520222500,66.636692457907500,66.905118207989700,67.039331083030800,66.972224645510200,66.972224645510200,66.972224645510200,67.374863270633600,67.509076145674700,67.576182583195200,67.710395458236300,67.710395458236300,67.117621926804800
"..Region III (Central Luzon)","02.1.1.0 - Spirits and liquors (ND)",66.032734520222500,66.636692457907500,66.905118207989700,67.039331083030800,66.972224645510200,66.972224645510200,66.972224645510200,67.374863270633600,67.509076145674700,67.576182583195200,67.710395458236300,67.710395458236300,67.117621926804800
"..Region III (Central Luzon)","02.1.2 - Wine (ND)",56.984489364704300,56.984489364704300,57.105091458597900,58.492015538373800,58.733219726160900,58.733219726160900,59.336230195628700,62.290981496020700,62.351282542967500,62.351282542967500,65.125130702519300,65.125130702519300,60.301046946777100
"..Region III (Central Luzon)","02.1.2.1 - Wine from grapes (ND)",..,..,..,..,..,..,..,..,..,..,..,..,..
"..Region III (Central Luzon)","02.1.2.2 - Wine from other sources (ND)",..,..,..,..,..,..,..,..,..,..,..,..,..
"..Region III (Central Luzon)","02.1.3 - Beer (ND)",53.999559920426400,54.055692519096300,54.785416301804800,55.459007485843400,55.795803077862700,55.795803077862700,56.413261663231400,56.300996465891600,57.142985445939800,57.311383241949500,58.041107024657900,58.602433011356800,56.141954102993600
"..Region III (Central Luzon)","02.1.3.0 - Beer (ND)",53.999559920426400,54.055692519096300,54.785416301804800,55.459007485843400,55.795803077862700,55.795803077862700,56.413261663231400,56.300996465891600,57.142985445939800,57.311383241949500,58.041107024657900,58.602433011356800,56.141954102993600
"..Region III (Central Luzon)","02.3 - TOBACCO",41.668323458851900,41.212705607910200,41.378384826434500,41.378384826434500,41.254125412541200,41.336965021803400,41.336965021803400,41.336965021803400,41.378384826434500,41.626903654220800,41.626903654220800,41.626903654220800,41.430159582223300
"..Region III (Central Luzon)","02.3.0 - Tobacco (ND)",41.668323458851900,41.212705607910200,41.378384826434500,41.378384826434500,41.254125412541200,41.336965021803400,41.336965021803400,41.336965021803400,41.378384826434500,41.626903654220800,41.626903654220800,41.626903654220800,41.430159582223300
"..Region III (Central Luzon)","02.3.0.1 - Cigarettes (ND)",41.571364520121400,41.116806856382500,41.282100552287600,41.282100552287600,41.158130280358800,41.240777128311300,41.240777128311300,41.240777128311300,41.282100552287600,41.530041096145100,41.530041096145100,41.530041096145100,41.333754832257900
"..Region III (Central Luzon)","02.3.0.2 - Cigars (ND)",..,..,..,..,..,..,..,..,..,..,..,..,..
"..Region III (Central Luzon)","02.3.0.9 - Other tobacco products (ND)",..,..,..,..,..,..,..,..,..,..,..,..,..
"..Region III (Central Luzon)","02.4 - OTHER VEGETABLE-BASED TOBACCO PRODUCTS",..,..,..,..,..,..,..,..,..,..,..,..,..
"..Region III (Central Luzon)","02.4.0 - Other vegetable-based tobacco products (ND)",..,..,..,..,..,..,..,..,..,..,..,..,..
"..Region III (Central Luzon)","02.4.0.0 - Other vegetable-based tobacco products (ND)",..,..,..,..,..,..,..,..,..,..,..,..,..
"..Region III (Central Luzon)","02.900 - NON-FOOD",69.949954504094600,70.305391264786200,70.518653321201100,70.518653321201100,70.874090081892600,71.229526842584200,71.442788898999100,71.656050955414000,71.656050955414000,71.656050955414000,71.584963603275700,71.584963603275700,71.081428192296000
"..Region III (Central Luzon)","03 - CLOTHING AND FOOTWEAR",62.391327227386100,62.454348770040100,62.517370312694000,62.769456483309700,62.958521111271500,63.021542653925400,63.147585739233200,63.147585739233200,63.273628824541100,63.462693452502900,63.525714995156800,63.588736537810700,63.021542653925400
"..Region III (Central Luzon)","03.1 - CLOTHING",63.674705143065700,63.738958125046600,63.803211107027500,63.995970052970200,64.188728998912900,64.252981980893800,64.381487944855500,64.381487944855500,64.509993908817300,64.638499872779100,64.702752854760000,64.767005836740900,64.252981980893800
"..Region III (Central Luzon)","03.1.1 - Clothing materials (SD)",78.367357298832700,78.446676486382100,78.446676486382100,78.684634049030400,79.557145112074000,79.636464299623500,79.636464299623500,79.715783487172900,79.715783487172900,79.715783487172900,79.953741049821200,79.953741049821200,79.319187549425800
"..Region III (Central Luzon)","03.1.1.0 - Clothing materials (SD)",78.367357298832700,78.446676486382100,78.446676486382100,78.684634049030400,79.557145112074000,79.636464299623500,79.636464299623500,79.715783487172900,79.715783487172900,79.715783487172900,79.953741049821200,79.953741049821200,79.319187549425800
"..Region III (Central Luzon)","03.1.2 - Garments (SD)",63.780450646325800,63.845005758316000,63.845005758316000,64.232336430257200,64.619667102198500,64.619667102198500,64.748777326178900,64.813332438169100,64.813332438169100,65.006997774139700,65.136107998120200,65.265218222100600,64.560491582874100
"..Region III (Central Luzon)","03.1.2.1 - Garments for men or boys (SD)",64.830099472867700,65.029014988773800,64.968153491312600,65.220931494598800,65.412848000423800,65.546236012148000,65.679624023872100,65.810679032235900,65.768549365021500,65.962798874206900,66.007261544781600,66.117251719538200,65.529454001648400
"..Region III (Central Luzon)","03.1.2.2 - Garments for women or girls (SD)",62.675646020437500,62.693541704508600,62.786288610420400,63.274146306976500,63.627273920542400,63.627350087775500,63.672906419342400,63.754254119051700,63.809575414043100,63.990242664766000,64.081431495132900,64.236224675604200,63.519073453216800
"..Region III (Central Luzon)","03.1.2.3 - Garments for infants (0 to under 2 years) (SD)",58.066204992741700,58.006710930249100,58.006710930249100,58.006710930249100,59.851026867518600,59.970014992503700,59.970014992503700,60.207991242474000,60.386473429951700,60.386473429951700,60.505461554936800,60.564955617429400,59.494062492563200
"..Region III (Central Luzon)","03.1.2.4 - School uniforms (SD)",..,..,..,..,..,..,..,..,..,..,..,..,..
"..Region III (Central Luzon)","03.1.3 - Other articles of clothing and clothing accessories (SD)",56.621915985380800,56.678879683555300,56.792807079904100,56.735843381729700,56.735843381729700,56.849770778078500,56.963698174427400,57.020661872601800,57.248516665299500,57.305480363474000,57.305480363474000,57.362444061648400,56.968445149275300
"..Region III (Central Luzon)","03.1.3.1 - Other articles of clothing (SD)",52.906839207963800,52.960119005756300,53.013398803548900,53.013398803548900,53.013398803548900,53.119958399133900,53.226517994718900,53.279797792511400,53.599476579266500,53.706036174851500,53.759315972644000,53.759315972644000,53.279797792511400
"..Region III (Central Luzon)","03.1.3.2 - Clothing accessories (SD)",64.503527643258700,64.618028499613500,65.117958827187900,65.151237215304800,65.168534243381300,65.249756711619200,65.396220288054800,65.445480036212000,65.445480036212000,65.445480036212000,65.651167542879200,65.716408651076700,65.242439977584300
"..Region III (Central Luzon)","03.1.4 - Cleaning, repair, tailoring and hire of clothing (S)",65.157085376021000,65.157085376021000,65.222373036718400,65.222373036718400,65.222373036718400,65.287660697415800,65.287660697415800,65.287660697415800,65.352948358113300,65.352948358113300,65.418236018810700,65.418236018810700,65.282220059024400
"..Region III (Central Luzon)","03.1.4.1 - Cleaning of clothing (S)",63.634261603698100,63.634261603698100,63.634261603698100,63.634261603698100,63.634261603698100,63.697959563261300,63.697959563261300,63.697959563261300,63.761657522824600,63.761657522824600,63.825355482387800,63.825355482387800,63.703267726558300
"..Region III (Central Luzon)","03.1.4.2 - Repair, tailoring and hire of clothing (S)",65.873882555138400,65.955900179656700,66.003655554300700,66.133428553462900,66.133428553462900,66.133428553462900,66.115084761803300,66.146921678232600,66.162840136447300,66.162840136447300,66.226513969306000,66.258350885735300,66.108856293121300
"..Region III (Central Luzon)","03.2 - FOOTWEAR",59.664429854438100,59.724818953481100,59.845597151567000,60.147542646781700,60.207931745824700,60.389099042953600,60.509877241039500,60.449488141996500,60.630655439125400,60.932600934340100,61.053379132426000,61.053379132426000,60.384066618033300
"..Region III (Central Luzon)","03.2.1 - Shoes and other footwear (SD)",60.543890030725400,60.605169271647200,60.727727753490800,61.034123958099700,61.095403199021500,61.279240921786900,61.401799403630400,61.340520162708600,61.585637126395800,61.830754090082900,61.892033331004700,61.892033331004700,61.269027714966600
"..Region III (Central Luzon)","03.2.1.1 - Footwear for men (SD)",56.784540755026600,56.899956488268600,57.130787954752400,57.361619421236300,57.419327287857200,57.765574487583000,57.823282354204000,57.996405954066800,58.169529553929700,58.284945287171700,58.400361020413600,58.458068887034500,57.707866620962000
"..Region III (Central Luzon)","03.2.1.2 - Footwear for women (SD)",66.985309242078100,66.985309242078100,67.052971170605500,67.458942741769600,67.526604670297000,67.661928527351700,67.729590455879000,67.458942741769600,67.932576241461100,68.338547812625200,68.406209741152500,68.406209741152500,67.661928527351700
"..Region III (Central Luzon)","03.2.1.3 - Footwear for infants and children (SD)",60.414943036902600,60.537240492442900,60.720686675753400,60.965281586834000,60.965281586834000,61.209876497914500,61.454471408995100,61.454471408995100,61.271025225684700,61.515620136765200,61.637917592305500,61.576768864535400,61.143632042830200
"..Region III (Central Luzon)","03.2.2 - Cleaning, repair, and hire of footwear (S)",65.736091504639400,65.736091504639400,65.868891689497200,66.134492059212900,66.200892151641900,66.333692336499700,66.400092428928600,66.400092428928600,66.599292706215400,67.130493445646800,67.196893538075800,67.196893538075800,66.411159111000100
"..Region III (Central Luzon)","03.2.2.0 - Cleaning, repair, and hire of footwear (S)",65.736091504639400,65.736091504639400,65.868891689497200,66.134492059212900,66.200892151641900,66.333692336499700,66.400092428928600,66.400092428928600,66.599292706215400,67.130493445646800,67.196893538075800,67.196893538075800,66.411159111000100
"..Region III (Central Luzon)","04 - HOUSING, WATER, ELECTRICITY, GAS, AND OTHER FUELS",71.564522268747600,72.217086301593300,72.507114760635900,72.434607645875300,72.217086301593300,72.362100531114600,72.724636104917800,72.942157449199700,72.942157449199700,72.797143219678400,72.724636104917800,72.724636104917800,72.513157020199300
"..Region III (Central Luzon)","04.1 - ACTUAL RENTALS FOR HOUSING",66.829004329004300,67.167207792207800,67.505411255411300,67.505411255411300,67.505411255411300,67.708333333333300,67.775974025974000,67.843614718614700,67.911255411255400,67.911255411255400,67.911255411255400,68.046536796536800,67.635055916305900
"..Region III (Central Luzon)","04.1.1 - Actual rentals paid by tenants for main residence (S)",66.829004329004300,67.167207792207800,67.505411255411300,67.505411255411300,67.505411255411300,67.708333333333300,67.775974025974000,67.843614718614700,67.911255411255400,67.911255411255400,67.911255411255400,68.046536796536800,67.635055916305900
"..Region III (Central Luzon)","04.1.1.0 - Actual rentals paid by tenants for main residence (S)",66.829004329004300,67.167207792207800,67.505411255411300,67.505411255411300,67.505411255411300,67.708333333333300,67.775974025974000,67.843614718614700,67.911255411255400,67.911255411255400,67.911255411255400,68.046536796536800,67.635055916305900
"..Region III (Central Luzon)","04.3 - MAINTENANCE, REPAIR AND SECURITY OF THE DWELLING",66.760126212067900,68.357923197372400,68.496862065659700,68.913678670521700,69.052617538809100,69.469434143671100,70.025189616820500,70.442006221682500,70.303067353395200,70.580945089969800,70.511475655826200,70.580945089969800,69.457855904647200
"..Region III (Central Luzon)","04.3.1 - Security equipment and materials for the maintenance and repair of the dwelling (ND)",67.394850638629700,69.368758397920100,69.580248514986900,69.932732043431600,70.003228749120600,70.426208983254200,71.131176040143700,71.554156274277300,71.413162862899400,71.765646391344100,71.624652979966200,71.765646391344100,70.496705688943200
"..Region III (Central Luzon)","04.3.1.1 - Materials for the maintenance and repair of the dwelling (ND)",67.394850638629700,69.368758397920100,69.580248514986900,69.932732043431600,70.003228749120600,70.426208983254200,71.131176040143700,71.554156274277300,71.413162862899400,71.765646391344100,71.624652979966200,71.765646391344100,70.496705688943200
"..Region III (Central Luzon)","04.3.2 - Services for the maintenance, repair and security of the dwelling (S)",66.184946190224800,66.184946190224800,66.386934835769800,67.060230320919600,67.464207612009400,67.666196257554400,67.666196257554400,67.868184903099300,67.868184903099300,67.868184903099300,67.868184903099300,67.868184903099300,67.329548514979500
"..Region III (Central Luzon)","04.3.2.0 - Services for the maintenance, repair and security of the dwelling (S)",66.184946190224800,66.184946190224800,66.386934835769800,67.060230320919600,67.464207612009400,67.666196257554400,67.666196257554400,67.868184903099300,67.868184903099300,67.868184903099300,67.868184903099300,67.868184903099300,67.329548514979500
"..Region III (Central Luzon)","04.4 - WATER SUPPLY AND MISCELLANEOUS SERVICES RELATING TO THE DWELLING",74.929056531581800,75.156804423775100,75.156804423775100,76.143711956612500,76.143711956612500,76.143711956612500,76.143711956612500,76.295543884741300,76.295543884741300,76.295543884741300,76.295543884741300,76.295543884741300,75.941269385774100
"..Region III (Central Luzon)","04.4.1 - Water supply (ND)",74.929056531581800,75.156804423775100,75.156804423775100,76.143711956612500,76.143711956612500,76.143711956612500,76.143711956612500,76.295543884741300,76.295543884741300,76.295543884741300,76.295543884741300,76.295543884741300,75.941269385774100
"..Region III (Central Luzon)","04.4.1.1 - Water supply through network systems (ND)",74.996865632515400,75.224819631398400,75.224819631398400,76.212620293224800,76.212620293224800,76.212620293224800,76.212620293224800,76.364589625813500,76.364589625813500,76.364589625813500,76.364589625813500,76.364589625813500,76.009994516439900
"..Region III (Central Luzon)","04.5 - ELECTRICITY, GAS AND OTHER FUELS",80.075407043231800,81.210078802953700,81.372174768628300,80.966934854441900,80.399598974580900,80.480646957418200,81.453222751465600,82.020558631326500,81.615318717140100,81.291126785791000,81.047982837279200,80.804838888767300,81.061490834418700
"..Region III (Central Luzon)","04.5.1 - Electricity (ND)",84.464389332765700,84.893578302952500,85.751956243326100,86.095307419475600,86.095307419475600,85.837794037363500,86.266983007550300,86.266983007550300,85.580280655251400,85.751956243326100,86.438658595625000,86.438658595625000,85.823487738357200
"..Region III (Central Luzon)","04.5.1.0 - Electricity (ND)",84.464389332765700,84.893578302952500,85.751956243326100,86.095307419475600,86.095307419475600,85.837794037363500,86.266983007550300,86.266983007550300,85.580280655251400,85.751956243326100,86.438658595625000,86.438658595625000,85.823487738357200
"..Region III (Central Luzon)","04.5.2 - Gas (ND)",75.218594523812200,79.101335739110300,77.959353028728500,75.599255427272800,72.934629103048700,73.619818729277800,76.436709414886100,78.720674835649700,79.177467919802400,77.274163402499400,74.228876174814700,73.467554367893500,76.144869388899700
"..Region III (Central Luzon)","04.5.2.2 - Liquefied hydrocarbons (ND)",..,..,..,..,..,..,..,..,..,..,..,..,..
"..Region III (Central Luzon)","04.5.3 - Liquid fuels (ND)",..,..,..,..,..,..,..,..,..,..,..,..,..
"..Region III (Central Luzon)","04.5.3.0 - Liquid fuels (ND)",..,..,..,..,..,..,..,..,..,..,..,..,..
"..Region III (Central Luzon)","04.5.4 - Solid fuels (ND)",71.344400496989900,71.558006486501900,70.561178535446100,70.205168552926200,71.059592510974000,71.130794507478000,71.486804489997900,71.344400496989900,71.273198500486000,71.415602493493900,71.486804489997900,71.700410479509900,71.213863503399300
"..Region III (Central Luzon)","04.5.4.2 - Wood fuel, including pellets and briquettes (ND)",82.590622787751200,82.673130902424200,81.105476723635800,80.940460494289600,82.590622787751200,82.590622787751200,83.003163361116600,82.838147131770400,82.838147131770400,82.838147131770400,83.003163361116600,83.250687705135800,82.521866025523600
"..Region III (Central Luzon)","04.5.4.3 - Charcoal (ND)",57.279508056710100,57.621135341342600,57.450321699026400,56.880942891305600,56.425439845129000,56.539315606673100,56.824005010533500,56.824005010533500,56.425439845129000,56.937880772077700,56.994818652849700,56.994818652849700,56.933135948680000
"..Region III (Central Luzon)","05 - FURNISHINGS, HOUSEHOLD EQUIPMENT AND ROUTINE HOUSEHOLD MAINTENANCE",72.091556276471100,72.531138936693500,72.677666490101000,72.750930266804700,72.897457820212200,72.970721596915900,73.117249150323300,73.776623140656900,73.923150694064400,74.069678247471800,74.142942024175600,74.142942024175600,73.257671389005500
"..Region III (Central Luzon)","05.1 - FURNITURE, FURNISHINGS, AND LOOSE CARPETS",77.933119214056300,78.011839536494700,78.011839536494700,78.326720826248500,78.326720826248500,78.484161471125400,78.799042760879100,79.192644373071400,79.428805340386700,79.350085017948200,79.350085017948200,79.350085017948200,78.713762411570900
"..Region III (Central Luzon)","05.1.1 - Furniture, furnishings and loose carpets (D)",78.285181733457600,78.378378378378400,78.378378378378400,78.844361602982300,78.844361602982300,78.844361602982300,79.217148182665400,79.589934762348600,79.869524697110900,79.776328052190100,79.776328052190100,79.776328052190100,79.131717924821400
"..Region III (Central Luzon)","05.1.1.1 - Household furniture (D)",81.752887284750300,81.752887284750300,81.752887284750300,81.999874859628700,81.999874859628700,82.082204051254900,82.329191626133300,82.658508392637800,82.905495967516200,82.905495967516200,82.905495967516200,82.905495967516200,82.329191626133300
"..Region III (Central Luzon)","05.1.1.3 - Lighting equipment (D)",..,..,..,..,..,..,..,..,..,..,..,..,..
"..Region III (Central Luzon)","05.1.1.4 - Furnishings, loose carpets and rugs (D)",70.378981966114400,70.608160087802400,70.679610142417900,71.081344289020500,71.152794343635900,71.231658377172300,71.683278811538800,72.325651133166500,72.370813176603100,71.969079030000500,71.950204997742700,72.014241073437200,71.453818119054300
"..Region III (Central Luzon)","05.2 - HOUSEHOLD TEXTILES",71.598576468953200,71.744102030882000,71.744102030882000,71.962390373775200,72.326204278597100,72.398967059561400,73.199357650169600,73.344883212098400,73.635934335956000,73.708697116920300,73.708697116920300,73.854222678849100,72.768844529463700
"..Region III (Central Luzon)","05.2.1 - Household textiles (SD)",71.598576468953200,71.744102030882000,71.744102030882000,71.962390373775200,72.326204278597100,72.398967059561400,73.199357650169600,73.344883212098400,73.635934335956000,73.708697116920300,73.708697116920300,73.854222678849100,72.768844529463700
"..Region III (Central Luzon)","05.2.1.1 - Furnishing fabrics and curtains (SD)",75.373702511897300,75.449991684480200,75.526280857063100,75.526280857063100,75.907726719977500,75.831437547394700,76.518040100640700,76.670618445806500,77.052064308720900,77.128353481303800,77.128353481303800,77.357220999052500,76.289172582892000
"..Region III (Central Luzon)","05.2.1.2 - Bed linen and bedding (SD)",67.151612427506800,67.288796518267800,67.357388563648300,67.563164699789800,67.906124926692300,67.906124926692300,69.209373788921700,69.620926061204700,69.758110151965700,69.758110151965700,69.758110151965700,69.895294242726700,68.597761384278900
"..Region III (Central Luzon)","05.2.1.3 - Table linen and bathroom linen (SD)",71.572871572871600,71.572871572871600,71.572871572871600,71.572871572871600,72.222222222222200,72.294372294372300,72.366522366522400,72.366522366522400,72.510822510822500,72.582972582972600,72.582972582972600,72.727272727272700,72.162097162097200
"..Region III (Central Luzon)","05.2.1.9 - Other household textiles (SD)",75.002678667095200,75.465182338218100,75.542266283405300,76.390189680463900,77.161029132335400,77.083945187148300,77.315197022709700,77.392280967896900,78.086036474581200,78.240204364955500,78.317288310142600,78.933959871639800,77.077521525049300
"..Region III (Central Luzon)","05.3 - HOUSEHOLD APPLIANCES",88.511225116824100,88.957800420138000,89.136430541463600,89.136430541463600,89.315060662789200,89.404375723452000,89.493690784114800,89.493690784114800,89.583005844777600,89.583005844777600,89.583005844777600,89.672320905440400,89.322503584511100
"..Region III (Central Luzon)","05.3.1 - Major household appliances, whether electric or not (D)",89.042928635482600,90.037316671005800,90.308513407966700,90.218114495646400,90.579710144927500,90.579710144927500,90.579710144927500,90.579710144927500,90.670109057247800,90.760507969568100,90.760507969568100,90.760507969568100,90.406445562980300
"..Region III (Central Luzon)","05.3.1.1 - Major kitchen appliances (D)",86.038757777299000,86.390627993982000,86.537528148583100,86.450703396830400,87.024147857472000,87.024147857472000,86.945905306126200,87.024147857472000,87.119554809631700,87.119554809631700,87.119554809631700,87.119554809631700,86.826182119480300
"..Region III (Central Luzon)","05.3.1.2 - Major laundry appliances (D)",87.323738264225500,87.323738264225500,87.411589107549600,87.323738264225500,88.114395854143000,88.114395854143000,88.026545010818800,88.114395854143000,88.202246697467200,88.202246697467200,88.202246697467200,88.202246697467200,87.880126938611900
"..Region III (Central Luzon)","05.3.1.3 - Heaters, air conditioners (D)",105.758949890754000,105.758949890754000,105.758949890754000,105.653296594160000,105.547643297566000,105.547643297566000,105.547643297566000,105.547643297566000,105.547643297566000,105.864603187349000,105.864603187349000,105.864603187349000,105.688514359692000
"..Region III (Central Luzon)","05.3.2 - Small household appliances (SD)",88.139989334618400,88.228572238472300,88.317155142326200,88.405738046180000,88.494320950033900,88.582903853887800,88.848652565449500,88.760069661595600,88.760069661595600,88.848652565449500,88.848652565449500,88.937235469303400,88.597667671196800
"..Region III (Central Luzon)","05.3.2.1 - Small appliances for cooking and processing of food (SD)",88.139989334618400,88.228572238472300,88.317155142326200,88.405738046180000,88.494320950033900,88.582903853887800,88.848652565449500,88.760069661595600,88.760069661595600,88.848652565449500,88.848652565449500,88.937235469303400,88.597667671196800
"..Region III (Central Luzon)","05.3.2.9 - Other small household appliances (SD)",..,..,..,..,..,..,..,..,..,..,..,..,..
"..Region III (Central Luzon)","05.3.3 - Repair, installation and hire of household appliances (S)",60.070739302602800,60.070739302602800,60.070739302602800,60.070739302602800,60.070739302602800,60.070739302602800,60.070739302602800,60.070739302602800,60.070739302602800,60.070739302602800,60.070739302602800,60.070739302602800,60.070739302602800
"..Region III (Central Luzon)","05.3.3.0 - Repair, installation and hire of household appliances (S)",60.020046695596300,60.020046695596300,60.020046695596300,60.020046695596300,60.020046695596300,60.020046695596300,60.020046695596300,60.020046695596300,60.020046695596300,60.020046695596300,60.020046695596300,60.020046695596300,60.020046695596300
"..Region III (Central Luzon)","05.4 - GLASSWARE, TABLEWARE AND HOUSEHOLD UTENSILS",70.964368417121100,71.108020984767100,71.323499836236100,71.538978687705000,71.754457539174100,71.898110106820000,72.041762674466000,72.041762674466000,72.185415242112000,72.257241525935000,72.329067809758000,72.400894093581000,71.820298299345100
"..Region III (Central Luzon)","05.4.0 - Glassware, tableware and household utensils (SD)",70.964368417121100,71.108020984767100,71.323499836236100,71.538978687705000,71.754457539174100,71.898110106820000,72.041762674466000,72.041762674466000,72.185415242112000,72.257241525935000,72.329067809758000,72.400894093581000,71.820298299345100
"..Region III (Central Luzon)","05.4.0.1 - Glassware, crystal-ware, ceramic ware and chinaware (SD)",68.640732316474900,68.710418339131200,68.710418339131200,68.919476407100200,69.546650611007000,69.895080724288600,70.034452769601300,69.964766746945000,70.382882882882900,70.382882882882900,70.452568905539200,70.522254928195500,69.680215487765000
"..Region III (Central Luzon)","05.4.0.2 - Cutlery, flatware and silverware (SD)",..,..,..,..,..,..,..,..,..,..,..,..,..
"..Region III (Central Luzon)","05.4.0.3 - Kitchen utensils and articles (SD)",71.544586551647200,71.690994159530000,71.838847258604900,72.090362726025600,72.373059503446700,72.587611696098600,72.695610538020600,72.803609379942700,72.911608221864700,73.018161572594600,73.090642630940000,73.163123689285400,72.484018160666800
"..Region III (Central Luzon)","05.5 - TOOLS AND EQUIPMENT FOR HOUSE AND GARDEN",74.999053997805300,75.074734173383300,75.150414348961300,75.226094524539300,75.301774700117300,75.604495402429400,75.680175578007400,75.831535929163300,76.209936807053400,76.361297158209400,76.361297158209400,76.361297158209400,75.680175578007400
"..Region III (Central Luzon)","05.5.1 - Motorized tools and equipment (D)",77.982741498622100,78.061432458762000,78.140123418901900,78.218814379041800,78.297505339181700,78.612269179741200,78.690960139881000,78.848342060160800,79.241796860860200,79.399178781140000,79.399178781140000,79.399178781140000,78.690960139881100
"..Region III (Central Luzon)","05.5.1.0 - Motorized tools and equipment (D)",77.982741498622100,78.061432458762000,78.140123418901900,78.218814379041800,78.297505339181700,78.612269179741200,78.690960139881000,78.848342060160800,79.241796860860200,79.399178781140000,79.399178781140000,79.399178781140000,78.690960139881100
"..Region III (Central Luzon)","05.5.2 - Non-motorized tools and miscellaneous accessories (SD)",73.030408211241400,73.104101862312300,73.177795513383100,73.251489164454000,73.325182815524900,73.619957419808400,73.693651070879300,73.841038373021100,74.209506628375500,74.356893930517200,74.356893930517200,74.356893930517200,73.693651070879300
"..Region III (Central Luzon)","05.5.2.1 - Non-motorized tools (SD)",71.716468060096700,71.817596875591900,71.889761058464200,71.889761058464200,71.990889873959400,72.612392481926900,72.496039154065700,72.366440503317300,72.366440503317300,72.308511238071600,72.265311687822100,72.337475870694500,72.171424030482700
"..Region III (Central Luzon)","05.5.2.2 - Miscellaneous accessories (SD)",66.631451281160200,66.730721360168200,66.797925583604800,66.833063951469800,66.932334030477800,67.521809479939300,67.332486858803500,67.402763594533400,67.578455433858300,67.584600458445200,67.584600458445200,67.616666314016700,67.212239900410200
"..Region III (Central Luzon)","05.6 - GOODS AND SERVICES FOR ROUTINE HOUSEHOLD MAINTENANCE",68.790837986006200,69.351823413007300,69.492069769757500,69.562192948132700,69.702439304883000,69.702439304883000,69.842685661633200,70.754286980510000,70.894533337260200,71.104902872385700,71.104902872385700,71.175026050760800,70.123178375133800
"..Region III (Central Luzon)","05.6.1 - Non-durable household goods (ND)",68.647046852829100,68.647046852829100,68.925816586241600,68.995509019594700,69.134893886301000,69.204586319654100,69.343971186360300,70.319665253304100,70.598434986716600,70.807512286776000,70.807512286776000,70.877204720129100,69.692433353126000
"..Region III (Central Luzon)","05.6.1.1 - Household cleaning and maintenance products (ND)",67.915023161888400,67.977913263293100,68.194912960178100,68.258489747655300,68.395001216437700,68.467249211670500,68.597149530914900,69.553416498464500,69.823820547332900,69.972436654233300,70.037386813855500,70.043997963393600,68.936399797443100
"..Region III (Central Luzon)","05.6.1.9 - Other non-durable household goods (ND)",70.556758272977700,70.628681573969500,70.772528175953200,70.916374777936800,71.060221379920400,71.132144680912300,71.707531088846800,72.570610700748700,73.074073807691500,73.433690312650600,73.577536914634200,73.793306817609700,71.935288208654300
"..Region III (Central Luzon)","05.6.2 - Domestic services and household services (S)",70.659317516684500,72.329578876277200,72.329578876277200,72.402198935389900,72.402198935389900,72.402198935389900,72.402198935389900,73.273639644742700,73.273639644742700,73.273639644742700,73.273639644742700,73.273639644742700,72.607955769542600
"..Region III (Central Luzon)","05.6.2.1 - Domestic services by paid staff (S)",70.659317516684500,72.329578876277200,72.329578876277200,72.402198935389900,72.402198935389900,72.402198935389900,72.402198935389900,73.273639644742700,73.273639644742700,73.273639644742700,73.273639644742700,73.273639644742700,72.607955769542600
"..Region III (Central Luzon)","06 - HEALTH",68.339597796464700,68.686851850308500,68.964655093383600,69.034105904152300,69.381359957996200,69.520261579533700,69.589712390302400,69.728614011840000,69.867515633377500,70.006417254915000,70.075868065683800,70.145318876452600,69.445023201200900
"..Region III (Central Luzon)","06.1 - MEDICINES AND HEALTH PRODUCTS",70.840407716244300,71.419879354005000,71.926917037045600,72.071784946485800,72.361520765366100,72.289086810646100,72.506388674806300,72.723690538966600,73.013426357846900,73.230728222007200,73.375596131447400,73.448030086167400,72.433954720086200
"..Region III (Central Luzon)","06.1.1 - Medicines (ND)",70.961352183803000,71.541813142361700,72.049716481100600,72.194831720740200,72.485062200019600,72.412504580199700,72.630177439659300,72.847850299118800,73.138080778398100,73.355753637857700,73.500868877497300,73.573426497317200,72.557619819839400
"..Region III (Central Luzon)","06.1.1.1 - Medicines, vaccines and other pharmaceutical preparations (ND)",70.961352183803000,71.541813142361700,72.049716481100600,72.194831720740200,72.485062200019600,72.412504580199700,72.630177439659300,72.847850299118800,73.138080778398100,73.355753637857700,73.500868877497300,73.573426497317200,72.557619819839400
"..Region III (Central Luzon)","06.1.2 - Medical products (ND)",68.397869353755900,69.029234301636700,69.450144266890600,69.450144266890600,69.871054232144500,69.941205893020100,70.221812536522700,70.642722501776600,70.712874162652200,70.923329145279200,71.414390771408700,71.203935788781800,70.104893101730000
"..Region III (Central Luzon)","06.1.2.1 - Medical diagnostic products (ND)",87.244934746557100,86.253515033528000,89.408032302256800,89.408032302256800,90.038935756002600,90.309322950465100,90.940226404210800,91.571129857956600,91.481000793135800,91.751387987598200,91.481000793135800,91.571129857956600,90.121554065421700
"..Region III (Central Luzon)","06.1.2.2 - Prevention and protective devices (ND)",..,..,..,..,..,..,..,..,..,..,..,..,..
"..Region III (Central Luzon)","06.1.2.3 - Treatment devices for personal use (ND)",66.521648789982600,67.203922110905500,67.545058771367000,67.545058771367000,67.954422763920700,68.022650096013000,68.295559424382100,68.704923416935900,68.773150749028200,68.977832745305100,69.455424069951100,69.250742073674200,68.187532815236000
"..Region III (Central Luzon)","06.1.3 - Assistive products (D)",60.474275101957000,61.096438426051200,61.656385417736000,61.905250747373700,62.402981406649100,62.340765074239600,62.527414071467900,62.714063068696200,62.838495733515000,62.900712065924400,62.900712065924400,62.900712065924400,62.221517103788200
"..Region III (Central Luzon)","06.1.3.1 - Assistive products for vision (D)",60.522887863293000,61.145551318676700,61.705948428522000,61.955013810675400,62.453144574982400,62.390878229444000,62.577677266059100,62.764476302674200,62.889008993751000,62.951275339289300,62.951275339289300,62.951275339289300,62.271534400495500
"..Region III (Central Luzon)","06.2 - OUTPATIENT CARE SERVICES",63.067688426603800,63.194457649571900,63.321226872539900,63.321226872539900,63.321226872539900,63.384611484023900,63.384611484023900,63.447996095507900,63.447996095507900,63.511380706992000,63.574765318476000,63.574765318476000,63.379329433066900
"..Region III (Central Luzon)","06.2.1 - Preventive care services (S)",63.048825771065000,63.238922733188800,63.302288387230100,63.365654041271300,63.365654041271300,63.365654041271300,63.365654041271300,63.429019695312600,63.429019695312600,63.492385349353900,63.555751003395200,63.555751003395200,63.376214983611500
"..Region III (Central Luzon)","06.2.1.9 - Other preventive services (S)",62.225319155300000,62.350337337753600,62.446582135519500,62.509091226746200,62.509091226746200,62.509091226746200,62.509091226746200,62.571600317973000,62.571600317973000,62.605336024512200,62.696618500426500,62.730354206965700,62.519509408617400
"..Region III (Central Luzon)","06.2.2 - Outpatient dental services (S)",53.161678756144800,53.215053935618900,53.215053935618900,53.215053935618900,53.215053935618900,53.321804294566900,53.535305012463100,53.535305012463100,53.535305012463100,53.535305012463100,53.535305012463100,53.535305012463100,53.379627405663800
"..Region III (Central Luzon)","06.2.2.1 - Dental preventive services (S)",53.161678756144800,53.215053935618900,53.215053935618900,53.215053935618900,53.215053935618900,53.321804294566900,53.535305012463100,53.535305012463100,53.535305012463100,53.535305012463100,53.535305012463100,53.535305012463100,53.379627405663800
"..Region III (Central Luzon)","06.2.3 - Other outpatient care services (S)",..,..,..,..,..,..,..,..,..,..,..,..,..
"..Region III (Central Luzon)","06.2.3.1 - Outpatient curative and rehabilitative services (S)",..,..,..,..,..,..,..,..,..,..,..,..,..
"..Region III (Central Luzon)","06.3 - INPATIENT CARE SERVICES",67.908990887609200,67.908990887609200,67.978144646150600,68.047298404691900,69.015451024270900,69.776142368225800,69.845296126767100,69.845296126767100,69.845296126767100,69.845296126767100,69.845296126767100,69.914449885308500,69.147995728141800
"..Region III (Central Luzon)","06.3.1 - Inpatient curative and rehabilitative services (S)",67.908990887609200,67.908990887609200,67.978144646150600,68.047298404691900,69.015451024270900,69.776142368225800,69.845296126767100,69.845296126767100,69.845296126767100,69.845296126767100,69.845296126767100,69.914449885308500,69.147995728141800
"..Region III (Central Luzon)","06.3.1.0 - Inpatient curative and rehabilitative services (S)",..,..,..,..,..,..,..,..,..,..,..,..,..
"..Region III (Central Luzon)","06.4 - OTHER HEALTH SERVICES",..,..,..,..,..,..,..,..,..,..,..,..,..
"..Region III (Central Luzon)","06.4.1 - Diagnostic imaging services and medical laboratory services (S)",..,..,..,..,..,..,..,..,..,..,..,..,..
"..Region III (Central Luzon)","06.4.1.0 - Diagnostic imaging services and medical laboratory services (S)",..,..,..,..,..,..,..,..,..,..,..,..,..
"..Region III (Central Luzon)","07 - TRANSPORT",70.038167938931300,70.610687022900800,70.706106870229000,70.896946564885500,71.564885496183200,72.328244274809200,72.900763358778600,73.187022900763400,72.900763358778600,72.423664122137400,71.851145038167900,71.851145038167900,71.771628498727700
"..Region III (Central Luzon)","07.1 - PURCHASE OF VEHICLES",..,..,..,..,..,..,..,..,..,..,..,..,..
"..Region III (Central Luzon)","07.1.1 - Motor cars (D)",..,..,..,..,..,..,..,..,..,..,..,..,..
"..Region III (Central Luzon)","07.1.1.1 - New motor cars (D)",..,..,..,..,..,..,..,..,..,..,..,..,..
"..Region III (Central Luzon)","07.1.2 - Motorcycles (D)",..,..,..,..,..,..,..,..,..,..,..,..,..
"..Region III (Central Luzon)","07.1.2.0 - Motorcycles (D)",..,..,..,..,..,..,..,..,..,..,..,..,..
"..Region III (Central Luzon)","07.1.3 - Bicycles (D)",..,..,..,..,..,..,..,..,..,..,..,..,..
"..Region III (Central Luzon)","07.1.3.0 - Bicycles (D)",..,..,..,..,..,..,..,..,..,..,..,..,..
"..Region III (Central Luzon)","07.2 - OPERATION OF PERSONAL TRANSPORT EQUIPMENT",70.944904968398000,72.673435491992400,72.898895995069900,73.049202997121600,75.003194023793600,77.032338551491400,78.159641066879100,79.362097083292600,78.159641066879100,76.280803541233000,74.251659013535100,74.026198510457600,75.153501025845300
"..Region III (Central Luzon)","07.2.1 - Parts and accessories for personal transport equipment (SD)",68.937322017650200,69.289762314264000,69.430738432909500,69.642202610877700,69.712690670200500,69.924154848168700,70.558547382073500,71.192939915978200,71.474892153269200,71.756844390560200,71.827332449883000,72.038796627851200,70.482185317807200
"..Region III (Central Luzon)","07.2.1.1 - Tires (SD)",..,..,..,..,..,..,..,..,..,..,..,..,..
"..Region III (Central Luzon)","07.2.1.2 - Parts for personal transport equipment (SD)",68.992195586260900,69.344916422591500,69.555851648057400,69.697637258922100,69.768181426188200,69.979813927986500,70.614711433381600,71.249608938776600,71.531785607841100,71.813962276905500,71.884506444171600,72.096138945970000,70.544109159754400
"..Region III (Central Luzon)","07.2.1.3 - Accessories for personal transport equipment (SD)",..,..,..,..,..,..,..,..,..,..,..,..,..
"..Region III (Central Luzon)","07.2.2 - Fuels and lubricants for personal transport equipment (ND)",70.942304806341100,72.988717444985600,73.216096627057200,73.367682748438300,75.793060690535400,78.218438632632500,79.582713725062200,80.871195756801300,79.279541482300000,76.854163540202900,74.352992537415200,74.049820294653100,75.793060690535400
"..Region III (Central Luzon)","07.2.2.1 - Diesel (ND)",..,..,..,..,..,..,..,..,..,..,..,..,..
"..Region III (Central Luzon)","07.2.2.2 - Gasoline (ND)",..,..,..,..,..,..,..,..,..,..,..,..,..
"..Region III (Central Luzon)","07.2.2.3 - Other fuels for personal transport equipment (ND)",..,..,..,..,..,..,..,..,..,..,..,..,..
"..Region III (Central Luzon)","07.2.2.4 - Lubricants (ND)",56.790754465173100,57.559795931889000,57.796424075493900,58.328837398604800,59.097878865320700,59.689449224332900,60.340176619246400,60.695118834653700,60.517647726950100,60.103548475641500,59.511978116629300,59.452821080728100,59.157035901222000
"..Region III (Central Luzon)","07.2.3 - Maintenance and repair of personal transport equipment (S)",68.895279175653000,69.104263844537700,68.964940731947900,69.173925400832600,69.313248513422400,69.313248513422400,69.452571626012200,69.870540963781600,70.288510301550900,70.288510301550900,70.497494970435600,70.776141195615200,69.661556294896900
"..Region III (Central Luzon)","07.2.3.0 - Maintenance and repair of personal transport equipment (S)",68.895279175653000,69.104263844537700,68.964940731947900,69.173925400832600,69.313248513422400,69.313248513422400,69.452571626012200,69.870540963781600,70.288510301550900,70.288510301550900,70.497494970435600,70.776141195615200,69.661556294896900
"..Region III (Central Luzon)","07.2.4 - Other services in respect of personal transport equipment (S)",..,..,..,..,..,..,..,..,..,..,..,..,..
"..Region III (Central Luzon)","07.2.4.2 - Toll facilities (S)",..,..,..,..,..,..,..,..,..,..,..,..,..
"..Region III (Central Luzon)","07.2.4.3 - Driving lessons, tests, licences, and road worthiness tests (S)",..,..,..,..,..,..,..,..,..,..,..,..,..
"..Region III (Central Luzon)","07.3 - PASSENGER TRANSPORT SERVICES",69.867012970165900,69.937514496876400,69.937514496876400,70.149019077008100,70.219520603718700,70.431025183850400,70.713031290692600,70.713031290692600,70.783532817403200,70.995037397534800,70.995037397534800,71.136040450956000,70.489776456109200
"..Region III (Central Luzon)","07.3.1 - Passenger transport by railway (S)",..,..,..,..,..,..,..,..,..,..,..,..,..
"..Region III (Central Luzon)","07.3.1.1 - Passenger transport by train (S)",..,..,..,..,..,..,..,..,..,..,..,..,..
"..Region III (Central Luzon)","07.3.1.2 - Passenger transport by rapid transit and tram (S)",..,..,..,..,..,..,..,..,..,..,..,..,..
"..Region III (Central Luzon)","07.3.2 - Passenger transport by road (S)",72.864807474414600,72.864807474414600,72.938334020806600,73.158913659982400,73.232440206374300,73.453019845550100,73.747126031117900,73.747126031117900,73.820652577509800,74.114758763077600,74.114758763077600,74.188285309469600,73.520419179742700
"..Region III (Central Luzon)","07.3.2.1 - Passenger transport by bus and coach (S)",..,..,..,..,..,..,..,..,..,..,..,..,..
"..Region III (Central Luzon)","07.3.2.2 - Passenger transport by taxi and hired car with driver (S)",..,..,..,..,..,..,..,..,..,..,..,..,..
"..Region III (Central Luzon)","07.3.2.9 - Other passenger transport by road (S)",..,..,..,..,..,..,..,..,..,..,..,..,..
"..Region III (Central Luzon)","07.3.3 - Passenger transport by air (S)",36.841845147434800,37.478340439616100,37.478340439616100,37.478340439616100,37.478340439616100,37.478340439616100,37.478340439616100,37.478340439616100,37.478340439616100,37.478340439616100,37.478340439616100,37.478340439616100,37.425299165267600
"..Region III (Central Luzon)","07.3.3.1 - Passenger transport by air, domestic (S)",36.841845147434800,37.478340439616100,37.478340439616100,37.478340439616100,37.478340439616100,37.478340439616100,37.478340439616100,37.478340439616100,37.478340439616100,37.478340439616100,37.478340439616100,37.478340439616100,37.425299165267600
"..Region III (Central Luzon)","07.3.4 - Passenger transport by sea and inland waterway (S)",..,..,..,..,..,..,..,..,..,..,..,..,..
"..Region III (Central Luzon)","07.3.4.0 - Passenger transport by sea and inland waterway (S)",..,..,..,..,..,..,..,..,..,..,..,..,..
"..Region III (Central Luzon)","07.4 - TRANSPORT SERVICES OF GOODS",65.951669978640400,66.416586081208900,66.416586081208900,66.416586081208900,66.416586081208900,66.416586081208900,66.416586081208900,66.416586081208900,66.416586081208900,66.416586081208900,66.416586081208900,66.416586081208900,66.377843072661500
"..Region III (Central Luzon)","07.4.1 - Postal and courier services (S)",65.951669978640400,66.416586081208900,66.416586081208900,66.416586081208900,66.416586081208900,66.416586081208900,66.416586081208900,66.416586081208900,66.416586081208900,66.416586081208900,66.416586081208900,66.416586081208900,66.377843072661500
"..Region III (Central Luzon)","07.4.1.1 - Letter handling services (S)",..,..,..,..,..,..,..,..,..,..,..,..,..
"..Region III (Central Luzon)","07.4.1.2 - Courier and parcel delivery services (S)",61.166755868185700,61.166755868185700,61.166755868185700,61.166755868185700,61.166755868185700,61.166755868185700,61.166755868185700,61.166755868185700,61.166755868185700,61.166755868185700,61.166755868185700,61.166755868185700,61.166755868185700
"..Region III (Central Luzon)","08 - INFORMATION AND COMMUNICATION",96.939782823297200,97.038499506416600,97.038499506416600,97.038499506416600,97.038499506416600,97.038499506416600,97.038499506416600,96.939782823297200,97.038499506416600,97.038499506416600,97.334649555774900,97.334649555774900,97.071405067456400
"..Region III (Central Luzon)","08.1 - INFORMATION AND COMMUNICATION EQUIPMENT",104.766734279919000,104.766734279919000,104.766734279919000,104.766734279919000,104.665314401623000,104.665314401623000,104.665314401623000,104.665314401623000,104.766734279919000,104.868154158215000,104.665314401623000,104.766734279919000,104.732927653820000
"..Region III (Central Luzon)","08.1.1 - Fixed telephone equipment (D)",..,..,..,..,..,..,..,..,..,..,..,..,..
"..Region III (Central Luzon)","08.1.1.0 - Fixed telephone equipment (D)",..,..,..,..,..,..,..,..,..,..,..,..,..
"..Region III (Central Luzon)","08.1.2 - Mobile telephone equipment (D)",..,..,..,..,..,..,..,..,..,..,..,..,..
"..Region III (Central Luzon)","08.1.2.0 - Mobile telephone equipment (D)",..,..,..,..,..,..,..,..,..,..,..,..,..
"..Region III (Central Luzon)","08.1.3 - Information processing equipment (D)",114.277502728632000,114.277502728632000,114.277502728632000,114.163453324711000,113.935354516870000,113.935354516870000,113.821305112949000,113.935354516870000,113.935354516870000,114.049403920790000,113.935354516870000,114.049403920790000,114.049403920790000
"..Region III (Central Luzon)","08.1.3.1 - Computers, laptops and tablets (D)",115.670124059386000,115.670124059386000,115.670124059386000,115.670124059386000,115.439014920406000,115.439014920406000,115.439014920406000,115.439014920406000,115.439014920406000,115.554569489896000,115.554569489896000,115.554569489896000,115.544939942438000
"..Region III (Central Luzon)","08.1.3.2 - Peripheral equipment and its consumable components (D)",80.680784618654900,80.680784618654900,80.601763282103800,80.127635262797300,77.915037839367000,77.915037839367000,77.440909820060500,78.389165858673500,77.836016502815900,78.863293877980000,78.626229868326700,79.337421897286500,79.034506773840700
"..Region III (Central Luzon)","08.1.4 - Equipment for the reception, recording and reproduction of sound and vision (D)",85.812111029521800,85.726126950333900,85.812111029521800,85.984079187897600,85.898095108709700,85.898095108709700,86.070063267085500,86.070063267085500,86.156047346273400,86.156047346273400,86.070063267085500,86.070063267085500,85.976913847965300
"..Region III (Central Luzon)","08.1.4.0 - Equipment for the reception, recording and reproduction of sound and vision (D)",85.812111029521800,85.726126950333900,85.812111029521800,85.984079187897600,85.898095108709700,85.898095108709700,86.070063267085500,86.070063267085500,86.156047346273400,86.156047346273400,86.070063267085500,86.070063267085500,85.976913847965300
"..Region III (Central Luzon)","08.1.5 - Unrecorded recording media (SD)",99.482217800790300,99.482217800790300,99.383328916296500,99.185551147308800,98.394440071358200,98.295551186864400,98.592217840345900,98.493328955852000,98.789995609333500,98.691106724839700,98.987773378321200,98.987773378321200,98.897125234201800
"..Region III (Central Luzon)","08.1.5.0 - Unrecorded recording media (SD)",99.482217800790300,99.482217800790300,99.383328916296500,99.185551147308800,98.394440071358200,98.295551186864400,98.592217840345900,98.493328955852000,98.789995609333500,98.691106724839700,98.987773378321200,98.987773378321200,98.897125234201800
"..Region III (Central Luzon)","08.3 - INFORMATION AND COMMUNICATION SERVICES",94.711067580803100,94.809010773751200,94.809010773751200,94.809010773751200,94.809010773751200,94.809010773751200,94.809010773751200,94.711067580803100,94.809010773751200,94.809010773751200,95.200783545543600,95.200783545543600,94.857982370225300
"..Region III (Central Luzon)","08.3.1 - Fixed communication services (S)",97.267954771371800,97.267954771371800,97.267954771371800,97.267954771371800,97.267954771371800,96.879659542743500,96.879659542743500,96.976733349900600,96.976733349900600,96.976733349900600,96.976733349900600,96.976733349900600,97.081896640987400
"..Region III (Central Luzon)","08.3.1.0 - Fixed communication services (S)",97.267954771371800,97.267954771371800,97.267954771371800,97.267954771371800,97.267954771371800,96.879659542743500,96.879659542743500,96.976733349900600,96.976733349900600,96.976733349900600,96.976733349900600,96.976733349900600,97.081896640987400
"..Region III (Central Luzon)","08.3.2 - Mobile communication services (S)",95.276516484554100,95.371888372927000,95.371888372927000,95.371888372927000,95.371888372927000,95.371888372927000,95.371888372927000,95.276516484554100,95.371888372927000,95.371888372927000,95.562632149672800,95.562632149672800,95.387783687655800
"..Region III (Central Luzon)","08.3.2.0 - Mobile communication services (S)",95.276516484554100,95.371888372927000,95.371888372927000,95.371888372927000,95.371888372927000,95.371888372927000,95.371888372927000,95.276516484554100,95.371888372927000,95.371888372927000,95.562632149672800,95.562632149672800,95.387783687655800
"..Region III (Central Luzon)","08.3.3 - Internet access provision services and net storage services (S)",93.720009596929000,93.720009596929000,93.720009596929000,93.720009596929000,93.626289587332100,93.345129558541300,93.345129558541300,93.157689539347400,93.345129558541300,93.345129558541300,94.844649712092100,94.844649712092100,93.727819597728700
"..Region III (Central Luzon)","08.3.3.0 - Internet access provision services and net storage services (S)",93.720009596929000,93.720009596929000,93.720009596929000,93.720009596929000,93.626289587332100,93.345129558541300,93.345129558541300,93.157689539347400,93.345129558541300,93.345129558541300,94.844649712092100,94.844649712092100,93.727819597728700
"..Region III (Central Luzon)","08.3.5 - Repair and rental of information and communication equipment (S)",62.338593974175000,62.338593974175000,62.266857962697300,62.195121951219500,61.549497847919700,62.195121951219500,62.195121951219500,61.262553802008600,62.195121951219500,62.195121951219500,68.651362984218100,68.651362984218100,63.169536107125800
"..Region III (Central Luzon)","08.3.5.0 - Repair and rental of information and communication equipment (S)",62.338593974175000,62.338593974175000,62.266857962697300,62.195121951219500,61.549497847919700,62.195121951219500,62.195121951219500,61.262553802008600,62.195121951219500,62.195121951219500,68.651362984218100,68.651362984218100,63.169536107125800
"..Region III (Central Luzon)","09 - RECREATION, SPORT AND CULTURE",59.250936329588000,59.400749063670400,59.400749063670400,59.400749063670400,59.550561797752800,60.149812734082400,60.224719101123600,60.224719101123600,60.299625468164800,60.299625468164800,60.374531835206000,60.374531835206000,59.912609238451900
"..Region III (Central Luzon)","09.1 - RECREATIONAL DURABLES",98.106060606060600,98.106060606060600,98.106060606060600,98.106060606060600,98.106060606060600,98.106060606060600,98.106060606060600,98.106060606060600,98.106060606060600,98.106060606060600,98.106060606060600,98.106060606060600,98.106060606060600
"..Region III (Central Luzon)","09.1.1 - Photographic and cinematographic equipment and optical instruments (D)",98.131574815512600,98.131574815512600,98.131574815512600,98.131574815512600,98.131574815512600,98.131574815512600,98.131574815512600,98.131574815512600,98.131574815512600,98.131574815512600,98.131574815512600,98.131574815512600,98.131574815512600
"..Region III (Central Luzon)","09.1.1.1 - Cameras (D)",98.038735104239700,98.038735104239700,98.038735104239700,98.038735104239700,98.038735104239700,98.038735104239700,98.038735104239700,98.038735104239700,98.038735104239700,98.038735104239700,98.038735104239700,98.038735104239700,98.038735104239700
"..Region III (Central Luzon)","09.2 - OTHER RECREATIONAL GOODS",79.805469186000200,79.805469186000200,79.805469186000200,79.725743442557600,79.566291955672500,79.406840468787400,79.566291955672500,79.646017699115000,79.805469186000200,79.805469186000200,79.964920672885300,79.964920672885300,79.739031066464700
"..Region III (Central Luzon)","09.2.1 - Games, toys and hobbies (SD)",88.519294384843800,88.519294384843800,88.519294384843800,88.431127756970500,88.078461245477100,87.902127989730400,87.990294617603700,87.902127989730400,88.078461245477100,88.078461245477100,88.166627873350400,88.166627873350400,88.196016749308200
"..Region III (Central Luzon)","09.2.1.2 - Other games, toys and hobbies (SD)",88.519294384843800,88.519294384843800,88.519294384843800,88.431127756970500,88.078461245477100,87.902127989730400,87.990294617603700,87.902127989730400,88.078461245477100,88.078461245477100,88.166627873350400,88.166627873350400,88.196016749308200
"..Region III (Central Luzon)","09.2.2 - Equipment for sport, camping and open-air recreation (SD)",72.231945444656200,72.231945444656200,72.231945444656200,72.231945444656200,72.231945444656200,72.231945444656200,72.231945444656200,72.231945444656200,72.231945444656200,72.231945444656200,72.231945444656200,72.231945444656200,72.231945444656300
"..Region III (Central Luzon)","09.2.2.1 - Equipment for sport (SD)",72.291839263432900,72.291839263432900,72.291839263432900,72.291839263432900,72.291839263432900,72.291839263432900,72.291839263432900,72.291839263432900,72.291839263432900,72.291839263432900,72.291839263432900,72.291839263432900,72.291839263432900
"..Region III (Central Luzon)","09.2.2.2 - Equipment for camping and open-air recreation (SD)",..,..,..,..,..,..,..,..,..,..,..,..,..
"..Region III (Central Luzon)","09.3 - GARDEN PRODUCTS AND PETS",68.869565217391300,68.956521739130400,68.956521739130400,68.869565217391300,68.608695652173900,68.521739130434800,68.869565217391300,69.304347826087000,69.652173913043500,69.652173913043500,70.086956521739100,70.173913043478300,69.210144927536200
"..Region III (Central Luzon)","09.3.1 - Garden products, plants and flowers (ND)",47.690687528208200,48.041723083095100,48.242314828744800,48.342610701569600,49.345569429818000,49.646457048292500,49.746752921117300,51.702522441201600,51.802818314026400,51.953262123263600,52.605185296625100,52.755629105862300,50.156294401818700
"..Region III (Central Luzon)","09.3.1.1 - Garden products (ND)",29.879970287822200,30.783468309484200,31.009342814899700,31.138413960851400,31.138413960851400,31.170681747339400,31.202949533827300,33.623033520422000,34.074782531253000,34.171585890716800,34.623334901547800,34.461995969108100,32.273164452343600
"..Region III (Central Luzon)","09.3.1.2 - Plants, seeds and flowers (ND)",59.776771120347400,59.714503650430400,59.901306060181500,60.025841000015600,61.644795217858300,62.142934977194500,62.329737386945600,63.948691604788400,63.824156664954300,64.010959074705400,64.820436183626800,65.131773533211900,62.272658872855000
"..Region III (Central Luzon)","09.3.2 - Pets and products for pets (ND)",79.618085693995100,79.618085693995100,79.539177779531300,79.302454036139800,78.355559062573900,78.118835319182500,78.592282805965400,78.276651148110100,78.750098634893100,78.671190720429300,78.986822378284500,78.986822378284500,78.901338804282000
"..Region III (Central Luzon)","09.3.2.2 - Products for pets and other household animals (ND)",79.618085693995100,79.618085693995100,79.539177779531300,79.302454036139800,78.355559062573900,78.118835319182500,78.592282805965400,78.276651148110100,78.750098634893100,78.671190720429300,78.986822378284500,78.986822378284500,78.901338804282000
"..Region III (Central Luzon)","09.4 - RECREATIONAL SERVICES",55.088495575221200,55.088495575221200,55.088495575221200,55.088495575221200,55.088495575221200,55.088495575221200,55.088495575221200,55.088495575221200,55.088495575221200,55.088495575221200,55.088495575221200,55.088495575221200,55.088495575221200
"..Region III (Central Luzon)","09.4.6 - Recreational and sporting services (S)",64.603067654869000,64.603067654869000,64.603067654869000,65.395743331615900,66.056306395571600,66.056306395571600,66.056306395571600,67.047150991505200,67.047150991505200,67.047150991505200,67.047150991505200,67.047150991505200,66.050801703372000
"..Region III (Central Luzon)","09.4.6.2 - Sporting services - practice (S)",64.556287736219600,64.556287736219600,64.556287736219600,65.348389426234500,66.008474167913700,66.008474167913700,66.008474167913700,66.998601280432400,66.998601280432400,66.998601280432400,66.998601280432400,66.998601280432400,66.002973461733000
"..Region III (Central Luzon)","09.4.7 - Games of chance (S)",55.005500550055000,55.005500550055000,55.005500550055000,55.005500550055000,55.005500550055000,55.005500550055000,55.005500550055000,55.005500550055000,55.005500550055000,55.005500550055000,55.005500550055000,55.005500550055000,55.005500550055000
"..Region III (Central Luzon)","09.4.7.0 - Games of chance (S)",55.005500550055000,55.005500550055000,55.005500550055000,55.005500550055000,55.005500550055000,55.005500550055000,55.005500550055000,55.005500550055000,55.005500550055000,55.005500550055000,55.005500550055000,55.005500550055000,55.005500550055000
"..Region III (Central Luzon)","09.5 - CULTURAL GOODS",65.431034482758600,65.775862068965500,65.775862068965500,65.603448275862100,65.603448275862100,65.603448275862100,65.603448275862100,65.603448275862100,65.603448275862100,65.603448275862100,65.603448275862100,65.603448275862100,65.617816091954000
"..Region III (Central Luzon)","09.5.1 - Musical instruments (D)",65.409646774786100,65.737679105652600,65.737679105652600,65.606466173306000,65.606466173306000,65.606466173306000,65.606466173306000,65.606466173306000,65.606466173306000,65.606466173306000,65.606466173306000,65.606466173306000,65.611933378820500
"..Region III (Central Luzon)","09.5.1.0 - Musical instruments (D)",65.466083053280300,65.794398414630800,65.794398414630800,65.663072270090600,65.663072270090600,65.663072270090600,65.663072270090600,65.663072270090600,65.663072270090600,65.663072270090600,65.663072270090600,65.663072270090600,65.668544192779800
"..Region III (Central Luzon)","09.6 - CULTURAL SERVICES",62.853393045105300,62.916309354459800,62.916309354459800,62.916309354459800,62.916309354459800,62.916309354459800,62.916309354459800,62.916309354459800,62.916309354459800,62.916309354459800,62.916309354459800,62.916309354459800,62.911066328680300
"..Region III (Central Luzon)","09.6.1 - Services provided by cinemas, theatres and concert venues (S)",62.853393045105300,62.916309354459800,62.916309354459800,62.916309354459800,62.916309354459800,62.916309354459800,62.916309354459800,62.916309354459800,62.916309354459800,62.916309354459800,62.916309354459800,62.916309354459800,62.911066328680300
"..Region III (Central Luzon)","09.6.1.0 - Services provided by cinemas, theatres and concert venues (S)",62.853393045105300,62.916309354459800,62.916309354459800,62.916309354459800,62.916309354459800,62.916309354459800,62.916309354459800,62.916309354459800,62.916309354459800,62.916309354459800,62.916309354459800,62.916309354459800,62.911066328680300
"..Region III (Central Luzon)","09.6.3 - Photographic services (S)",..,..,..,..,..,..,..,..,..,..,..,..,..
"..Region III (Central Luzon)","09.6.3.0 - Photographic services (S)",..,..,..,..,..,..,..,..,..,..,..,..,..
"..Region III (Central Luzon)","09.6.9 - Other cultural services (S)",..,..,..,..,..,..,..,..,..,..,..,..,..
"..Region III (Central Luzon)","09.6.9.0 - Other cultural services (S)",..,..,..,..,..,..,..,..,..,..,..,..,..
"..Region III (Central Luzon)","09.7 - NEWSPAPERS, BOOKS AND STATIONERY",55.849358974359000,56.009615384615400,56.009615384615400,56.089743589743600,56.330128205128200,57.451923076923100,57.612179487179500,57.612179487179500,57.692307692307700,57.612179487179500,57.692307692307700,57.692307692307700,56.971153846153900
"..Region III (Central Luzon)","09.7.1 - Books (SD)",46.661948572776600,46.661948572776600,46.661948572776600,46.709129511677300,46.897853267280000,47.464024534088200,47.511205472988900,47.464024534088200,47.558386411889600,47.464024534088200,47.511205472988900,47.652748289691000,47.184870645592500
"..Region III (Central Luzon)","09.7.1.1 - Educational and textbooks in printed or electronic copy (SD)",..,..,..,..,..,..,..,..,..,..,..,..,..
"..Region III (Central Luzon)","09.7.1.9 - Other books (SD) in printed or electronic copy",..,..,..,..,..,..,..,..,..,..,..,..,..
"..Region III (Central Luzon)","09.7.2 - Newspapers and periodicals (ND)",81.168831168831200,81.168831168831200,81.332808605535900,81.742752197297600,81.906729634002400,81.988718352354700,82.152695789059400,82.234684507411800,82.234684507411800,82.234684507411800,82.890594254230600,82.972582972583000,82.002383138746800
"..Region III (Central Luzon)","09.7.2.1 - Newspapers (ND)",81.168831168831200,81.168831168831200,81.332808605535900,81.742752197297600,81.906729634002400,81.988718352354700,82.234684507411800,82.234684507411800,82.234684507411800,82.234684507411800,82.890594254230600,82.972582972583000,82.009215531942800
"..Region III (Central Luzon)","09.7.2.2 - Magazines and periodicals (ND)",..,..,..,..,..,..,..,..,..,..,..,..,..
"..Region III (Central Luzon)","09.7.4 - Stationery and drawing materials (ND)",65.873289671339800,66.212842710882800,66.280753318791400,66.416574534608600,66.688216966243000,68.725535203500900,68.997177635135300,69.132998850952500,69.132998850952500,69.132998850952500,69.200909458861100,68.997177635135300,67.899289473946300
"..Region III (Central Luzon)","09.7.4.0 - Stationery and drawing materials (ND)",65.873289671339800,66.212842710882800,66.280753318791400,66.416574534608600,66.688216966243000,68.725535203500900,68.997177635135300,69.132998850952500,69.132998850952500,69.132998850952500,69.200909458861100,68.997177635135300,67.899289473946300
"..Region III (Central Luzon)","09.8 - PACKAGE HOLIDAYS (S)",..,..,..,..,..,..,..,..,..,..,..,..,..
"..Region III (Central Luzon)","09.8.0 - Package holidays (S)",..,..,..,..,..,..,..,..,..,..,..,..,..
"..Region III (Central Luzon)","09.8.0.0 - Package holidays (S)",..,..,..,..,..,..,..,..,..,..,..,..,..
"..Region III (Central Luzon)","10 - EDUCATION SERVICES",56.985529892219500,56.985529892219500,56.985529892219500,56.985529892219500,56.985529892219500,59.679604275613200,59.738171110034800,59.738171110034800,59.738171110034800,59.738171110034800,59.738171110034800,59.738171110034800,58.586356699743200
"..Region III (Central Luzon)","10.1 - EARLY CHILDHOOD AND PRIMARY EDUCATION",49.393343171011600,49.393343171011600,49.393343171011600,49.393343171011600,49.393343171011600,52.570093457943900,52.570093457943900,52.570093457943900,52.570093457943900,52.570093457943900,52.570093457943900,52.570093457943900,51.246447505055500
"..Region III (Central Luzon)","10.1.0 - Early chilhood and primary education (S)",44.826639831671400,44.826639831671400,44.826639831671400,44.826639831671400,44.826639831671400,46.427591254231100,46.427591254231100,46.427591254231100,46.427591254231100,46.427591254231100,46.427591254231100,46.427591254231100,45.760528161497900
"..Region III (Central Luzon)","10.1.0.1 - Early childhood education services (S)",44.826639831671400,44.826639831671400,44.826639831671400,44.826639831671400,44.826639831671400,46.427591254231100,46.427591254231100,46.427591254231100,46.427591254231100,46.427591254231100,46.427591254231100,46.427591254231100,45.760528161497900
"..Region III (Central Luzon)","10.1.0.2 - Primary education (S)",51.830813825016600,51.830813825016600,51.830813825016600,51.830813825016600,51.830813825016600,55.838630150044000,55.838630150044000,55.838630150044000,55.838630150044000,55.838630150044000,55.838630150044000,55.838630150044000,54.168706681282600
"..Region III (Central Luzon)","10.2 - SECONDARY EDUCATION  (S)",59.175812434591500,59.175812434591500,59.175812434591500,59.175812434591500,59.175812434591500,62.098074777040500,62.098074777040500,62.098074777040500,62.098074777040500,62.098074777040500,62.098074777040500,62.098074777040500,60.880465467686800
"..Region III (Central Luzon)","10.2.0 - Secondary education (S)",..,..,..,..,..,..,..,..,..,..,..,..,..
"..Region III (Central Luzon)","10.2.0.1 - Lower secondary general education services",..,..,..,..,..,..,..,..,..,..,..,..,..
"..Region III (Central Luzon)","10.2.0.2 - Lower secondary technical-vocational livelihood programs services",77.275452988705400,77.275452988705400,77.275452988705400,77.275452988705400,77.275452988705400,77.275452988705400,77.275452988705400,77.275452988705400,77.275452988705400,77.275452988705400,77.275452988705400,77.275452988705400,77.275452988705400
"..Region III (Central Luzon)","10.4 - TERTIARY EDUCATION (S)",58.393008751598600,58.393008751598600,58.393008751598600,58.393008751598600,58.512299882858300,60.301666851753000,60.540249114272300,60.540249114272300,60.540249114272300,60.540249114272300,60.540249114272300,60.540249114272300,59.635624702220000
"..Region III (Central Luzon)","10.4.0 - Tertiary education (s)",58.393008751598600,58.393008751598600,58.393008751598600,58.393008751598600,58.512299882858300,60.301666851753000,60.540249114272300,60.540249114272300,60.540249114272300,60.540249114272300,60.540249114272300,60.540249114272300,59.635624702220000
"..Region III (Central Luzon)","10.4.0.0 - Tertiary education (s)",58.393008751598600,58.393008751598600,58.393008751598600,58.393008751598600,58.512299882858300,60.301666851753000,60.540249114272300,60.540249114272300,60.540249114272300,60.540249114272300,60.540249114272300,60.540249114272300,59.635624702220000
"..Region III (Central Luzon)","10.5 - EDUCATION NOT DEFINED BY LEVEL (S)",76.476454429210300,76.476454429210300,76.476454429210300,76.476454429210300,76.476454429210300,76.476454429210300,76.476454429210300,76.476454429210300,76.476454429210300,76.476454429210300,76.476454429210300,76.476454429210300,76.476454429210300
"..Region III (Central Luzon)","10.5.0 - Education not defined by level (s)",76.476454429210300,76.476454429210300,76.476454429210300,76.476454429210300,76.476454429210300,76.476454429210300,76.476454429210300,76.476454429210300,76.476454429210300,76.476454429210300,76.476454429210300,76.476454429210300,76.476454429210300
"..Region III (Central Luzon)","10.5.0.2 - Review classes for professional and licensure examination (S)",..,..,..,..,..,..,..,..,..,..,..,..,..
"..Region III (Central Luzon)","10.5.0.9 - Other education not defined by level (S)",..,..,..,..,..,..,..,..,..,..,..,..,..
"..Region III (Central Luzon)","11 - RESTAURANTS AND ACCOMMODATION SERVICES",66.687941347341900,66.756129426429200,66.824317505516400,66.824317505516400,68.597207561785200,68.801771799047000,68.801771799047000,69.006336036308800,69.006336036308800,69.006336036308800,69.006336036308800,69.006336036308800,68.193761427185600
"..Region III (Central Luzon)","11.1 - FOOD AND BEVERAGE SERVING SERVICES",66.687941347341900,66.756129426429200,66.824317505516400,66.824317505516400,68.597207561785200,68.801771799047000,68.801771799047000,69.006336036308800,69.006336036308800,69.006336036308800,69.006336036308800,69.006336036308800,68.193761427185600
"..Region III (Central Luzon)","11.1.1 - Restaurants, café and the like (S)",66.687941347341900,66.756129426429200,66.824317505516400,66.824317505516400,68.597207561785200,68.801771799047000,68.801771799047000,69.006336036308800,69.006336036308800,69.006336036308800,69.006336036308800,69.006336036308800,68.193761427185600
"..Region III (Central Luzon)","11.1.1.1 - Restaurants, café and the like - with full service (S)",66.687941347341900,66.756129426429200,66.824317505516400,66.824317505516400,68.597207561785200,68.801771799047000,68.801771799047000,69.006336036308800,69.006336036308800,69.006336036308800,69.006336036308800,69.006336036308800,68.193761427185600
"..Region III (Central Luzon)","11.2 - ACCOMMODATION SERVICES",..,..,..,..,..,..,..,..,..,..,..,..,..
"..Region III (Central Luzon)","11.2.0 - Accommodation services (S)",..,..,..,..,..,..,..,..,..,..,..,..,..
"..Region III (Central Luzon)","11.2.0.1 - Hotels, motels, inns and similar accommodation services (S)",..,..,..,..,..,..,..,..,..,..,..,..,..
"..Region III (Central Luzon)","12 - FINANCIAL SERVICES",..,..,..,..,..,..,..,..,..,..,..,..,..
"..Region III (Central Luzon)","12.2 - FINANCIAL SERVICES",..,..,..,..,..,..,..,..,..,..,..,..,..
"..Region III (Central Luzon)","12.2.1 - Financial intermediation services indirectly measured (S)",..,..,..,..,..,..,..,..,..,..,..,..,..
"..Region III (Central Luzon)","12.2.1.0 - Financial intermediation services indirectly measured (S)",..,..,..,..,..,..,..,..,..,..,..,..,..
"..Region III (Central Luzon)","12.2.9 - Other financial services (S)",..,..,..,..,..,..,..,..,..,..,..,..,..
"..Region III (Central Luzon)","12.2.9.1 - Remittances fees (S)",..,..,..,..,..,..,..,..,..,..,..,..,..
"..Region III (Central Luzon)","13 - PERSONAL CARE, AND MISCELLANEOUS GOODS AND SERVICES",71.242397914856600,71.589921807124200,71.850564726324900,72.024326672458700,72.284969591659400,72.458731537793200,72.545612510860100,72.632493483927000,72.806255430060800,72.806255430060800,72.980017376194600,72.980017376194600,72.350130321459600
"..Region III (Central Luzon)","13.1 - PERSONAL CARE",74.142752621126800,74.593925557969300,74.819512026390600,74.894707515864400,75.120293984285700,75.270684963233200,75.345880452706900,75.421075942180700,75.571466921128200,75.646662410602000,75.797053389549500,75.797053389549500,75.201755764548900
"..Region III (Central Luzon)","13.1.1 - Electric appliances for personal care (SD)",..,..,..,..,..,..,..,..,..,..,..,..,..
"..Region III (Central Luzon)","13.1.1.1 - Electric appliances for personal care (SD)",..,..,..,..,..,..,..,..,..,..,..,..,..
"..Region III (Central Luzon)","13.1.2 - Other appliances, articles and products for personal care (ND)",75.042163649758600,75.422702004980500,75.727132689158000,75.803240360202400,76.107671044379900,76.183778715424300,76.259886386468700,76.412101728557400,76.488209399601800,76.564317070646200,76.640424741690600,76.640424741690600,76.107671044379900
"..Region III (Central Luzon)","13.1.2.0 - Other appliances, articles and products for personal care (ND)",75.042163649758600,75.422702004980500,75.727132689158000,75.803240360202400,76.107671044379900,76.183778715424300,76.259886386468700,76.412101728557400,76.488209399601800,76.564317070646200,76.640424741690600,76.640424741690600,76.107671044379900
"..Region III (Central Luzon)","13.1.3 - Hairdressing salons and personal grooming establishments (S)",69.533896536674300,70.453469939499100,70.241260692693400,70.524206355101000,70.594942770703000,70.665679186304900,70.665679186304900,70.948624848712500,71.090097679916300,71.373043342323900,71.443779757925800,71.443779757925800,70.748205004507100
"..Region III (Central Luzon)","13.1.3.1 - Hairdressing (S)",..,..,..,..,..,..,..,..,..,..,..,..,..
"..Region III (Central Luzon)","13.1.3.2 - Personal grooming treatments (S)",..,..,..,..,..,..,..,..,..,..,..,..,..
"..Region III (Central Luzon)","13.2 - OTHER PERSONAL EFFECTS",65.163709529906700,65.365454760649500,65.836193632382500,66.441429324610800,67.382907068076900,67.584652298819700,68.122639580800300,68.189887991047900,68.324384811543100,68.189887991047900,68.189887991047900,68.257136401295500,67.254014281769100
"..Region III (Central Luzon)","13.2.1 - Jewellery and watches (D)",72.069597069597100,72.069597069597100,72.344322344322300,72.344322344322300,72.069597069597100,72.344322344322300,72.435897435897400,72.527472527472500,72.893772893772900,72.802197802197800,74.908424908424900,74.908424908424900,72.809829059829100
"..Region III (Central Luzon)","13.2.1.1 - Jewellery and watches (D)",72.516299727188100,72.629676151928000,73.026493638517300,73.054837744702300,73.026493638517300,73.026493638517300,73.196558275627100,73.820128611696100,73.933505036435900,73.820128611696100,73.338278806551800,73.338278806551800,73.227264390660800
"..Region III (Central Luzon)","13.2.1.2 - Repair and hire of jewellery, clocks and watches (S)",71.050437892415100,71.050437892415100,70.978451633152300,70.834479114626600,70.114616521998300,70.834479114626600,70.834479114626600,69.826671484946900,70.834479114626600,70.834479114626600,78.321050077961100,78.321050077961100,71.986259262831900
"..Region III (Central Luzon)","13.2.9 - Other personal effects n.e.c. (SD)",65.844248423275100,66.048311176653000,66.456436683408900,67.136645861335300,68.224980546017500,68.429043299395400,68.973210641736500,69.041231559529200,69.109252477321800,68.973210641736500,68.973210641736500,69.041231559529200,68.020917792639600
"..Region III (Central Luzon)","13.2.9.1 - Travel goods and articles for babies and other personal effects n.e.c. (SD)",65.844248423275100,66.048311176653000,66.456436683408900,67.136645861335300,68.224980546017500,68.429043299395400,68.973210641736500,69.041231559529200,69.109252477321800,68.973210641736500,68.973210641736500,69.041231559529200,68.020917792639600
"..Region III (Central Luzon)","13.9 - OTHER SERVICES",..,..,..,..,..,..,..,..,..,..,..,..,..
"..Region III (Central Luzon)","13.9.0 - Other services (S)",..,..,..,..,..,..,..,..,..,..,..,..,..
"..Region III (Central Luzon)","13.9.0.9 - Other services n.e.c. (S)",..,..,..,..,..,..,..,..,..,..,..,..,..
