"Geolocation","Commodity Description","2013 Jan","2013 Feb","2013 Mar","2013 Apr","2013 May","2013 Jun","2013 Jul","2013 Aug","2013 Sep","2013 Oct","2013 Nov","2013 Dec","2013 Ave"
"....Capiz","0 - ALL ITEMS",88.859416445623300,89.389920424403200,89.655172413793100,89.566755083996500,89.743589743589700,89.920424403183000,90.185676392572900,90.804597701149400,90.981432360742700,90.716180371352800,91.158267020336000,91.954022988505800,90.244621279104000
"....Capiz","01 - FOOD AND NON-ALCOHOLIC BEVERAGES",83.388429752066100,83.471074380165300,83.471074380165300,83.553719008264500,84.049586776859500,84.049586776859500,84.380165289256200,85.206611570247900,85.123966942148800,84.628099173553700,85.123966942148800,86.776859504132200,84.435261707989000
"....Capiz","01.1 - FOOD",82.976973684210500,83.059210526315800,83.059210526315800,83.141447368421100,83.634868421052600,83.634868421052600,83.963815789473700,84.786184210526300,84.703947368421100,84.210526315789500,84.703947368421100,86.430921052631600,84.025493421052600
"....Capiz","01.1.1 - Cereals and cereal products (ND)",86.348122866894200,86.433447098976100,86.433447098976100,87.286689419795200,87.286689419795200,87.372013651877100,87.883959044368600,89.419795221843000,89.419795221843000,87.798634812286700,87.201365187713300,87.883959044368600,87.563993174061400
"....Capiz","01.1.1.1 - Cereals (ND)",84.791081600081400,84.834808524773400,84.834808524773400,85.905374220248000,85.897087226818600,86.029135596254800,86.591628791071200,88.430997591358300,88.413683975671700,86.367262122497800,85.326661758888100,86.204113395806400,86.135553610686900
"....Capiz","01.1.1.12 - Rice",84.900356364319000,84.900356364319000,84.900356364319000,85.953541753646400,85.953541753646400,86.087511917255800,86.662869544982500,88.516404631623200,88.516404631623200,86.454505392807300,85.380696052462200,86.265293316809600,86.207653173984500
"....Capiz","01.1.1.16 - Corn",77.282704980453400,80.330951945028800,80.330951945028800,82.595735584857900,82.018041115271900,82.018041115271900,81.696606461213500,82.562595781008200,81.355646588165400,80.372691138218600,81.613912256654600,82.000380798841600,81.181521642501200
"....Capiz","01.1.1.20 - Flour, Bread and Other Bakery Products, Pasta Products,  and Other Cereals",91.948764867337600,91.948764867337600,91.948764867337600,92.223238792314700,92.223238792314700,92.314730100640400,92.406221408966200,92.955169258920400,92.955169258920400,93.046660567246100,93.778591033851800,93.870082342177500,92.634949679780400
"....Capiz","01.1.2 - Meat and other parts of slaughtered land animals (ND)",78.931061192873700,79.938032532920200,80.712625871417500,80.867544539117000,82.184353214562400,82.261812548412100,83.036405886909400,84.353214562354800,84.353214562354800,84.430673896204500,85.747482571649900,86.986831913245600,82.816937774335100
"....Capiz","01.1.2.2 - Meat, fresh, chilled or frozen (ND)",75.923847803467500,77.172735230053100,78.093816927548300,78.365523290565400,79.950874020975800,80.016404093318200,80.981407644407200,82.558542776307200,82.558542776307200,82.624555784093300,84.197247101253400,85.717261734454300,80.680063265229200
"....Capiz","01.1.2.3 - Meat, dried, salted, in brine or smoked (ND)",..,..,..,..,..,..,..,..,..,..,..,..,..
"....Capiz","01.1.2.4 - Offal, blood and other parts of slaughtered animals, fresh, chilled or frozen, dried, salted, in brine or smoked (ND)",81.415756653233600,82.285218685176600,83.378848561144600,83.378848561144600,85.100393629578200,85.312542248843300,86.161050335324900,87.649464816467600,87.649464816467600,87.862323969316000,89.342694482326700,93.593227522955500,86.094152856831600
"....Capiz","01.1.2.5 - Meat, offal, blood and other parts of slaughtered animals' preparations (ND)",93.397569207997400,93.397569207997400,93.397569207997400,93.583621064621900,93.583621064621900,93.583621064621900,93.768569834394000,93.958977181435800,93.958977181435800,94.141726819503800,93.680036507660700,93.680036507660700,93.677657904162400
"....Capiz","01.1.3 - Fish and other seafood (ND)",78.081123244929800,77.925117004680200,77.379095163806600,77.067082683307300,78.003120124805000,78.549141965678600,78.003120124805000,77.301092043681700,77.145085803432200,77.535101404056200,78.159126365054600,79.641185647425900,77.899115964638600
"....Capiz","01.1.3.1 - Fish, live, fresh, chilled or frozen (ND)",80.884637740590000,80.506950344624500,79.770603330935200,79.290942435368700,80.620486830699800,81.341102008312500,80.836886813120900,79.906348396452700,79.725448051608800,80.165305024184900,80.990758924752800,82.463391402571800,80.541905108601900
"....Capiz","01.1.3.2 - Fish, dried, salted, in brine or smoked (ND)",76.221746827694700,76.369436572615400,75.850012847728100,75.918501768538900,76.088084004251900,76.085052651811400,75.931137981245500,75.836743261328700,75.906492466462000,75.915298547987200,77.508364777408300,79.439841373483500,76.422559423379600
"....Capiz","01.1.3.3 - Fish preparations (ND)",94.257478446815200,94.257478446815200,94.257478446815200,94.407130288215200,94.407130288215200,94.407130288215200,94.723935113186100,94.748217076596100,94.748217076596100,94.748217076596100,95.723808843497300,95.723808843497300,94.700835852921700
"....Capiz","01.1.3.4 - Other seafood, live, fresh, chilled or frozen (ND)",63.735800961868100,64.083304777434700,64.083304777434700,64.178124747252500,64.089391248913700,64.266761624595200,63.364761816569400,62.974644866937500,62.601237035551300,63.186391348107600,62.736966164052800,64.457128495672500,63.646484822032500
"....Capiz","01.1.3.6 - Other seafood preparations (ND)",102.748089343430000,102.748089343430000,102.748089343430000,102.748089343430000,108.437044999177000,108.437044999177000,108.437044999177000,108.437044999177000,108.437044999177000,108.437044999177000,108.437044999177000,108.437044999177000,106.540726447261000
"....Capiz","01.1.4 - Milk, other dairy products and eggs (ND)",91.978122151321800,91.978122151321800,92.160437556973600,92.069279854147700,92.069279854147700,92.069279854147700,92.251595259799500,92.525068368277100,92.525068368277100,92.525068368277100,93.254329990884200,95.350957155879700,92.563050744454600
"....Capiz","01.1.4.1 - Raw and whole milk (ND)",..,..,..,..,..,..,..,..,..,..,..,..,..
"....Capiz","01.1.4.3 - Other milk and cream (ND)",92.992478893912100,93.018506375188900,93.244812131972200,93.244812131972200,93.244812131972200,93.244812131972200,93.302010530368800,93.556499208434300,93.556499208434300,93.600238451592500,94.555100411037100,94.555100411037100,93.509640168157800
"....Capiz","01.1.4.4 - Non-animal milk (ND)",..,..,..,..,..,..,..,..,..,..,..,..,..
"....Capiz","01.1.4.5 - Cheese (ND)",94.275676753559400,94.275676753559400,95.182694321406700,95.182694321406700,95.182694321406700,95.182694321406700,95.182694321406700,95.940798557219400,95.940798557219400,95.940798557219400,95.940798557219400,95.940798557219400,95.347401491687400
"....Capiz","01.1.4.6 - Yoghurt and similar products (ND)",..,..,..,..,..,..,..,..,..,..,..,..,..
"....Capiz","01.1.4.7 - Milk-based dessert and beverages (ND)",..,..,..,..,..,..,..,..,..,..,..,..,..
"....Capiz","01.1.4.8 - Eggs (ND)",88.747061382800400,88.639612668299200,88.639612668299200,88.470290763124600,88.299991050077800,88.470290763124600,88.858217211591300,89.191820539559300,89.149559537154300,89.203953912243900,89.377253201261200,97.656656084225400,89.558693315146800
"....Capiz","01.1.5 - Oils and fats (ND)",88.980716253443500,89.807162534435300,89.072543617998200,88.613406795225000,88.705234159779600,88.246097337006400,87.695133149678600,87.786960514233200,85.215794306703400,87.786960514233200,87.970615243342500,85.674931129476600,87.962962962962900
"....Capiz","01.1.5.1 - Vegetable oils (ND)",89.535664191862700,90.354015567956900,89.404720792098100,88.879858228609500,88.774035409624100,88.180256057917500,87.562108064221300,87.606279283435100,84.485271501750800,87.168163029805000,87.290333144610200,84.495058698242500,87.811313664177800
"....Capiz","01.1.5.2 - Butter and other fats and oils derived from milk (ND)",93.190350131278900,93.190350131278900,93.190350131278900,93.190350131278900,93.190350131278900,93.190350131278900,93.190350131278900,93.190350131278900,93.190350131278900,94.783347569420400,94.783347569420400,94.783347569420400,93.588599490814300
"....Capiz","01.1.5.3 - Margarine and similar preparations (ND)",86.732929632055400,87.728310921945800,87.728310921945800,87.728310921945800,88.691368185828400,88.691368185828400,88.691368185828400,88.785271195916200,88.785271195916200,90.532474159536000,91.160584634646200,91.160584634646200,88.868012731336600
"....Capiz","01.1.5.9 - Other animal oils and fats (ND)",..,..,..,..,..,..,..,..,..,..,..,..,..
"....Capiz","01.1.6 - Fruits and nuts (ND)",77.102803738317800,76.791277258567000,76.246105919003100,75.155763239875400,75.623052959501600,75.077881619937700,76.246105919003100,76.869158878504700,77.258566978193200,77.336448598130800,77.959501557632400,82.632398753894100,77.024922118380000
"....Capiz","01.1.6.1 - Dates, figs and tropical fruits, fresh (ND)",77.990335349741300,77.588797289393000,76.947932367243200,75.902324716149600,76.345036431189800,75.836921525904300,77.300240778767000,77.975764187575800,78.413603964548900,78.339140942911500,78.932551658178200,84.363193489849000,77.994653558454300
"....Capiz","01.1.6.2 - Citrus fruits, fresh (ND)",0.000000000000000,0.000000000000000,0.000000000000000,0.000000000000000,0.000000000000000,0.000000000000000,0.000000000000000,0.000000000000000,0.000000000000000,0.000000000000000,0.000000000000000,0.000000000000000,0.000000000000000
"....Capiz","01.1.6.3 - Stone fruits and pome fruits, fresh (ND)",0.000000000000000,0.000000000000000,0.000000000000000,0.000000000000000,0.000000000000000,0.000000000000000,0.000000000000000,0.000000000000000,0.000000000000000,0.000000000000000,0.000000000000000,0.000000000000000,0.000000000000000
"....Capiz","01.1.6.5 - Other fruits, fresh (ND)",..,..,..,..,..,..,..,..,..,..,..,..,..
"....Capiz","01.1.6.7 - Fruit, dried and dehydrated (ND)",..,..,..,..,..,..,..,..,..,..,..,..,..
"....Capiz","01.1.6.8 - Nuts, in shell or shelled (ND)",69.694775097414600,69.928541186922000,69.928541186922000,68.283690155430000,69.157393549013100,68.283690155430100,67.751530332442400,67.751530332442400,68.110793448183100,69.166461174616300,70.202756383057100,70.672132363987600,69.077652947155100
"....Capiz","01.1.6.9 - Fruit and nuts ground and other preparations (ND)",90.826521344232500,90.826521344232500,90.826521344232500,90.826521344232500,90.826521344232500,90.826521344232500,90.857911195589900,91.064272762152700,91.064272762152700,91.302814401561400,91.408853715674900,91.408853715674900,91.005508884850100
"....Capiz","01.1.7 - Vegetables, tubers, plantains, cooking bananas and pulses (ND)",75.562001450326300,74.691805656272600,74.256707759245800,72.371283538796200,72.951414068165300,71.936185641769400,73.241479332849900,74.184191443074700,73.531544597534400,73.531544597534400,76.649746192893400,84.554024655547500,74.788494077834200
"....Capiz","01.1.7.1 - Leafy or stem vegetables, fresh or chilled (ND)",72.592506459510100,71.311914354974100,70.745569907270100,69.604003851581700,70.616411164754100,69.983746998514500,70.181677248269900,70.526163142425000,70.526163142425000,70.022820564786300,73.138844589534100,75.318508245492600,71.214027472461400
"....Capiz","01.1.7.2 - Fruit-bearing vegetables, fresh or chilled (ND)",78.987705670056100,78.023536286144600,77.154378186539300,75.611390486252300,77.689860293358900,75.306298781139500,79.488449534122000,79.860185502659400,78.655760470597600,79.281136874979600,84.120524518497300,95.490969316765600,79.972516326759400
"....Capiz","01.1.7.3 - Green leguminous vegetables, fresh or chilled (ND)",0.000000000000000,0.000000000000000,0.000000000000000,0.000000000000000,0.000000000000000,0.000000000000000,0.000000000000000,0.000000000000000,0.000000000000000,0.000000000000000,0.000000000000000,0.000000000000000,0.000000000000000
"....Capiz","01.1.7.4 - Other vegetables, fresh or chilled (ND)",71.944506484615700,71.363917765548000,71.363917765548000,69.534422228330500,67.545758744664900,67.545758744664900,67.068056257285300,69.595607935936800,68.531003574690000,68.429260683821100,70.414225906717200,82.558264281175300,70.491225031083100
"....Capiz","01.1.7.5 - Tubers, plantains and cooking bananas (ND)",0.000000000000000,0.000000000000000,0.000000000000000,0.000000000000000,0.000000000000000,0.000000000000000,0.000000000000000,0.000000000000000,0.000000000000000,0.000000000000000,0.000000000000000,0.000000000000000,0.000000000000000
"....Capiz","01.1.7.9 - Vegetables, tubers, plantains, cooking bananas and pulses ground and other preparations (ND)",91.258532507840300,91.258532507840300,91.258532507840300,91.258532507840300,91.258532507840300,91.258532507840300,91.258532507840300,91.258532507840300,92.532196806889800,92.532196806889800,92.532196806889800,92.970196805063800,91.719587274037900
"....Capiz","01.1.8 - Sugar, confectionery and desserts (ND)",93.280632411067200,93.379446640316200,93.379446640316200,93.379446640316200,95.849802371541500,95.849802371541500,94.071146245059300,94.071146245059300,94.071146245059300,94.466403162055300,94.367588932806300,93.083003952569200,94.104084321475600
"....Capiz","01.1.8.1 - Cane and beet sugar (ND)",91.984788160638800,91.984788160638800,91.984788160638800,91.984788160638800,96.311909621153800,96.311909621153800,93.144635150055200,93.144635150055200,93.144635150055200,93.947606142728100,93.144635150055200,90.824941171222400,93.159504983252800
"....Capiz","01.1.8.3 - Jams, fruit jellies, marmalades, fruit purée and pastes, honey (ND)",88.105726872246700,88.105726872246700,88.105726872246700,88.105726872246700,88.105726872246700,88.105726872246700,88.105726872246700,88.759925083753200,88.759925083753200,88.759925083753200,88.759925083753200,89.477432799599000,88.438101770028200
"....Capiz","01.1.8.4 - Nut purée, nut butter and nut pastes (ND)",0.000000000000000,0.000000000000000,0.000000000000000,0.000000000000000,0.000000000000000,0.000000000000000,0.000000000000000,0.000000000000000,0.000000000000000,0.000000000000000,0.000000000000000,0.000000000000000,0.000000000000000
"....Capiz","01.1.8.5 - Chocolate, cocoa, and cocoa-based food products (ND)",90.953974433763300,90.953974433763300,90.953974433763300,90.953974433763300,90.953974433763300,90.953974433763300,90.953974433763300,90.953974433763300,90.953974433763300,90.953974433763300,94.171410198632400,94.171410198632400,91.490213727908100
"....Capiz","01.1.8.6 - Ice, ice cream and sorbet (ND)",98.814229249011900,99.128296700046100,99.128296700046100,99.128296700046100,99.128296700046100,99.128296700046100,99.128296700046100,99.128296700046100,99.128296700046100,99.128296700046100,99.128296700046100,99.128296700046100,99.102124412459900
"....Capiz","01.1.8.9 - Other sugar confectionery and desserts n.e.c. (ND)",93.042008466822800,93.042008466822800,93.042008466822800,93.042008466822800,93.042008466822800,93.042008466822800,93.042008466822800,93.042008466822800,93.042008466822800,93.042008466822800,93.042008466822800,93.042008466822800,93.042008466822800
"....Capiz","01.1.9 - Ready-made food and other food products n.e.c. (ND)",92.014519056261300,92.014519056261300,92.014519056261300,92.014519056261300,92.196007259528100,92.196007259528100,92.196007259528100,92.468239564428300,92.558983666061700,92.558983666061700,94.101633393829400,94.101633393829400,92.536297640653400
"....Capiz","01.1.9.2 - Baby food (ND)",0.000000000000000,0.000000000000000,0.000000000000000,0.000000000000000,0.000000000000000,0.000000000000000,0.000000000000000,0.000000000000000,0.000000000000000,0.000000000000000,0.000000000000000,0.000000000000000,0.000000000000000
"....Capiz","01.1.9.3 - Salt, condiments and sauces (ND)",93.101518327206200,93.116234833554300,93.116234833554300,93.116234833554300,93.116234833554300,93.116234833554300,93.127639007260200,93.507462969907000,93.621394308504700,93.685593741762300,94.831015025929500,94.831015025929500,93.523901047855900
"....Capiz","01.1.9.4 - Spices, culinary herbs and seeds (ND)",88.435963430004000,88.435963430004000,88.435963430004000,88.435963430004000,89.098451397917800,89.098451397917800,89.098451397917800,89.098451397917800,89.098451397917800,89.098451397917800,91.349919712590900,91.349919712590900,89.252866794392000
"....Capiz","01.1.9.9 - Other food products n.e.c. (ND)",94.366898622139800,94.366898622139800,94.366898622139800,94.366898622139800,94.366898622139800,94.366898622139800,94.366898622139800,94.366898622139800,94.366898622139800,94.366898622139800,97.842961977396500,97.842961977396500,94.946242514682500
"....Capiz","01.2 - NON-ALCOHOLIC BEVERAGES",91.894353369763200,91.894353369763200,92.258652094717700,92.167577413479100,92.531876138433500,92.531876138433500,92.805100182149400,92.896174863388000,93.169398907103800,93.260473588342500,93.624772313296900,93.624772313296900,92.721615057680600
"....Capiz","01.2.1 - Fruit and vegetable juices (ND)",86.773101180275600,86.773101180275600,86.773101180275600,86.773101180275600,86.773101180275600,86.773101180275600,86.773101180275600,86.773101180275600,87.371053695946400,87.371053695946400,87.371053695946400,87.371053695946400,86.972418685499200
"....Capiz","01.2.1.0 - Fruit and vegetable juices (ND)",86.773101180275600,86.773101180275600,86.773101180275600,86.773101180275600,86.773101180275600,86.773101180275600,86.773101180275600,86.773101180275600,87.371053695946400,87.371053695946400,87.371053695946400,87.371053695946400,86.972418685499200
"....Capiz","01.2.2 - Coffee and coffee substitutes (ND)",93.998153277931700,93.998153277931700,95.383194829178200,95.383194829178200,95.383194829178200,95.383194829178200,95.383194829178200,95.383194829178200,95.383194829178200,95.660203139427500,96.029547553093300,96.029547553093300,95.283164050477100
"....Capiz","01.2.2.0 - Coffee and coffee substitutes (ND)",94.030701619872300,94.030701619872300,95.415122803827100,95.415122803827100,95.415122803827100,95.415122803827100,95.415122803827100,95.415122803827100,95.415122803827100,95.631620272441400,96.015299326953300,96.015299326953300,95.302456816073500
"....Capiz","01.2.3 - Tea, maté and other plant products for infusion (ND)",86.773335995393900,86.773335995393900,86.773335995393900,86.773335995393900,86.773335995393900,86.773335995393900,86.773335995393900,86.773335995393900,86.944824801708900,86.944824801708900,86.944824801708900,87.708729484384900,86.894157654388600
"....Capiz","01.2.3.0 - Tea, maté and other plant products for infusion (ND)",86.773335995393900,86.773335995393900,86.773335995393900,86.773335995393900,86.773335995393900,86.773335995393900,86.773335995393900,86.773335995393900,86.944824801708900,86.944824801708900,86.944824801708900,87.708729484384900,86.894157654388600
"....Capiz","01.2.4 - Cocoa drinks (ND)",90.878915551558600,91.060088056108600,91.464242104720000,91.464242104720000,93.373521575746500,93.373521575746500,94.070338900938600,94.070338900938600,94.126084286954000,94.126084286954000,94.599920068084600,94.599920068084600,93.100601456712900
"....Capiz","01.2.4.0 - Cocoa drinks (ND)",90.878915551558600,91.060088056108600,91.464242104720000,91.464242104720000,93.373521575746500,93.373521575746500,94.070338900938600,94.070338900938600,94.126084286954000,94.126084286954000,94.599920068084600,94.599920068084600,93.100601456712900
"....Capiz","01.2.5 - Water (ND)",98.280261549093600,98.280261549093600,98.280261549093600,94.691935569613500,94.691935569613500,94.891287012918000,96.618999521556500,97.349954813672800,100.473127425443000,100.473127425443000,100.473127425443000,100.473127425443000,97.914783903035500
"....Capiz","01.2.5.0 - Water (ND)",98.280261549093600,98.280261549093600,98.280261549093600,94.691935569613500,94.691935569613500,94.891287012918000,96.618999521556500,97.349954813672800,100.473127425443000,100.473127425443000,100.473127425443000,100.473127425443000,97.914783903035500
"....Capiz","01.2.6 - Soft drinks (ND)",93.112670618358800,93.112670618358800,93.112670618358800,93.112670618358800,93.112670618358800,93.112670618358800,93.312071210309100,93.517698779914600,93.545698092599500,93.545698092599500,93.954384397025300,93.954384397025300,93.375496556635500
"....Capiz","01.2.6.0 - Soft drinks (ND)",93.112670618358800,93.112670618358800,93.112670618358800,93.112670618358800,93.112670618358800,93.112670618358800,93.312071210309100,93.517698779914600,93.545698092599500,93.545698092599500,93.954384397025300,93.954384397025300,93.375496556635500
"....Capiz","01.2.9 - Other non-alcoholic beverages (ND)",96.723378478304700,96.723378478304700,96.723378478304700,96.723378478304700,96.723378478304700,96.723378478304700,96.723378478304700,96.723378478304700,96.723378478304700,96.723378478304700,97.361297204345400,97.361297204345400,96.829698265978100
"....Capiz","01.2.9.0 - Other non-alcoholic beverages (ND)",96.723378478304700,96.723378478304700,96.723378478304700,96.723378478304700,96.723378478304700,96.723378478304700,96.723378478304700,96.723378478304700,96.723378478304700,96.723378478304700,97.361297204345400,97.361297204345400,96.829698265978100
"....Capiz","02 - ALCOHOLIC BEVERAGES AND TOBACCO",48.778150455198800,66.171538092956400,66.171538092956400,66.171538092956400,66.794441782462900,66.794441782462900,66.794441782462900,67.992333493052200,68.327743172017300,68.327743172017300,69.094393866794400,70.004791566842400,65.951924612681700
"....Capiz","02.1 - ALCOHOLIC BEVERAGES",76.147479307750200,77.200902934537200,77.200902934537200,77.200902934537200,79.458239277652400,79.458239277652400,79.458239277652400,80.285929270127900,80.812641083521500,80.812641083521500,83.521444695259600,85.628291948833700,79.765487835465300
"....Capiz","02.1.1 - Spirits and liquors (ND)",74.906646751306900,74.906646751306900,74.906646751306900,74.906646751306900,78.864824495892400,78.864824495892400,78.864824495892400,78.864824495892400,78.864824495892400,78.864824495892400,84.316654219566800,84.316654219566800,78.454070201643000
"....Capiz","02.1.1.0 - Spirits and liquors (ND)",74.906646751306900,74.906646751306900,74.906646751306900,74.906646751306900,78.864824495892400,78.864824495892400,78.864824495892400,78.864824495892400,78.864824495892400,78.864824495892400,84.316654219566800,84.316654219566800,78.454070201643000
"....Capiz","02.1.2 - Wine (ND)",..,..,..,..,..,..,..,..,..,..,..,..,..
"....Capiz","02.1.2.1 - Wine from grapes (ND)",..,..,..,..,..,..,..,..,..,..,..,..,..
"....Capiz","02.1.2.2 - Wine from other sources (ND)",..,..,..,..,..,..,..,..,..,..,..,..,..
"....Capiz","02.1.3 - Beer (ND)",81.704180064308700,84.726688102893900,84.726688102893900,84.726688102893900,84.726688102893900,84.726688102893900,84.726688102893900,87.242765273311900,87.242765273311900,87.242765273311900,87.242765273311900,90.040192926045000,85.756296891747000
"....Capiz","02.1.3.0 - Beer (ND)",81.704180064308700,84.726688102893900,84.726688102893900,84.726688102893900,84.726688102893900,84.726688102893900,84.726688102893900,87.242765273311900,87.242765273311900,87.242765273311900,87.242765273311900,90.040192926045000,85.756296891747000
"....Capiz","02.3 - TOBACCO",39.535783365570600,62.475822050290100,62.475822050290100,62.475822050290100,62.514506769825900,62.514506769825900,62.514506769825900,63.829787234042500,64.100580270793000,64.100580270793000,64.255319148936200,64.719535783365600,61.292714377820800
"....Capiz","02.3.0 - Tobacco (ND)",39.535783365570600,62.475822050290100,62.475822050290100,62.475822050290100,62.514506769825900,62.514506769825900,62.514506769825900,63.829787234042500,64.100580270793000,64.100580270793000,64.255319148936200,64.719535783365600,61.292714377820800
"....Capiz","02.3.0.1 - Cigarettes (ND)",38.983760995222800,62.307674438199000,62.307674438199000,62.307674438199000,62.307674438199000,62.307674438199000,62.307674438199000,63.593752120375500,63.868187355447100,63.868187355447100,63.993139195278600,64.427455402676300,61.048377421136800
"....Capiz","02.3.0.2 - Cigars (ND)",..,..,..,..,..,..,..,..,..,..,..,..,..
"....Capiz","02.3.0.9 - Other tobacco products (ND)",71.563620223506400,71.563620223506400,71.563620223506400,72.402555091729200,74.007283303531000,74.007283303531000,75.685153039976700,77.230559376176600,77.230559376176600,77.230559376176600,80.497989915570700,82.617404319502100,75.466683981074200
"....Capiz","02.4 - OTHER VEGETABLE-BASED TOBACCO PRODUCTS",..,..,..,..,..,..,..,..,..,..,..,..,..
"....Capiz","02.4.0 - Other vegetable-based tobacco products (ND)",..,..,..,..,..,..,..,..,..,..,..,..,..
"....Capiz","02.4.0.0 - Other vegetable-based tobacco products (ND)",..,..,..,..,..,..,..,..,..,..,..,..,..
"....Capiz","02.900 - NON-FOOD",96.065259117082500,96.161228406909800,96.545105566218800,96.257197696737000,96.257197696737000,96.545105566218800,96.833013435700600,97.216890595009600,97.600767754318600,97.504798464491400,97.888675623800400,97.984644913627600,96.904990403071000
"....Capiz","03 - CLOTHING AND FOOTWEAR",92.811059907834100,92.811059907834100,93.364055299539200,93.364055299539200,93.364055299539200,93.456221198156700,93.456221198156700,93.732718894009200,93.824884792626700,94.193548387096800,94.377880184331800,94.377880184331800,93.594470046083000
"....Capiz","03.1 - CLOTHING",92.784458834412600,92.784458834412600,93.246993524514300,93.246993524514300,93.246993524514300,93.432007400555000,93.432007400555000,93.617021276595800,93.709528214616100,94.172062904717800,94.449583718778900,94.449583718778900,93.547641073080500
"....Capiz","03.1.1 - Clothing materials (SD)",93.803216650898800,93.803216650898800,93.803216650898800,93.803216650898800,93.803216650898800,93.803216650898800,93.803216650898800,93.670766319772900,93.670766319772900,93.670766319772900,93.670766319772900,93.670766319772900,93.748029012929700
"....Capiz","03.1.1.0 - Clothing materials (SD)",93.804263362190200,93.804263362190200,93.804263362190200,93.804263362190200,93.804263362190200,93.804263362190200,93.804263362190200,93.668609981943200,93.668609981943200,93.668609981943200,93.668609981943200,93.668609981943200,93.747741120420600
"....Capiz","03.1.2 - Garments (SD)",92.784458834412600,92.784458834412600,93.246993524514300,93.246993524514300,93.246993524514300,93.432007400555000,93.432007400555000,93.617021276595800,93.709528214616100,94.172062904717800,94.449583718778900,94.449583718778900,93.547641073080500
"....Capiz","03.1.2.1 - Garments for men or boys (SD)",92.848129269261100,92.848129269261100,93.175874348653200,93.175874348653200,93.175874348653200,93.175874348653200,93.175874348653200,93.613243582523500,93.613243582523500,94.399028255793000,94.399028255793000,94.399028255793000,93.499933517851200
"....Capiz","03.1.2.2 - Garments for women or girls (SD)",92.500499212623300,92.500499212623300,93.066500050958500,93.066500050958500,93.066500050958500,93.430563522588800,93.430563522588800,93.493411124912900,93.723570482841200,93.844947971785600,94.265266415042500,94.265266415042500,93.387840669410400
"....Capiz","03.1.2.3 - Garments for infants (0 to under 2 years) (SD)",98.364230527050100,98.364230527050100,98.364230527050100,98.364230527050100,98.364230527050100,98.364230527050100,98.364230527050100,98.559702576105400,98.559702576105400,98.559702576105400,99.181536521292100,99.181536521292100,98.549316205020900
"....Capiz","03.1.2.4 - School uniforms (SD)",..,..,..,..,..,..,..,..,..,..,..,..,..
"....Capiz","03.1.3 - Other articles of clothing and clothing accessories (SD)",94.607379375591300,94.607379375591300,98.107852412488200,98.107852412488200,98.107852412488200,98.107852412488200,98.107852412488200,98.107852412488200,98.107852412488200,98.107852412488200,98.675496688741700,98.675496688741700,97.619047619047600
"....Capiz","03.1.3.1 - Other articles of clothing (SD)",95.693779904306200,95.693779904306200,100.043497172684000,100.043497172684000,100.043497172684000,100.043497172684000,100.043497172684000,100.043497172684000,100.043497172684000,100.043497172684000,100.043497172684000,100.043497172684000,99.318544294620900
"....Capiz","03.1.3.2 - Clothing accessories (SD)",90.630560553160800,90.630560553160800,90.630560553160800,90.630560553160800,90.630560553160800,90.630560553160800,90.630560553160800,90.630560553160800,90.630560553160800,90.630560553160800,93.442039217056600,93.442039217056600,91.099140330476800
"....Capiz","03.1.4 - Cleaning, repair, tailoring and hire of clothing (S)",90.189018901890200,90.189018901890200,90.189018901890200,90.189018901890200,90.189018901890200,90.189018901890200,90.189018901890200,90.189018901890200,90.279027902790300,90.459045904590500,92.349234923492300,92.349234923492300,90.579057905790600
"....Capiz","03.1.4.1 - Cleaning of clothing (S)",87.950747581354400,87.950747581354400,87.950747581354400,87.950747581354400,87.950747581354400,87.950747581354400,87.950747581354400,87.950747581354400,87.950747581354400,87.950747581354400,90.835141511754100,90.835141511754100,88.431479903087700
"....Capiz","03.1.4.2 - Repair, tailoring and hire of clothing (S)",94.715222838692900,94.715222838692900,94.715222838692900,94.715222838692900,94.715222838692900,94.715222838692900,94.715222838692900,94.837457919509000,94.960742787943100,95.416465332519300,95.416465332519300,95.416465332519300,94.921179714655000
"....Capiz","03.2 - FOOTWEAR",92.870201096892100,92.961608775137100,93.692870201096900,93.692870201096900,93.692870201096900,93.692870201096900,93.692870201096900,94.241316270566700,94.241316270566700,94.241316270566700,94.332723948811700,94.332723948811700,93.807129798903100
"....Capiz","03.2.1 - Shoes and other footwear (SD)",92.870201096892100,92.961608775137100,93.692870201096900,93.692870201096900,93.692870201096900,93.692870201096900,93.692870201096900,94.241316270566700,94.241316270566700,94.241316270566700,94.332723948811700,94.332723948811700,93.807129798903100
"....Capiz","03.2.1.1 - Footwear for men (SD)",91.074274051216800,91.074274051216800,91.074274051216800,91.074274051216800,91.074274051216800,91.074274051216800,91.074274051216800,91.970874482822300,91.970874482822300,91.970874482822300,91.970874482822300,91.970874482822300,91.447857564385800
"....Capiz","03.2.1.2 - Footwear for women (SD)",92.350819078170900,92.350819078170900,93.463304814533400,93.463304814533400,93.463304814533400,93.463304814533400,93.463304814533400,93.855619574156000,93.855619574156000,93.855619574156000,93.855619574156000,93.855619574156000,93.441355008315700
"....Capiz","03.2.1.3 - Footwear for infants and children (SD)",95.773338473062700,96.029948376690700,97.139279867955200,97.139279867955200,97.139279867955200,97.139279867955200,97.139279867955200,97.462834740155500,97.462834740155500,97.462834740155500,97.850616429662800,97.850616429662800,97.132451939110100
"....Capiz","03.2.2 - Cleaning, repair, and hire of footwear (S)",91.985428051001800,91.985428051001800,91.985428051001800,91.985428051001800,91.985428051001800,91.985428051001800,91.985428051001800,93.715846994535500,93.715846994535500,93.715846994535500,93.715846994535500,93.715846994535500,92.706435944140800
"....Capiz","03.2.2.0 - Cleaning, repair, and hire of footwear (S)",91.985428051001800,91.985428051001800,91.985428051001800,91.985428051001800,91.985428051001800,91.985428051001800,91.985428051001800,93.715846994535500,93.715846994535500,93.715846994535500,93.715846994535500,93.715846994535500,92.706435944140800
"....Capiz","04 - HOUSING, WATER, ELECTRICITY, GAS, AND OTHER FUELS",98.039215686274500,98.039215686274500,98.039215686274500,97.843137254901900,97.843137254901900,97.843137254901900,98.039215686274500,98.137254901960800,98.725490196078400,98.627450980392100,99.117647058823500,99.509803921568600,98.316993464052300
"....Capiz","04.1 - ACTUAL RENTALS FOR HOUSING",95.419847328244300,95.419847328244300,95.419847328244300,95.419847328244300,95.419847328244300,95.419847328244300,95.419847328244300,95.419847328244300,95.419847328244300,95.419847328244300,95.419847328244300,95.419847328244300,95.419847328244300
"....Capiz","04.1.1 - Actual rentals paid by tenants for main residence (S)",95.419847328244300,95.419847328244300,95.419847328244300,95.419847328244300,95.419847328244300,95.419847328244300,95.419847328244300,95.419847328244300,95.419847328244300,95.419847328244300,95.419847328244300,95.419847328244300,95.419847328244300
"....Capiz","04.1.1.0 - Actual rentals paid by tenants for main residence (S)",95.419847328244300,95.419847328244300,95.419847328244300,95.419847328244300,95.419847328244300,95.419847328244300,95.419847328244300,95.419847328244300,95.419847328244300,95.419847328244300,95.419847328244300,95.419847328244300,95.419847328244300
"....Capiz","04.3 - MAINTENANCE, REPAIR AND SECURITY OF THE DWELLING",89.633601429848100,89.722966934763200,89.722966934763200,89.991063449508500,90.169794459338700,90.169794459338700,90.259159964253800,90.348525469168900,90.348525469168900,90.348525469168900,92.403932082216300,93.118856121537100,90.519809353589500
"....Capiz","04.3.1 - Security equipment and materials for the maintenance and repair of the dwelling (ND)",91.024478694469600,91.115140525838600,91.115140525838600,91.205802357207600,91.205802357207600,91.205802357207600,91.296464188576600,91.296464188576600,91.296464188576600,91.387126019945600,93.563009972801500,94.197642792384400,91.659111514052600
"....Capiz","04.3.1.1 - Materials for the maintenance and repair of the dwelling (ND)",91.024478694469600,91.115140525838600,91.115140525838600,91.205802357207600,91.205802357207600,91.205802357207600,91.296464188576600,91.296464188576600,91.296464188576600,91.387126019945600,93.563009972801500,94.197642792384400,91.659111514052600
"....Capiz","04.3.2 - Services for the maintenance, repair and security of the dwelling (S)",84.175084175084200,84.175084175084200,84.175084175084200,85.101010101010100,85.942760942760900,86.195286195286200,86.195286195286200,86.363636363636300,86.363636363636300,86.363636363636300,87.542087542087500,88.720538720538700,85.942760942761000
"....Capiz","04.3.2.0 - Services for the maintenance, repair and security of the dwelling (S)",84.175084175084200,84.175084175084200,84.175084175084200,85.101010101010100,85.942760942760900,86.195286195286200,86.195286195286200,86.363636363636300,86.363636363636300,86.363636363636300,87.542087542087500,88.720538720538700,85.942760942761000
"....Capiz","04.4 - WATER SUPPLY AND MISCELLANEOUS SERVICES RELATING TO THE DWELLING",95.826170009551100,95.826170009551100,95.826170009551100,95.826170009551100,95.826170009551100,95.826170009551100,95.826170009551100,95.826170009551100,95.826170009551100,95.826170009551100,95.826170009551100,95.826170009551100,95.826170009551100
"....Capiz","04.4.1 - Water supply (ND)",95.826170009551100,95.826170009551100,95.826170009551100,95.826170009551100,95.826170009551100,95.826170009551100,95.826170009551100,95.826170009551100,95.826170009551100,95.826170009551100,95.826170009551100,95.826170009551100,95.826170009551100
"....Capiz","04.4.1.1 - Water supply through network systems (ND)",95.830120627054900,95.830120627054900,95.830120627054900,95.830120627054900,95.830120627054900,95.830120627054900,95.830120627054900,95.830120627054900,95.830120627054900,95.830120627054900,95.830120627054900,95.830120627054900,95.830120627054900
"....Capiz","04.5 - ELECTRICITY, GAS AND OTHER FUELS",104.058272632674000,104.058272632674000,103.954214360042000,103.433922996878000,103.225806451613000,103.329864724246000,103.850156087409000,104.266389177940000,105.931321540062000,105.723204994797000,107.075962539022000,108.012486992716000,104.743322927506000
"....Capiz","04.5.1 - Electricity (ND)",112.424242424242000,112.424242424242000,112.424242424242000,112.558922558923000,113.198653198653000,113.569023569024000,113.569023569024000,113.569023569024000,115.836139169473000,115.836139169473000,118.686868686869000,118.686868686869000,114.398615787505000
"....Capiz","04.5.1.0 - Electricity (ND)",112.554520110463000,112.554520110463000,112.554520110463000,112.683781689688000,113.330089585815000,113.701716626088000,113.701716626088000,113.701716626088000,115.970257341492000,115.970257341492000,118.825322472632000,118.825322472632000,114.531145092784000
"....Capiz","04.5.2 - Gas (ND)",105.274261603376000,104.356540084388000,102.700421940928000,100.063291139241000,96.782700421940900,95.812236286919800,99.715189873417700,102.035864978903000,105.875527426160000,105.611814345992000,105.105485232067000,122.784810126582000,103.843178621660000
"....Capiz","04.5.2.2 - Liquefied hydrocarbons (ND)",105.274856030526000,104.353021872185000,102.702768471976000,100.066007190915000,96.781689332521500,95.809495216411500,99.717560292005700,102.037453166855000,105.876904685096000,105.609241475292000,105.104792265037000,122.781554331170000,103.842945360833000
"....Capiz","04.5.3 - Liquid fuels (ND)",96.916996047430800,98.557312252964400,99.723320158102800,93.498023715415000,91.037549407114600,93.784584980237100,96.897233201581000,100.286561264822000,104.169960474308000,99.673913043478300,100.069169960474000,101.551383399210000,98.013833992094900
"....Capiz","04.5.3.0 - Liquid fuels (ND)",96.921162715699100,98.554773429725300,99.727129353908900,93.500189691032300,91.040164145204600,93.788473934684000,96.901943766122300,100.284478891636000,104.166706706145000,99.669472505178500,100.073070446291000,101.552929563703000,98.015041262444100
"....Capiz","04.5.4 - Solid fuels (ND)",87.172774869110000,87.085514834205900,87.085514834205900,86.300174520069800,85.514834205933700,85.253054101221600,85.689354275741700,85.951134380453700,85.689354275741700,85.427574171029700,84.554973821989500,82.547993019197200,85.689354275741700
"....Capiz","04.5.4.2 - Wood fuel, including pellets and briquettes (ND)",104.448013504442000,104.448013504442000,104.448013504442000,103.301907671900000,103.379813795831000,102.837381464218000,102.837381464218000,102.837381464218000,102.303958217787000,102.303958217787000,98.952437885284300,95.001283422269000,102.258295343070000
"....Capiz","04.5.4.3 - Charcoal (ND)",69.370705399255700,69.080696975748100,69.080696975748100,68.787236071008300,67.029923123801800,67.029923123801800,67.906853356788900,68.493775166268500,68.493775166268500,67.906853356788900,69.664166303995500,69.664166303995500,68.542397610289100
"....Capiz","05 - FURNISHINGS, HOUSEHOLD EQUIPMENT AND ROUTINE HOUSEHOLD MAINTENANCE",90.493273542600900,90.582959641255600,90.582959641255600,90.762331838565000,90.852017937219700,90.852017937219700,90.941704035874500,91.121076233183900,91.121076233183900,92.197309417040400,92.376681614349800,92.376681614349800,91.188340807174900
"....Capiz","05.1 - FURNITURE, FURNISHINGS, AND LOOSE CARPETS",93.720712277413300,93.720712277413300,93.720712277413300,93.720712277413300,96.532333645735700,96.532333645735700,96.532333645735700,96.532333645735700,96.532333645735700,96.532333645735700,96.532333645735700,96.532333645735700,95.595126522961600
"....Capiz","05.1.1 - Furniture, furnishings and loose carpets (D)",93.632958801498100,93.632958801498100,93.632958801498100,93.632958801498100,97.097378277153600,97.097378277153600,97.097378277153600,97.097378277153600,97.097378277153600,97.097378277153600,97.097378277153600,97.097378277153600,95.942571785268400
"....Capiz","05.1.1.1 - Household furniture (D)",93.545369504209500,93.545369504209500,93.545369504209500,93.545369504209500,97.472694589025200,97.472694589025200,97.472694589025200,97.472694589025200,97.472694589025200,97.472694589025200,97.472694589025200,97.472694589025200,96.163586227420000
"....Capiz","05.1.1.3 - Lighting equipment (D)",93.720712277413300,93.720712277413300,93.720712277413300,93.720712277413300,93.720712277413300,93.720712277413300,93.720712277413300,93.720712277413300,93.720712277413300,93.720712277413300,93.720712277413300,93.720712277413300,93.720712277413300
"....Capiz","05.1.1.4 - Furnishings, loose carpets and rugs (D)",..,..,..,..,..,..,..,..,..,..,..,..,..
"....Capiz","05.2 - HOUSEHOLD TEXTILES",98.343079922027300,98.343079922027300,98.343079922027300,98.830409356725200,98.830409356725200,98.830409356725200,98.830409356725200,98.830409356725200,98.927875243664700,98.927875243664700,98.927875243664700,98.927875243664700,98.741065627030600
"....Capiz","05.2.1 - Household textiles (SD)",98.343079922027300,98.343079922027300,98.343079922027300,98.830409356725200,98.830409356725200,98.830409356725200,98.830409356725200,98.830409356725200,98.927875243664700,98.927875243664700,98.927875243664700,98.927875243664700,98.741065627030600
"....Capiz","05.2.1.1 - Furnishing fabrics and curtains (SD)",97.751710654936500,97.751710654936500,97.751710654936500,97.139646721798300,97.139646721798300,97.139646721798300,97.139646721798300,97.139646721798300,97.139646721798300,97.139646721798300,97.139646721798300,97.139646721798300,97.292662705082900
"....Capiz","05.2.1.2 - Bed linen and bedding (SD)",99.199314954925000,99.199314954925000,99.199314954925000,100.566741430609000,100.566741430609000,100.566741430609000,100.566741430609000,100.566741430609000,100.566741430609000,100.566741430609000,100.566741430609000,100.566741430609000,100.224884811688000
"....Capiz","05.2.1.3 - Table linen and bathroom linen (SD)",99.108027750247800,99.108027750247800,99.108027750247800,99.108027750247800,99.108027750247800,99.108027750247800,99.108027750247800,99.108027750247800,99.108027750247800,99.108027750247800,99.108027750247800,99.108027750247800,99.108027750247800
"....Capiz","05.2.1.9 - Other household textiles (SD)",94.432499720322600,94.432499720322600,94.432499720322600,94.432499720322600,94.432499720322600,94.432499720322600,94.432499720322600,94.432499720322600,96.699592155681700,96.699592155681700,96.699592155681700,96.699592155681700,95.188197198775700
"....Capiz","05.3 - HOUSEHOLD APPLIANCES",94.339622641509400,94.433962264150900,94.528301886792500,94.528301886792500,94.528301886792500,94.528301886792500,94.528301886792500,94.528301886792500,94.905660377358500,96.698113207547200,96.698113207547200,96.698113207547200,95.078616352201200
"....Capiz","05.3.1 - Major household appliances, whether electric or not (D)",94.696969696969700,94.696969696969700,94.791666666666700,94.791666666666700,94.791666666666700,94.791666666666700,94.791666666666700,94.791666666666700,95.265151515151500,97.537878787878800,97.537878787878800,97.537878787878800,95.501893939393900
"....Capiz","05.3.1.1 - Major kitchen appliances (D)",95.617365051710800,95.617365051710800,95.711511053059400,95.711511053059400,95.711511053059400,95.711511053059400,95.711511053059400,95.711511053059400,95.711511053059400,98.696565225020800,98.696565225020800,98.696565225020800,96.442083595825000
"....Capiz","05.3.1.2 - Major laundry appliances (D)",93.370681605975700,93.370681605975700,93.503982361941000,93.503982361941000,93.503982361941000,93.503982361941000,93.503982361941000,93.503982361941000,94.703689165628700,95.903024658018400,95.903024658018400,95.903024658018400,94.181501710273500
"....Capiz","05.3.1.3 - Heaters, air conditioners (D)",0.000000000000000,0.000000000000000,0.000000000000000,0.000000000000000,0.000000000000000,0.000000000000000,0.000000000000000,0.000000000000000,0.000000000000000,0.000000000000000,0.000000000000000,0.000000000000000,0.000000000000000
"....Capiz","05.3.2 - Small household appliances (SD)",93.395522388059700,93.759328358209000,93.759328358209000,93.759328358209000,93.759328358209000,93.759328358209000,93.945895522388100,93.945895522388100,93.945895522388100,93.945895522388100,93.945895522388100,93.945895522388100,93.822294776119400
"....Capiz","05.3.2.1 - Small appliances for cooking and processing of food (SD)",93.392540344133900,93.763886359044600,93.763886359044600,93.763886359044600,93.763886359044600,93.763886359044600,93.948461414843600,93.948461414843600,93.948461414843600,93.948461414843600,93.948461414843600,93.948461414843600,93.825228385701500
"....Capiz","05.3.2.9 - Other small household appliances (SD)",0.000000000000000,0.000000000000000,0.000000000000000,0.000000000000000,0.000000000000000,0.000000000000000,0.000000000000000,0.000000000000000,0.000000000000000,0.000000000000000,0.000000000000000,0.000000000000000,0.000000000000000
"....Capiz","05.3.3 - Repair, installation and hire of household appliances (S)",96.432015429122500,96.432015429122500,96.432015429122500,96.432015429122500,96.432015429122500,96.432015429122500,96.432015429122500,96.432015429122500,96.432015429122500,96.432015429122500,96.432015429122500,96.432015429122500,96.432015429122400
"....Capiz","05.3.3.0 - Repair, installation and hire of household appliances (S)",96.432015429122500,96.432015429122500,96.432015429122500,96.432015429122500,96.432015429122500,96.432015429122500,96.432015429122500,96.432015429122500,96.432015429122500,96.432015429122500,96.432015429122500,96.432015429122500,96.432015429122400
"....Capiz","05.4 - GLASSWARE, TABLEWARE AND HOUSEHOLD UTENSILS",96.261682242990700,96.261682242990700,97.196261682243000,97.383177570093500,97.383177570093500,97.570093457943900,97.943925233644900,98.224299065420600,98.224299065420600,98.224299065420600,98.224299065420600,98.224299065420600,97.593457943925300
"....Capiz","05.4.0 - Glassware, tableware and household utensils (SD)",96.261682242990700,96.261682242990700,97.196261682243000,97.383177570093500,97.383177570093500,97.570093457943900,97.943925233644900,98.224299065420600,98.224299065420600,98.224299065420600,98.224299065420600,98.224299065420600,97.593457943925300
"....Capiz","05.4.0.1 - Glassware, crystal-ware, ceramic ware and chinaware (SD)",97.370816386459800,97.370816386459800,97.370816386459800,97.401177405042500,97.401177405042500,97.401177405042500,97.401177405042500,98.255643734186200,98.255643734186200,98.255643734186200,98.255643734186200,98.255643734186200,97.749614787540000
"....Capiz","05.4.0.2 - Cutlery, flatware and silverware (SD)",0.000000000000000,0.000000000000000,0.000000000000000,0.000000000000000,0.000000000000000,0.000000000000000,0.000000000000000,0.000000000000000,0.000000000000000,0.000000000000000,0.000000000000000,0.000000000000000,0.000000000000000
"....Capiz","05.4.0.3 - Kitchen utensils and articles (SD)",95.632458145392900,95.632458145392900,97.073682464961300,97.240969722770300,97.240969722770300,97.499065114175600,98.129619323375600,98.129619323375600,98.129619323375600,98.129619323375600,98.129619323375600,98.129619323375600,97.424776604643100
"....Capiz","05.5 - TOOLS AND EQUIPMENT FOR HOUSE AND GARDEN",95.631528964862300,95.631528964862300,96.201329534662900,96.106362773029400,96.106362773029400,96.106362773029400,96.581196581196600,96.771130104463400,96.866096866096900,96.866096866096900,97.245963912630600,97.245963912630600,96.446660335549200
"....Capiz","05.5.1 - Motorized tools and equipment (D)",..,..,..,..,..,..,..,..,..,..,..,..,..
"....Capiz","05.5.1.0 - Motorized tools and equipment (D)",..,..,..,..,..,..,..,..,..,..,..,..,..
"....Capiz","05.5.2 - Non-motorized tools and miscellaneous accessories (SD)",95.631528964862300,95.631528964862300,96.201329534662900,96.106362773029400,96.106362773029400,96.106362773029400,96.581196581196600,96.771130104463400,96.866096866096900,96.866096866096900,97.245963912630600,97.245963912630600,96.446660335549200
"....Capiz","05.5.2.1 - Non-motorized tools (SD)",97.235466128212000,97.235466128212000,97.871593638575400,97.871593638575400,97.871593638575400,97.871593638575400,98.370366876515300,98.538895432625900,98.683930646691100,98.683930646691100,99.061843166454100,99.061843166454100,98.196509728846400
"....Capiz","05.5.2.2 - Miscellaneous accessories (SD)",94.049215333868900,94.108887993974900,94.560901627791800,94.335435978451900,94.335435978451900,94.335435978451900,94.759821596794900,95.077021961647700,95.077021961647700,95.085294414430700,95.451640876562500,95.451640876562500,94.718979548219800
"....Capiz","05.6 - GOODS AND SERVICES FOR ROUTINE HOUSEHOLD MAINTENANCE",89.459698848538500,89.548272807794500,89.548272807794500,89.725420726306500,89.813994685562400,89.813994685562400,89.902568644818400,90.079716563330400,90.079716563330400,91.142604074402100,91.319751992914100,91.319751992914100,90.146147032772400
"....Capiz","05.6.1 - Non-durable household goods (ND)",96.289248334919100,96.479543292102800,96.479543292102800,96.860133206470000,96.955280685061900,97.050428163653700,97.145575642245500,97.431018078020900,97.526165556612800,97.621313035204600,98.001902949571800,98.001902949571800,97.153504598794800
"....Capiz","05.6.1.1 - Household cleaning and maintenance products (ND)",96.258989405860500,96.536386414349500,96.536386414349500,96.985037494145400,97.094454738905900,97.225509744510000,97.329743202233800,97.730244904585000,97.733535806031500,97.836245122199900,98.333566587733600,98.333566587733600,97.327805535219900
"....Capiz","05.6.1.9 - Other non-durable household goods (ND)",95.893666270540300,95.893666270540300,95.893666270540300,95.893666270540300,95.893666270540300,95.893666270540300,96.085104686890100,96.085104686890100,96.281985275014300,96.281985275014300,96.281985275014300,96.425004528297000,96.066930612530200
"....Capiz","05.6.2 - Domestic services and household services (S)",82.843056696795400,82.843056696795400,82.843056696795400,82.843056696795400,82.843056696795400,82.843056696795400,82.843056696795400,82.843056696795400,82.843056696795400,84.872637633525100,84.872637633525100,84.872637633525100,83.350451930977800
"....Capiz","05.6.2.1 - Domestic services by paid staff (S)",82.845528017775900,82.845528017775900,82.845528017775900,82.845528017775900,82.845528017775900,82.845528017775900,82.845528017775900,82.845528017775900,82.845528017775900,84.874305990577900,84.874305990577900,84.874305990577900,83.352722510976400
"....Capiz","06 - HEALTH",95.904761904761900,95.904761904761900,95.904761904761900,95.904761904761900,95.809523809523800,95.904761904761900,95.904761904761900,95.904761904761900,97.047619047619100,97.047619047619100,97.333333333333300,97.333333333333300,96.325396825396800
"....Capiz","06.1 - MEDICINES AND HEALTH PRODUCTS",97.589199614271900,97.589199614271900,97.589199614271900,97.589199614271900,97.492767598842800,97.589199614271900,97.589199614271900,97.589199614271900,97.589199614271900,97.492767598842800,98.071359691417600,98.071359691417600,97.653487624558000
"....Capiz","06.1.1 - Medicines (ND)",97.589199614271900,97.589199614271900,97.589199614271900,97.589199614271900,97.492767598842800,97.589199614271900,97.589199614271900,97.589199614271900,97.589199614271900,97.492767598842800,98.071359691417600,98.071359691417600,97.653487624558000
"....Capiz","06.1.1.1 - Medicines, vaccines and other pharmaceutical preparations (ND)",97.589199614271900,97.589199614271900,97.589199614271900,97.589199614271900,97.492767598842800,97.589199614271900,97.589199614271900,97.589199614271900,97.589199614271900,97.492767598842800,98.071359691417600,98.071359691417600,97.653487624558000
"....Capiz","06.1.2 - Medical products (ND)",97.656250000000000,97.656250000000000,97.656250000000000,97.656250000000000,97.656250000000000,97.656250000000000,97.656250000000000,97.656250000000000,97.656250000000000,97.656250000000000,99.023437500000000,99.023437500000000,97.884114583333300
"....Capiz","06.1.2.1 - Medical diagnostic products (ND)",98.619329388560100,98.619329388560100,98.619329388560100,98.619329388560100,98.619329388560100,98.619329388560100,98.619329388560100,98.619329388560100,98.619329388560100,98.619329388560100,100.004142996082000,100.004142996082000,98.850131656480400
"....Capiz","06.1.2.2 - Prevention and protective devices (ND)",0.000000000000000,0.000000000000000,0.000000000000000,0.000000000000000,0.000000000000000,0.000000000000000,0.000000000000000,0.000000000000000,0.000000000000000,0.000000000000000,0.000000000000000,0.000000000000000,0.000000000000000
"....Capiz","06.1.2.3 - Treatment devices for personal use (ND)",96.711798839458400,96.711798839458400,96.711798839458400,96.711798839458400,96.711798839458400,96.711798839458400,96.711798839458400,96.711798839458400,96.711798839458400,96.711798839458400,98.103335513407400,98.103335513407400,96.943721618449900
"....Capiz","06.1.3 - Assistive products (D)",97.181729834791100,97.181729834791100,97.181729834791100,97.181729834791100,97.181729834791100,97.181729834791100,97.181729834791100,97.181729834791100,97.181729834791100,97.181729834791100,97.181729834791100,97.181729834791100,97.181729834791100
"....Capiz","06.1.3.1 - Assistive products for vision (D)",97.181729834791100,97.181729834791100,97.181729834791100,97.181729834791100,97.181729834791100,97.181729834791100,97.181729834791100,97.181729834791100,97.181729834791100,97.181729834791100,97.181729834791100,97.181729834791100,97.181729834791100
"....Capiz","06.2 - OUTPATIENT CARE SERVICES",89.126559714795000,89.126559714795000,89.126559714795000,89.126559714795000,89.126559714795000,89.126559714795000,89.126559714795000,89.126559714795000,89.126559714795000,89.126559714795000,89.126559714795000,89.126559714795000,89.126559714795000
"....Capiz","06.2.1 - Preventive care services (S)",88.105726872246700,88.105726872246700,88.105726872246700,88.105726872246700,88.105726872246700,88.105726872246700,88.105726872246700,88.105726872246700,88.105726872246700,88.105726872246700,88.105726872246700,88.105726872246700,88.105726872246700
"....Capiz","06.2.1.9 - Other preventive services (S)",88.109209955934600,88.109209955934600,88.109209955934600,88.109209955934600,88.109209955934600,88.109209955934600,88.109209955934600,88.109209955934600,88.109209955934600,88.109209955934600,88.109209955934600,88.109209955934600,88.109209955934600
"....Capiz","06.2.2 - Outpatient dental services (S)",96.785714285714300,96.785714285714300,97.490347490347500,97.490347490347500,97.490347490347500,97.490347490347500,97.490347490347500,97.490347490347500,97.490347490347500,97.490347490347500,97.490347490347500,97.490347490347500,97.372908622908600
"....Capiz","06.2.2.1 - Dental preventive services (S)",96.782536559342900,96.782536559342900,97.492021427998200,97.492021427998200,97.492021427998200,97.492021427998200,97.492021427998200,97.492021427998200,97.492021427998200,97.492021427998200,97.492021427998200,97.492021427998200,97.373773949889000
"....Capiz","06.2.3 - Other outpatient care services (S)",..,..,..,..,..,..,..,..,..,..,..,..,..
"....Capiz","06.2.3.1 - Outpatient curative and rehabilitative services (S)",..,..,..,..,..,..,..,..,..,..,..,..,..
"....Capiz","06.3 - INPATIENT CARE SERVICES",95.969289827255300,95.969289827255300,95.969289827255300,95.969289827255300,95.969289827255300,95.969289827255300,95.969289827255300,95.969289827255300,99.971209213051800,99.971209213051800,99.971209213051800,99.971209213051800,97.303262955854100
"....Capiz","06.3.1 - Inpatient curative and rehabilitative services (S)",95.969289827255300,95.969289827255300,95.969289827255300,95.969289827255300,95.969289827255300,95.969289827255300,95.969289827255300,95.969289827255300,99.971209213051800,99.971209213051800,99.971209213051800,99.971209213051800,97.303262955854100
"....Capiz","06.3.1.0 - Inpatient curative and rehabilitative services (S)",95.969289827255300,95.969289827255300,95.969289827255300,95.969289827255300,95.969289827255300,95.969289827255300,95.969289827255300,95.969289827255300,99.968010236724300,99.968010236724300,99.968010236724300,99.968010236724300,97.302196630411600
"....Capiz","06.4 - OTHER HEALTH SERVICES",0.000000000000000,0.000000000000000,0.000000000000000,0.000000000000000,0.000000000000000,0.000000000000000,0.000000000000000,0.000000000000000,0.000000000000000,0.000000000000000,0.000000000000000,0.000000000000000,0.000000000000000
"....Capiz","06.4.1 - Diagnostic imaging services and medical laboratory services (S)",0.000000000000000,0.000000000000000,0.000000000000000,0.000000000000000,0.000000000000000,0.000000000000000,0.000000000000000,0.000000000000000,0.000000000000000,0.000000000000000,0.000000000000000,0.000000000000000,0.000000000000000
"....Capiz","06.4.1.0 - Diagnostic imaging services and medical laboratory services (S)",0.000000000000000,0.000000000000000,0.000000000000000,0.000000000000000,0.000000000000000,0.000000000000000,0.000000000000000,0.000000000000000,0.000000000000000,0.000000000000000,0.000000000000000,0.000000000000000,0.000000000000000
"....Capiz","07 - TRANSPORT",96.960784313725500,97.352941176470600,98.333333333333300,97.058823529411800,96.274509803921600,97.352941176470600,98.431372549019600,98.627450980392100,99.313725490196100,98.235294117647100,98.039215686274500,97.647058823529400,97.802287581699400
"....Capiz","07.1 - PURCHASE OF VEHICLES",96.153846153846200,96.153846153846200,96.153846153846200,96.153846153846200,96.153846153846200,96.153846153846200,96.153846153846200,96.153846153846200,96.153846153846200,96.153846153846200,96.153846153846200,96.153846153846200,96.153846153846200
"....Capiz","07.1.1 - Motor cars (D)",0.000000000000000,0.000000000000000,0.000000000000000,0.000000000000000,0.000000000000000,0.000000000000000,0.000000000000000,0.000000000000000,0.000000000000000,0.000000000000000,0.000000000000000,0.000000000000000,0.000000000000000
"....Capiz","07.1.1.1 - New motor cars (D)",0.000000000000000,0.000000000000000,0.000000000000000,0.000000000000000,0.000000000000000,0.000000000000000,0.000000000000000,0.000000000000000,0.000000000000000,0.000000000000000,0.000000000000000,0.000000000000000,0.000000000000000
"....Capiz","07.1.2 - Motorcycles (D)",96.153846153846200,96.153846153846200,96.153846153846200,96.153846153846200,96.153846153846200,96.153846153846200,96.153846153846200,96.153846153846200,96.153846153846200,96.153846153846200,96.153846153846200,96.153846153846200,96.153846153846200
"....Capiz","07.1.2.0 - Motorcycles (D)",96.153846153846200,96.153846153846200,96.153846153846200,96.153846153846200,96.153846153846200,96.153846153846200,96.153846153846200,96.153846153846200,96.153846153846200,96.153846153846200,96.153846153846200,96.153846153846200,96.153846153846200
"....Capiz","07.1.3 - Bicycles (D)",97.181729834791100,97.181729834791100,97.181729834791100,97.181729834791100,97.181729834791100,97.181729834791100,97.181729834791100,97.181729834791100,97.181729834791100,97.181729834791100,97.181729834791100,97.181729834791100,97.181729834791100
"....Capiz","07.1.3.0 - Bicycles (D)",97.181729834791100,97.181729834791100,97.181729834791100,97.181729834791100,97.181729834791100,97.181729834791100,97.181729834791100,97.181729834791100,97.181729834791100,97.181729834791100,97.181729834791100,97.181729834791100,97.181729834791100
"....Capiz","07.2 - OPERATION OF PERSONAL TRANSPORT EQUIPMENT",102.733964248160000,103.785488958991000,105.783385909569000,102.628811777077000,100.630914826498000,103.470031545741000,106.098843322818000,107.150368033649000,108.832807570978000,106.098843322818000,105.783385909569000,104.731861198738000,104.810725552051000
"....Capiz","07.2.1 - Parts and accessories for personal transport equipment (SD)",89.864176570458400,89.864176570458400,89.864176570458400,89.864176570458400,89.864176570458400,90.373514431239400,90.373514431239400,90.373514431239400,90.373514431239400,90.373514431239400,90.373514431239400,90.373514431239400,90.161290322580700
"....Capiz","07.2.1.1 - Tires (SD)",0.000000000000000,0.000000000000000,0.000000000000000,0.000000000000000,0.000000000000000,0.000000000000000,0.000000000000000,0.000000000000000,0.000000000000000,0.000000000000000,0.000000000000000,0.000000000000000,0.000000000000000
"....Capiz","07.2.1.2 - Parts for personal transport equipment (SD)",..,..,..,..,..,..,..,..,..,..,..,..,..
"....Capiz","07.2.1.3 - Accessories for personal transport equipment (SD)",..,..,..,..,..,..,..,..,..,..,..,..,..
"....Capiz","07.2.2 - Fuels and lubricants for personal transport equipment (ND)",105.464480874317000,106.885245901639000,109.398907103825000,105.355191256831000,102.841530054645000,106.448087431694000,109.726775956284000,111.038251366120000,113.224043715847000,109.726775956284000,109.289617486339000,107.978142076503000,108.114754098361000
"....Capiz","07.2.2.1 - Diesel (ND)",0.000000000000000,0.000000000000000,0.000000000000000,0.000000000000000,0.000000000000000,0.000000000000000,0.000000000000000,0.000000000000000,0.000000000000000,0.000000000000000,0.000000000000000,0.000000000000000,0.000000000000000
"....Capiz","07.2.2.2 - Gasoline (ND)",0.000000000000000,0.000000000000000,0.000000000000000,0.000000000000000,0.000000000000000,0.000000000000000,0.000000000000000,0.000000000000000,0.000000000000000,0.000000000000000,0.000000000000000,0.000000000000000,0.000000000000000
"....Capiz","07.2.2.3 - Other fuels for personal transport equipment (ND)",..,..,..,..,..,..,..,..,..,..,..,..,..
"....Capiz","07.2.2.4 - Lubricants (ND)",96.998872293546400,96.998872293546400,96.998872293546400,96.998872293546400,96.998872293546400,97.115175824674100,97.227822144489800,97.345476953272000,97.345476953272000,97.345476953272000,97.345476953272000,98.201089071505600,97.243363026790800
"....Capiz","07.2.3 - Maintenance and repair of personal transport equipment (S)",95.877277085330800,95.877277085330800,95.877277085330800,95.877277085330800,95.877277085330800,95.877277085330800,95.877277085330800,95.877277085330800,95.877277085330800,95.877277085330800,95.877277085330800,95.877277085330800,95.877277085330800
"....Capiz","07.2.3.0 - Maintenance and repair of personal transport equipment (S)",95.877277085330800,95.877277085330800,95.877277085330800,95.877277085330800,95.877277085330800,95.877277085330800,95.877277085330800,95.877277085330800,95.877277085330800,95.877277085330800,95.877277085330800,95.877277085330800,95.877277085330800
"....Capiz","07.2.4 - Other services in respect of personal transport equipment (S)",..,..,..,..,..,..,..,..,..,..,..,..,..
"....Capiz","07.2.4.2 - Toll facilities (S)",..,..,..,..,..,..,..,..,..,..,..,..,..
"....Capiz","07.2.4.3 - Driving lessons, tests, licences, and road worthiness tests (S)",..,..,..,..,..,..,..,..,..,..,..,..,..
"....Capiz","07.3 - PASSENGER TRANSPORT SERVICES",91.636029411764700,91.636029411764700,91.911764705882400,91.911764705882400,91.911764705882400,91.911764705882400,91.911764705882400,91.360294117647100,91.360294117647100,91.360294117647100,91.360294117647100,91.360294117647100,91.636029411764700
"....Capiz","07.3.1 - Passenger transport by railway (S)",..,..,..,..,..,..,..,..,..,..,..,..,..
"....Capiz","07.3.1.1 - Passenger transport by train (S)",..,..,..,..,..,..,..,..,..,..,..,..,..
"....Capiz","07.3.1.2 - Passenger transport by rapid transit and tram (S)",..,..,..,..,..,..,..,..,..,..,..,..,..
"....Capiz","07.3.2 - Passenger transport by road (S)",99.800598205383800,99.800598205383800,99.800598205383800,99.800598205383800,99.800598205383800,99.800598205383800,99.800598205383800,99.800598205383800,99.800598205383800,99.800598205383800,99.800598205383800,99.800598205383800,99.800598205383800
"....Capiz","07.3.2.1 - Passenger transport by bus and coach (S)",98.139106395624900,98.139106395624900,98.139106395624900,98.139106395624900,98.139106395624900,98.139106395624900,98.139106395624900,98.139106395624900,98.139106395624900,98.139106395624900,98.139106395624900,98.139106395624900,98.139106395624900
"....Capiz","07.3.2.2 - Passenger transport by taxi and hired car with driver (S)",99.952284526447000,99.952284526447000,99.952284526447000,99.952284526447000,99.952284526447000,99.952284526447000,99.952284526447000,99.952284526447000,99.952284526447000,99.952284526447000,99.952284526447000,99.952284526447000,99.952284526447000
"....Capiz","07.3.2.9 - Other passenger transport by road (S)",100.000000000000000,100.000000000000000,100.000000000000000,100.000000000000000,100.000000000000000,100.000000000000000,100.000000000000000,100.000000000000000,100.000000000000000,100.000000000000000,100.000000000000000,100.000000000000000,100.000000000000000
"....Capiz","07.3.3 - Passenger transport by air (S)",65.344481605351200,65.344481605351200,66.374581939799300,66.374581939799300,66.374581939799300,66.374581939799300,66.374581939799300,64.307692307692300,64.307692307692300,64.307692307692300,64.307692307692300,64.307692307692300,65.341694537346700
"....Capiz","07.3.3.1 - Passenger transport by air, domestic (S)",65.344244258399100,65.344244258399100,66.372644054964700,66.372644054964700,66.372644054964700,66.372644054964700,66.372644054964700,64.304906320097400,64.304906320097400,64.304906320097400,64.304906320097400,64.304906320097400,65.339686699342400
"....Capiz","07.3.4 - Passenger transport by sea and inland waterway (S)",82.644628099173500,82.644628099173500,82.644628099173500,82.644628099173500,82.644628099173500,82.644628099173500,82.644628099173500,82.644628099173500,82.644628099173500,82.644628099173500,82.644628099173500,82.644628099173500,82.644628099173600
"....Capiz","07.3.4.0 - Passenger transport by sea and inland waterway (S)",82.644628099173500,82.644628099173500,82.644628099173500,82.644628099173500,82.644628099173500,82.644628099173500,82.644628099173500,82.644628099173500,82.644628099173500,82.644628099173500,82.644628099173500,82.644628099173500,82.644628099173600
"....Capiz","07.4 - TRANSPORT SERVICES OF GOODS",83.752093802345100,83.752093802345100,83.752093802345100,83.752093802345100,83.752093802345100,83.752093802345100,83.752093802345100,83.752093802345100,83.752093802345100,83.752093802345100,83.752093802345100,91.038525963149100,84.359296482412000
"....Capiz","07.4.1 - Postal and courier services (S)",83.752093802345100,83.752093802345100,83.752093802345100,83.752093802345100,83.752093802345100,83.752093802345100,83.752093802345100,83.752093802345100,83.752093802345100,83.752093802345100,83.752093802345100,91.038525963149100,84.359296482412000
"....Capiz","07.4.1.1 - Letter handling services (S)",0.000000000000000,0.000000000000000,0.000000000000000,0.000000000000000,0.000000000000000,0.000000000000000,0.000000000000000,0.000000000000000,0.000000000000000,0.000000000000000,0.000000000000000,0.000000000000000,0.000000000000000
"....Capiz","07.4.1.2 - Courier and parcel delivery services (S)",72.098053352559500,72.098053352559500,72.098053352559500,72.098053352559500,72.098053352559500,72.098053352559500,72.098053352559500,72.098053352559500,72.098053352559500,72.098053352559500,72.098053352559500,84.583772182467700,73.138529921718500
"....Capiz","08 - INFORMATION AND COMMUNICATION",100.595238095238000,100.595238095238000,100.595238095238000,100.595238095238000,100.595238095238000,100.595238095238000,100.595238095238000,100.595238095238000,100.595238095238000,100.595238095238000,100.595238095238000,100.595238095238000,100.595238095238000
"....Capiz","08.1 - INFORMATION AND COMMUNICATION EQUIPMENT",104.100000000000000,104.100000000000000,104.100000000000000,104.100000000000000,104.100000000000000,104.100000000000000,104.100000000000000,104.100000000000000,104.100000000000000,104.100000000000000,104.100000000000000,104.100000000000000,104.100000000000000
"....Capiz","08.1.1 - Fixed telephone equipment (D)",..,..,..,..,..,..,..,..,..,..,..,..,..
"....Capiz","08.1.1.0 - Fixed telephone equipment (D)",..,..,..,..,..,..,..,..,..,..,..,..,..
"....Capiz","08.1.2 - Mobile telephone equipment (D)",105.042016806723000,105.042016806723000,105.042016806723000,105.042016806723000,105.042016806723000,105.042016806723000,105.042016806723000,105.042016806723000,105.042016806723000,105.042016806723000,105.042016806723000,105.042016806723000,105.042016806723000
"....Capiz","08.1.2.0 - Mobile telephone equipment (D)",105.042016806723000,105.042016806723000,105.042016806723000,105.042016806723000,105.042016806723000,105.042016806723000,105.042016806723000,105.042016806723000,105.042016806723000,105.042016806723000,105.042016806723000,105.042016806723000,105.042016806723000
"....Capiz","08.1.3 - Information processing equipment (D)",101.490066225166000,101.490066225166000,101.490066225166000,101.490066225166000,101.490066225166000,101.490066225166000,101.490066225166000,101.490066225166000,101.490066225166000,101.490066225166000,101.490066225166000,101.490066225166000,101.490066225166000
"....Capiz","08.1.3.1 - Computers, laptops and tablets (D)",101.457961169653000,101.457961169653000,101.457961169653000,101.457961169653000,101.457961169653000,101.457961169653000,101.457961169653000,101.457961169653000,101.457961169653000,101.457961169653000,101.457961169653000,101.457961169653000,101.457961169653000
"....Capiz","08.1.3.2 - Peripheral equipment and its consumable components (D)",101.678528808265000,101.678528808265000,101.678528808265000,101.678528808265000,101.678528808265000,101.678528808265000,101.678528808265000,101.678528808265000,101.678528808265000,101.678528808265000,101.678528808265000,101.678528808265000,101.678528808265000
"....Capiz","08.1.4 - Equipment for the reception, recording and reproduction of sound and vision (D)",105.536723163842000,105.536723163842000,105.536723163842000,105.536723163842000,105.536723163842000,105.536723163842000,105.536723163842000,105.536723163842000,105.536723163842000,105.536723163842000,105.536723163842000,105.536723163842000,105.536723163842000
"....Capiz","08.1.4.0 - Equipment for the reception, recording and reproduction of sound and vision (D)",105.536723163842000,105.536723163842000,105.536723163842000,105.536723163842000,105.536723163842000,105.536723163842000,105.536723163842000,105.536723163842000,105.536723163842000,105.536723163842000,105.536723163842000,105.536723163842000,105.536723163842000
"....Capiz","08.1.5 - Unrecorded recording media (SD)",112.739571589628000,112.739571589628000,112.739571589628000,112.739571589628000,112.739571589628000,112.739571589628000,112.739571589628000,112.739571589628000,112.739571589628000,112.739571589628000,112.739571589628000,112.739571589628000,112.739571589628000
"....Capiz","08.1.5.0 - Unrecorded recording media (SD)",112.739571589628000,112.739571589628000,112.739571589628000,112.739571589628000,112.739571589628000,112.739571589628000,112.739571589628000,112.739571589628000,112.739571589628000,112.739571589628000,112.739571589628000,112.739571589628000,112.739571589628000
"....Capiz","08.3 - INFORMATION AND COMMUNICATION SERVICES",98.913043478260900,98.913043478260900,98.913043478260900,98.913043478260900,98.913043478260900,98.913043478260900,98.913043478260900,98.913043478260900,98.913043478260900,98.913043478260900,98.913043478260900,98.913043478260900,98.913043478260900
"....Capiz","08.3.1 - Fixed communication services (S)",100.039777489347000,100.039777489347000,100.039777489347000,100.039777489347000,100.039777489347000,100.039777489347000,100.039777489347000,100.039777489347000,100.039777489347000,100.039777489347000,100.039777489347000,100.039777489347000,100.039777489347000
"....Capiz","08.3.1.0 - Fixed communication services (S)",100.039777489347000,100.039777489347000,100.039777489347000,100.039777489347000,100.039777489347000,100.039777489347000,100.039777489347000,100.039777489347000,100.039777489347000,100.039777489347000,100.039777489347000,100.039777489347000,100.039777489347000
"....Capiz","08.3.2 - Mobile communication services (S)",98.619329388560100,98.619329388560100,98.619329388560100,98.619329388560100,98.619329388560100,98.619329388560100,98.619329388560100,98.619329388560100,98.619329388560100,98.619329388560100,98.619329388560100,98.619329388560100,98.619329388560100
"....Capiz","08.3.2.0 - Mobile communication services (S)",98.619329388560100,98.619329388560100,98.619329388560100,98.619329388560100,98.619329388560100,98.619329388560100,98.619329388560100,98.619329388560100,98.619329388560100,98.619329388560100,98.619329388560100,98.619329388560100,98.619329388560100
"....Capiz","08.3.3 - Internet access provision services and net storage services (S)",100.000000000000000,100.000000000000000,100.000000000000000,100.000000000000000,100.000000000000000,100.000000000000000,100.000000000000000,100.000000000000000,100.000000000000000,100.000000000000000,100.000000000000000,100.000000000000000,100.000000000000000
"....Capiz","08.3.3.0 - Internet access provision services and net storage services (S)",100.000000000000000,100.000000000000000,100.000000000000000,100.000000000000000,100.000000000000000,100.000000000000000,100.000000000000000,100.000000000000000,100.000000000000000,100.000000000000000,100.000000000000000,100.000000000000000,100.000000000000000
"....Capiz","08.3.5 - Repair and rental of information and communication equipment (S)",100.794384474864000,100.794384474864000,100.794384474864000,100.794384474864000,100.794384474864000,100.794384474864000,100.794384474864000,100.794384474864000,100.794384474864000,100.794384474864000,100.794384474864000,100.794384474864000,100.794384474864000
"....Capiz","08.3.5.0 - Repair and rental of information and communication equipment (S)",100.794384474864000,100.794384474864000,100.794384474864000,100.794384474864000,100.794384474864000,100.794384474864000,100.794384474864000,100.794384474864000,100.794384474864000,100.794384474864000,100.794384474864000,100.794384474864000,100.794384474864000
"....Capiz","09 - RECREATION, SPORT AND CULTURE",87.971905179982400,87.971905179982400,87.884108867427600,87.884108867427600,87.884108867427600,95.258999122036900,95.258999122036900,96.839332748024600,96.839332748024600,96.927129060579500,97.102721685689200,97.102721685689200,92.910447761194000
"....Capiz","09.1 - RECREATIONAL DURABLES",..,..,..,..,..,..,..,..,..,..,..,..,..
"....Capiz","09.1.1 - Photographic and cinematographic equipment and optical instruments (D)",..,..,..,..,..,..,..,..,..,..,..,..,..
"....Capiz","09.1.1.1 - Cameras (D)",..,..,..,..,..,..,..,..,..,..,..,..,..
"....Capiz","09.2 - OTHER RECREATIONAL GOODS",103.516028955533000,103.516028955533000,102.998965873837000,102.998965873837000,102.998965873837000,102.998965873837000,102.998965873837000,102.998965873837000,102.998965873837000,103.309203722854000,103.309203722854000,103.309203722854000,103.162702516374000
"....Capiz","09.2.1 - Games, toys and hobbies (SD)",102.354145342886000,102.354145342886000,102.354145342886000,102.354145342886000,102.354145342886000,102.354145342886000,102.354145342886000,102.354145342886000,102.354145342886000,102.354145342886000,102.354145342886000,102.354145342886000,102.354145342886000
"....Capiz","09.2.1.2 - Other games, toys and hobbies (SD)",102.354145342886000,102.354145342886000,102.354145342886000,102.354145342886000,102.354145342886000,102.354145342886000,102.354145342886000,102.354145342886000,102.354145342886000,102.354145342886000,102.354145342886000,102.354145342886000,102.354145342886000
"....Capiz","09.2.2 - Equipment for sport, camping and open-air recreation (SD)",..,..,..,..,..,..,..,..,..,..,..,..,..
"....Capiz","09.2.2.1 - Equipment for sport (SD)",..,..,..,..,..,..,..,..,..,..,..,..,..
"....Capiz","09.2.2.2 - Equipment for camping and open-air recreation (SD)",..,..,..,..,..,..,..,..,..,..,..,..,..
"....Capiz","09.3 - GARDEN PRODUCTS AND PETS",104.806687565308000,104.806687565308000,103.657262277952000,103.657262277952000,103.657262277952000,103.657262277952000,103.657262277952000,103.657262277952000,103.657262277952000,104.284221525601000,104.284221525601000,104.284221525601000,104.005572971090000
"....Capiz","09.3.1 - Garden products, plants and flowers (ND)",111.074197120709000,111.074197120709000,108.637873754153000,108.637873754153000,108.637873754153000,108.637873754153000,108.637873754153000,108.637873754153000,108.637873754153000,109.302325581395000,109.302325581395000,109.302325581395000,109.210040605389000
"....Capiz","09.3.1.1 - Garden products (ND)",109.170305676856000,109.170305676856000,104.415140227094000,104.415140227094000,104.415140227094000,104.415140227094000,104.415140227094000,104.415140227094000,104.415140227094000,104.415140227094000,104.415140227094000,104.415140227094000,105.207667802054000
"....Capiz","09.3.1.2 - Plants, seeds and flowers (ND)",113.052198755892000,113.052198755892000,113.052198755892000,113.052198755892000,113.052198755892000,113.052198755892000,113.052198755892000,113.052198755892000,113.052198755892000,114.520595822662000,114.529457640968000,114.529457640968000,113.420774992302000
"....Capiz","09.3.2 - Pets and products for pets (ND)",99.159248269040600,99.159248269040600,99.159248269040600,99.159248269040600,99.159248269040600,99.159248269040600,99.159248269040600,99.159248269040600,99.159248269040600,99.713155291790300,99.713155291790300,99.713155291790300,99.297725024728000
"....Capiz","09.3.2.2 - Products for pets and other household animals (ND)",99.154491092139600,99.154491092139600,99.154491092139600,99.154491092139600,99.154491092139600,99.154491092139600,99.154491092139600,99.154491092139600,99.154491092139600,99.714158962838400,99.714158962838400,99.714158962838400,99.294408059814300
"....Capiz","09.4 - RECREATIONAL SERVICES",46.382189239332100,46.382189239332100,46.382189239332100,46.382189239332100,46.382189239332100,92.300556586270900,92.300556586270900,92.300556586270900,92.300556586270900,92.300556586270900,92.300556586270900,92.300556586270900,73.167903525046400
"....Capiz","09.4.6 - Recreational and sporting services (S)",98.814229249011900,98.814229249011900,98.814229249011900,98.814229249011900,98.814229249011900,98.814229249011900,98.814229249011900,98.814229249011900,98.814229249011900,98.814229249011900,98.814229249011900,98.814229249011900,98.814229249011900
"....Capiz","09.4.6.2 - Sporting services - practice (S)",98.814229249011900,98.814229249011900,98.814229249011900,98.814229249011900,98.814229249011900,98.814229249011900,98.814229249011900,98.814229249011900,98.814229249011900,98.814229249011900,98.814229249011900,98.814229249011900,98.814229249011900
"....Capiz","09.4.7 - Games of chance (S)",46.146746654360900,46.146746654360900,46.146746654360900,46.146746654360900,46.146746654360900,92.293493308721700,92.293493308721700,92.293493308721700,92.293493308721700,92.293493308721700,92.293493308721700,92.293493308721700,73.065682202738000
"....Capiz","09.4.7.0 - Games of chance (S)",46.146746654360900,46.146746654360900,46.146746654360900,46.146746654360900,46.146746654360900,92.293493308721700,92.293493308721700,92.293493308721700,92.293493308721700,92.293493308721700,92.293493308721700,92.293493308721700,73.065682202738000
"....Capiz","09.5 - CULTURAL GOODS",95.399061032863800,95.399061032863800,95.399061032863800,95.399061032863800,95.399061032863800,95.399061032863800,95.399061032863800,95.399061032863800,95.399061032863800,95.399061032863800,95.399061032863800,95.399061032863800,95.399061032863900
"....Capiz","09.5.1 - Musical instruments (D)",95.380281690140800,95.380281690140800,95.380281690140800,95.380281690140800,95.380281690140800,95.380281690140800,95.380281690140800,95.380281690140800,95.380281690140800,95.380281690140800,95.380281690140800,95.380281690140800,95.380281690140800
"....Capiz","09.5.1.0 - Musical instruments (D)",95.376229874988500,95.376229874988500,95.376229874988500,95.376229874988500,95.376229874988500,95.376229874988500,95.376229874988500,95.376229874988500,95.376229874988500,95.376229874988500,95.376229874988500,95.376229874988500,95.376229874988500
"....Capiz","09.6 - CULTURAL SERVICES",69.252077562326900,69.252077562326900,69.252077562326900,69.252077562326900,69.252077562326900,69.252077562326900,69.252077562326900,76.939058171745100,76.939058171745100,76.939058171745100,76.939058171745100,76.939058171745100,72.454986149584500
"....Capiz","09.6.1 - Services provided by cinemas, theatres and concert venues (S)",69.252077562326900,69.252077562326900,69.252077562326900,69.252077562326900,69.252077562326900,69.252077562326900,69.252077562326900,76.946752847029900,76.946752847029900,76.946752847029900,76.946752847029900,76.946752847029900,72.458192264286400
"....Capiz","09.6.1.0 - Services provided by cinemas, theatres and concert venues (S)",69.252077562326900,69.252077562326900,69.252077562326900,69.252077562326900,69.252077562326900,69.252077562326900,69.252077562326900,76.946752847029900,76.946752847029900,76.946752847029900,76.946752847029900,76.946752847029900,72.458192264286400
"....Capiz","09.6.3 - Photographic services (S)",..,..,..,..,..,..,..,..,..,..,..,..,..
"....Capiz","09.6.3.0 - Photographic services (S)",..,..,..,..,..,..,..,..,..,..,..,..,..
"....Capiz","09.6.9 - Other cultural services (S)",0.000000000000000,0.000000000000000,0.000000000000000,0.000000000000000,0.000000000000000,0.000000000000000,0.000000000000000,0.000000000000000,0.000000000000000,0.000000000000000,0.000000000000000,0.000000000000000,0.000000000000000
"....Capiz","09.6.9.0 - Other cultural services (S)",0.000000000000000,0.000000000000000,0.000000000000000,0.000000000000000,0.000000000000000,0.000000000000000,0.000000000000000,0.000000000000000,0.000000000000000,0.000000000000000,0.000000000000000,0.000000000000000,0.000000000000000
"....Capiz","09.7 - NEWSPAPERS, BOOKS AND STATIONERY",94.981060606060600,94.981060606060600,94.981060606060600,94.981060606060600,94.981060606060600,94.981060606060600,94.981060606060600,97.159090909090900,97.159090909090900,97.159090909090900,97.443181818181800,97.443181818181800,95.935921717171700
"....Capiz","09.7.1 - Books (SD)",92.592592592592600,92.592592592592600,92.592592592592600,92.592592592592600,92.592592592592600,92.592592592592600,92.592592592592600,97.222222222222200,97.222222222222200,97.222222222222200,97.222222222222200,97.222222222222200,94.521604938271600
"....Capiz","09.7.1.1 - Educational and textbooks in printed or electronic copy (SD)",0.000000000000000,0.000000000000000,0.000000000000000,0.000000000000000,0.000000000000000,0.000000000000000,0.000000000000000,0.000000000000000,0.000000000000000,0.000000000000000,0.000000000000000,0.000000000000000,0.000000000000000
"....Capiz","09.7.1.9 - Other books (SD) in printed or electronic copy",..,..,..,..,..,..,..,..,..,..,..,..,..
"....Capiz","09.7.2 - Newspapers and periodicals (ND)",100.039960039960000,100.039960039960000,100.039960039960000,100.039960039960000,100.039960039960000,100.039960039960000,100.039960039960000,100.039960039960000,100.039960039960000,100.039960039960000,100.039960039960000,100.039960039960000,100.039960039960000
"....Capiz","09.7.2.1 - Newspapers (ND)",100.035641691496000,100.035641691496000,100.035641691496000,100.035641691496000,100.035641691496000,100.035641691496000,100.035641691496000,100.035641691496000,100.035641691496000,100.035641691496000,100.035641691496000,100.035641691496000,100.035641691496000
"....Capiz","09.7.2.2 - Magazines and periodicals (ND)",..,..,..,..,..,..,..,..,..,..,..,..,..
"....Capiz","09.7.4 - Stationery and drawing materials (ND)",96.172248803827800,96.172248803827800,96.172248803827800,96.172248803827800,96.172248803827800,96.172248803827800,96.172248803827800,96.937799043062200,96.937799043062200,96.937799043062200,97.416267942583700,97.416267942583700,96.570972886762400
"....Capiz","09.7.4.0 - Stationery and drawing materials (ND)",96.172248803827800,96.172248803827800,96.172248803827800,96.172248803827800,96.172248803827800,96.172248803827800,96.172248803827800,96.937799043062200,96.937799043062200,96.937799043062200,97.416267942583700,97.416267942583700,96.570972886762400
"....Capiz","09.8 - PACKAGE HOLIDAYS (S)",..,..,..,..,..,..,..,..,..,..,..,..,..
"....Capiz","09.8.0 - Package holidays (S)",..,..,..,..,..,..,..,..,..,..,..,..,..
"....Capiz","09.8.0.0 - Package holidays (S)",..,..,..,..,..,..,..,..,..,..,..,..,..
"....Capiz","10 - EDUCATION SERVICES",90.206648697214700,90.206648697214700,90.206648697214700,90.206648697214700,90.206648697214700,91.913746630727800,91.913746630727800,91.913746630727800,91.913746630727800,91.913746630727800,91.913746630727800,91.913746630727800,91.202455825097300
"....Capiz","10.1 - EARLY CHILDHOOD AND PRIMARY EDUCATION",85.836909871244600,85.836909871244600,85.836909871244600,85.836909871244600,85.836909871244600,88.583690987124500,88.583690987124500,88.583690987124500,88.583690987124500,88.583690987124500,88.583690987124500,88.583690987124500,87.439198855507900
"....Capiz","10.1.0 - Early chilhood and primary education (S)",86.355785837651100,86.355785837651100,86.355785837651100,86.355785837651100,86.355785837651100,91.865284974093300,91.865284974093300,91.865284974093300,91.865284974093300,91.865284974093300,91.865284974093300,91.865284974093300,89.569660333909000
"....Capiz","10.1.0.1 - Early childhood education services (S)",86.355785837651100,86.355785837651100,86.355785837651100,86.355785837651100,86.355785837651100,91.867943395060300,91.867943395060300,91.867943395060300,91.867943395060300,91.867943395060300,91.867943395060300,91.867943395060300,89.571211079473200
"....Capiz","10.1.0.2 - Primary education (S)",85.689802913453300,85.689802913453300,85.689802913453300,85.689802913453300,85.689802913453300,87.437874892887700,87.437874892887700,87.437874892887700,87.437874892887700,87.437874892887700,87.437874892887700,87.437874892887700,86.709511568123400
"....Capiz","10.2 - SECONDARY EDUCATION  (S)",73.823743627093900,73.823743627093900,73.823743627093900,73.823743627093900,73.823743627093900,76.627822286962800,76.627822286962800,76.627822286962800,76.627822286962800,76.627822286962800,76.627822286962800,76.627822286962800,75.459456178684100
"....Capiz","10.2.0 - Secondary education (S)",73.823743627093900,73.823743627093900,73.823743627093900,73.823743627093900,73.823743627093900,76.627822286962800,76.627822286962800,76.627822286962800,76.627822286962800,76.627822286962800,76.627822286962800,76.627822286962800,75.459456178684100
"....Capiz","10.2.0.1 - Lower secondary general education services",0.000000000000000,0.000000000000000,0.000000000000000,0.000000000000000,0.000000000000000,0.000000000000000,0.000000000000000,0.000000000000000,0.000000000000000,0.000000000000000,0.000000000000000,0.000000000000000,0.000000000000000
"....Capiz","10.2.0.2 - Lower secondary technical-vocational livelihood programs services",92.101636520241200,92.101636520241200,92.101636520241200,92.101636520241200,92.101636520241200,93.126614987080100,93.126614987080100,93.126614987080100,93.126614987080100,93.126614987080100,93.126614987080100,93.126614987080100,92.699540625897200
"....Capiz","10.4 - TERTIARY EDUCATION (S)",96.899224806201600,96.899224806201600,96.899224806201600,96.899224806201600,96.899224806201600,97.965116279069800,97.965116279069800,97.965116279069800,97.965116279069800,97.965116279069800,97.965116279069800,97.965116279069800,97.520994832041300
"....Capiz","10.4.0 - Tertiary education (s)",96.899224806201600,96.899224806201600,96.899224806201600,96.899224806201600,96.899224806201600,97.965116279069800,97.965116279069800,97.965116279069800,97.965116279069800,97.965116279069800,97.965116279069800,97.965116279069800,97.520994832041300
"....Capiz","10.4.0.0 - Tertiary education (s)",96.899224806201600,96.899224806201600,96.899224806201600,96.899224806201600,96.899224806201600,97.965116279069800,97.965116279069800,97.965116279069800,97.965116279069800,97.965116279069800,97.965116279069800,97.965116279069800,97.520994832041300
"....Capiz","10.5 - EDUCATION NOT DEFINED BY LEVEL (S)",..,..,..,..,..,..,..,..,..,..,..,..,..
"....Capiz","10.5.0 - Education not defined by level (s)",..,..,..,..,..,..,..,..,..,..,..,..,..
"....Capiz","10.5.0.2 - Review classes for professional and licensure examination (S)",..,..,..,..,..,..,..,..,..,..,..,..,..
"....Capiz","10.5.0.9 - Other education not defined by level (S)",..,..,..,..,..,..,..,..,..,..,..,..,..
"....Capiz","11 - RESTAURANTS AND ACCOMMODATION SERVICES",95.238095238095200,95.238095238095200,95.904761904761900,95.904761904761900,96.571428571428600,96.571428571428600,96.571428571428600,98.095238095238100,98.095238095238100,98.095238095238100,98.476190476190500,98.476190476190500,96.936507936507900
"....Capiz","11.1 - FOOD AND BEVERAGE SERVING SERVICES",95.238095238095200,95.238095238095200,95.885714285714300,95.885714285714300,96.523809523809500,96.523809523809500,96.523809523809500,98.066666666666700,98.066666666666700,98.066666666666700,98.476190476190500,98.476190476190500,96.914285714285700
"....Capiz","11.1.1 - Restaurants, café and the like (S)",95.238095238095200,95.238095238095200,95.885714285714300,95.885714285714300,96.523809523809500,96.523809523809500,96.523809523809500,98.066666666666700,98.066666666666700,98.066666666666700,98.476190476190500,98.476190476190500,96.914285714285700
"....Capiz","11.1.1.1 - Restaurants, café and the like - with full service (S)",95.238095238095200,95.238095238095200,95.881937846722200,95.881937846722200,96.521485825203100,96.521485825203100,96.521485825203100,98.062335152045700,98.062335152045700,98.062335152045700,98.474007463977900,98.474007463977900,96.911628669111400
"....Capiz","11.2 - ACCOMMODATION SERVICES",0.000000000000000,0.000000000000000,0.000000000000000,0.000000000000000,0.000000000000000,0.000000000000000,0.000000000000000,0.000000000000000,0.000000000000000,0.000000000000000,0.000000000000000,0.000000000000000,0.000000000000000
"....Capiz","11.2.0 - Accommodation services (S)",0.000000000000000,0.000000000000000,0.000000000000000,0.000000000000000,0.000000000000000,0.000000000000000,0.000000000000000,0.000000000000000,0.000000000000000,0.000000000000000,0.000000000000000,0.000000000000000,0.000000000000000
"....Capiz","11.2.0.1 - Hotels, motels, inns and similar accommodation services (S)",0.000000000000000,0.000000000000000,0.000000000000000,0.000000000000000,0.000000000000000,0.000000000000000,0.000000000000000,0.000000000000000,0.000000000000000,0.000000000000000,0.000000000000000,0.000000000000000,0.000000000000000
"....Capiz","12 - FINANCIAL SERVICES",0.000000000000000,0.000000000000000,0.000000000000000,0.000000000000000,0.000000000000000,0.000000000000000,0.000000000000000,0.000000000000000,0.000000000000000,0.000000000000000,0.000000000000000,0.000000000000000,0.000000000000000
"....Capiz","12.2 - FINANCIAL SERVICES",0.000000000000000,0.000000000000000,0.000000000000000,0.000000000000000,0.000000000000000,0.000000000000000,0.000000000000000,0.000000000000000,0.000000000000000,0.000000000000000,0.000000000000000,0.000000000000000,0.000000000000000
"....Capiz","12.2.1 - Financial intermediation services indirectly measured (S)",0.000000000000000,0.000000000000000,0.000000000000000,0.000000000000000,0.000000000000000,0.000000000000000,0.000000000000000,0.000000000000000,0.000000000000000,0.000000000000000,0.000000000000000,0.000000000000000,0.000000000000000
"....Capiz","12.2.1.0 - Financial intermediation services indirectly measured (S)",0.000000000000000,0.000000000000000,0.000000000000000,0.000000000000000,0.000000000000000,0.000000000000000,0.000000000000000,0.000000000000000,0.000000000000000,0.000000000000000,0.000000000000000,0.000000000000000,0.000000000000000
"....Capiz","12.2.9 - Other financial services (S)",..,..,..,..,..,..,..,..,..,..,..,..,..
"....Capiz","12.2.9.1 - Remittances fees (S)",..,..,..,..,..,..,..,..,..,..,..,..,..
"....Capiz","13 - PERSONAL CARE, AND MISCELLANEOUS GOODS AND SERVICES",92.018348623853200,92.018348623853200,94.770642201834900,94.311926605504600,94.311926605504600,94.770642201834900,94.862385321100900,96.513761467889900,96.513761467889900,96.605504587156000,97.431192660550500,97.431192660550500,95.129969418960300
"....Capiz","13.1 - PERSONAL CARE",95.797516714422200,95.797516714422200,95.797516714422200,95.224450811843400,95.224450811843400,95.702005730659000,95.797516714422200,96.561604584527200,96.561604584527200,96.657115568290400,97.612225405921700,97.612225405921700,96.195479146768500
"....Capiz","13.1.1 - Electric appliances for personal care (SD)",..,..,..,..,..,..,..,..,..,..,..,..,..
"....Capiz","13.1.1.1 - Electric appliances for personal care (SD)",..,..,..,..,..,..,..,..,..,..,..,..,..
"....Capiz","13.1.2 - Other appliances, articles and products for personal care (ND)",95.251661918328600,95.251661918328600,95.251661918328600,95.251661918328600,95.251661918328600,95.821462488129200,95.916429249762600,96.771130104463400,96.771130104463400,96.771130104463400,97.910731244064600,97.910731244064600,96.177587844254500
"....Capiz","13.1.2.0 - Other appliances, articles and products for personal care (ND)",95.251661918328600,95.251661918328600,95.251661918328600,95.251661918328600,95.251661918328600,95.821462488129200,95.916429249762600,96.771130104463400,96.771130104463400,96.771130104463400,97.910731244064600,97.910731244064600,96.177587844254500
"....Capiz","13.1.3 - Hairdressing salons and personal grooming establishments (S)",99.503475670307800,99.503475670307800,99.503475670307800,95.332671300893800,95.332671300893800,95.332671300893800,95.332671300893800,95.332671300893800,95.332671300893800,96.127110228401200,96.127110228401200,96.127110228401200,96.573982125124100
"....Capiz","13.1.3.1 - Hairdressing (S)",0.000000000000000,0.000000000000000,0.000000000000000,0.000000000000000,0.000000000000000,0.000000000000000,0.000000000000000,0.000000000000000,0.000000000000000,0.000000000000000,0.000000000000000,0.000000000000000,0.000000000000000
"....Capiz","13.1.3.2 - Personal grooming treatments (S)",0.000000000000000,0.000000000000000,0.000000000000000,0.000000000000000,0.000000000000000,0.000000000000000,0.000000000000000,0.000000000000000,0.000000000000000,0.000000000000000,0.000000000000000,0.000000000000000,0.000000000000000
"....Capiz","13.2 - OTHER PERSONAL EFFECTS",69.034482758620700,69.034482758620700,88.827586206896600,88.827586206896600,88.827586206896600,88.965517241379300,88.965517241379300,96.068965517241400,96.068965517241400,96.068965517241400,96.068965517241400,96.068965517241400,88.568965517241400
"....Capiz","13.2.1 - Jewellery and watches (D)",88.255915863277800,88.255915863277800,94.390885188431200,94.390885188431200,94.390885188431200,96.143733567046500,96.143733567046500,98.422436459246300,98.422436459246300,98.422436459246300,98.422436459246300,98.422436459246300,95.340344726847800
"....Capiz","13.2.1.1 - Jewellery and watches (D)",95.239206787558100,95.239206787558100,95.239206787558100,95.239206787558100,95.239206787558100,98.081688046754300,98.081688046754300,98.081688046754300,98.081688046754300,98.081688046754300,98.081688046754300,98.081688046754300,96.897320855422600
"....Capiz","13.2.1.2 - Repair and hire of jewellery, clocks and watches (S)",76.875886079606000,76.875886079606000,93.053750157714700,93.053750157714700,93.053750157714700,93.053750157714700,93.053750157714700,99.167792434725700,99.167792434725700,99.167792434725700,99.167792434725700,99.167792434725700,92.904957093451200
"....Capiz","13.2.9 - Other personal effects n.e.c. (SD)",66.889632107023400,66.889632107023400,88.160535117056900,88.160535117056900,88.160535117056900,88.160535117056900,88.160535117056900,95.785953177257500,95.785953177257500,95.785953177257500,95.785953177257500,95.785953177257500,87.792642140468200
"....Capiz","13.2.9.1 - Travel goods and articles for babies and other personal effects n.e.c. (SD)",66.889632107023400,66.889632107023400,88.160535117056900,88.160535117056900,88.160535117056900,88.160535117056900,88.160535117056900,95.785953177257500,95.785953177257500,95.785953177257500,95.785953177257500,95.785953177257500,87.792642140468200
"....Capiz","13.9 - OTHER SERVICES",100.000000000000000,100.000000000000000,100.000000000000000,100.000000000000000,100.000000000000000,100.000000000000000,100.000000000000000,100.000000000000000,100.000000000000000,100.000000000000000,100.000000000000000,100.000000000000000,100.000000000000000
"....Capiz","13.9.0 - Other services (S)",100.000000000000000,100.000000000000000,100.000000000000000,100.000000000000000,100.000000000000000,100.000000000000000,100.000000000000000,100.000000000000000,100.000000000000000,100.000000000000000,100.000000000000000,100.000000000000000,100.000000000000000
"....Capiz","13.9.0.9 - Other services n.e.c. (S)",100.000000000000000,100.000000000000000,100.000000000000000,100.000000000000000,100.000000000000000,100.000000000000000,100.000000000000000,100.000000000000000,100.000000000000000,100.000000000000000,100.000000000000000,100.000000000000000,100.000000000000000
