"Geolocation","Commodity Description","2012 Jan","2012 Feb","2012 Mar","2012 Apr","2012 May","2012 Jun","2012 Jul","2012 Aug","2012 Sep","2012 Oct","2012 Nov","2012 Dec","2012 Ave"
"....Isabela","0 - ALL ITEMS",81.389578163771700,81.472291149710500,81.555004135649300,82.299421009098400,82.630272952853600,82.630272952853600,82.547559966914800,82.712985938792400,83.870967741935500,83.870967741935500,83.788254755996700,83.788254755996700,82.712985938792400
"....Isabela","01 - FOOD AND NON-ALCOHOLIC BEVERAGES",81.076672104404600,80.505709624796100,80.424143556280600,80.831973898858100,81.076672104404600,81.321370309951100,81.239804241435600,81.402936378466600,82.789559543230000,82.789559543230000,82.707993474714500,82.626427406199000,81.566068515497500
"....Isabela","01.1 - FOOD",80.355699272433300,79.708973322554600,79.628132578819700,80.032336297493900,80.274858528698500,80.598221503637800,80.436540016168200,80.679062247372700,82.134195634599800,82.134195634599800,82.053354890865000,82.053354890865000,80.840743734842300
"....Isabela","01.1.1 - Cereals and cereal products (ND)",80.016116035455300,80.016116035455300,79.935535858178900,80.096696212731700,80.016116035455300,80.741337630942800,80.580177276390000,80.580177276390000,81.305398871877500,81.305398871877500,81.224818694601100,81.224818694601100,80.586892291163000
"....Isabela","01.1.1.1 - Cereals (ND)",79.507663969036100,79.507663969036100,79.507663969036100,79.339702003607000,79.170650540351100,79.311602863629100,79.311602863629100,79.333892945255900,79.352812006839900,79.352812006839900,79.292758963868100,79.292758963868100,79.356798755416400
"....Isabela","01.1.1.12 - Rice",79.841430524911200,79.841430524911200,79.841430524911200,79.670279636116200,79.498018564304900,79.641647006286400,79.641647006286400,79.664360287070000,79.664360287070000,79.664360287070000,79.603167077921700,79.603167077921700,79.681274900398400
"....Isabela","01.1.1.16 - Corn",61.928035898188400,61.928035898188400,61.928035898188400,61.928035898188400,61.928035898188400,61.928035898188400,61.928035898188400,61.928035898188400,62.943430071618200,62.943430071618200,62.943430071618200,62.943430071618200,62.266500622665000
"....Isabela","01.1.1.20 - Flour, Bread and Other Bakery Products, Pasta Products,  and Other Cereals",81.872340425531900,81.872340425531900,81.446808510638300,82.723404255319200,83.148936170212800,86.042553191489400,85.106382978723400,85.191489361702100,88.425531914893600,88.510638297872300,88.425531914893600,88.425531914893600,85.099290780141900
"....Isabela","01.1.2 - Meat and other parts of slaughtered land animals (ND)",82.377049180327900,82.704918032786900,82.704918032786900,82.377049180327900,82.540983606557400,81.967213114754100,81.721311475409800,81.557377049180300,81.065573770491800,81.147540983606600,81.311475409836100,82.131147540983600,81.967213114754100
"....Isabela","01.1.2.2 - Meat, fresh, chilled or frozen (ND)",81.381934354828700,81.815340038026300,81.815340038026300,81.440413068662300,81.451689728115200,80.924243635248500,80.695122721015200,80.489525423267500,79.966935968165100,80.126068210474400,80.293449309430400,81.259856533080200,80.971659919028400
"....Isabela","01.1.2.3 - Meat, dried, salted, in brine or smoked (ND)",..,..,..,..,..,..,..,..,..,..,..,..,..
"....Isabela","01.1.2.4 - Offal, blood and other parts of slaughtered animals, fresh, chilled or frozen, dried, salted, in brine or smoked (ND)",103.017128191627000,103.017128191627000,103.017128191627000,98.435351078210800,105.124630355315000,95.445319461201100,95.445319461201100,91.183656984852500,91.183656984852500,91.183656984852500,91.183656984852500,91.183656984852500,96.618357487922700
"....Isabela","01.1.2.5 - Meat, offal, blood and other parts of slaughtered animals' preparations (ND)",82.068603221525500,82.068603221525500,82.068603221525500,82.983556593067100,82.983556593067100,82.983556593067100,82.983556593067100,82.983556593067100,83.063472703449200,83.063472703449200,83.063472703449200,83.063472703449200,82.781456953642400
"....Isabela","01.1.3 - Fish and other seafood (ND)",83.005977796754900,83.005977796754900,83.005977796754900,86.165670367207500,86.848847139197300,87.275832621690900,87.019641332194700,86.507258753202400,86.080273270708800,85.653287788215200,85.482493595217800,84.713919726729300,85.397096498719100
"....Isabela","01.1.3.1 - Fish, live, fresh, chilled or frozen (ND)",82.102111168968600,82.126822298101600,82.126822298101600,85.407063302240900,86.242987469921500,86.838142602878300,86.402187307850500,85.733731426340100,85.169232653783400,84.159467920773600,83.685691819413700,82.663967579727200,84.388185654008400
"....Isabela","01.1.3.2 - Fish, dried, salted, in brine or smoked (ND)",85.610554845405900,85.610554845405900,85.610554845405900,88.199012780220700,88.199012780220700,88.199012780220700,88.199012780220700,88.199012780220700,88.199012780220700,88.868612576608900,88.868612576608900,88.868612576608900,87.719298245614100
"....Isabela","01.1.3.3 - Fish preparations (ND)",83.947995607789100,83.947995607789100,83.947995607789100,87.031707886104100,88.685489878765600,89.216133514279500,89.478591866352600,89.478591866352600,89.423817244950900,90.816413630824000,91.580153503283800,91.580153503283800,88.261253309797000
"....Isabela","01.1.3.4 - Other seafood, live, fresh, chilled or frozen (ND)",93.565512127497200,92.615485415413400,92.615485415413400,94.976806229478300,90.385059205989900,88.569359476182000,89.503519801169200,88.174986947458400,88.174986947458400,88.174986947458400,88.627325797441300,88.627325797441300,90.334236675700100
"....Isabela","01.1.3.6 - Other seafood preparations (ND)",67.868391476632200,67.868391476632200,67.868391476632200,67.868391476632200,65.826524215807900,65.826524215807900,66.217410447506100,66.217410447506100,67.047350501824700,67.047350501824700,67.047350501824700,67.047350501824700,66.979236436704600
"....Isabela","01.1.4 - Milk, other dairy products and eggs (ND)",84.085106382978700,84.000000000000000,83.659574468085100,84.851063829787200,85.361702127659600,85.446808510638300,85.276595744680800,85.361702127659600,85.446808510638300,85.872340425531900,85.872340425531900,85.957446808510600,85.099290780141800
"....Isabela","01.1.4.1 - Raw and whole milk (ND)",..,..,..,..,..,..,..,..,..,..,..,..,..
"....Isabela","01.1.4.3 - Other milk and cream (ND)",84.540934138912000,84.540934138912000,84.671241097618200,84.369514550638000,84.395931863134000,84.470793919276300,84.213174327914500,84.213174327914500,84.345983917523000,84.579194668382700,84.466316399933500,84.706320163354700,84.459459459459400
"....Isabela","01.1.4.4 - Non-animal milk (ND)",..,..,..,..,..,..,..,..,..,..,..,..,..
"....Isabela","01.1.4.5 - Cheese (ND)",87.860548676407300,87.860548676407300,87.860548676407300,88.799815121054800,88.799815121054800,88.799815121054800,88.036661134778700,88.036661134778700,88.036661134778700,88.036661134778700,88.036661134778700,88.036661134778700,88.183421516754900
"....Isabela","01.1.4.6 - Yoghurt and similar products (ND)",..,..,..,..,..,..,..,..,..,..,..,..,..
"....Isabela","01.1.4.7 - Milk-based dessert and beverages (ND)",..,..,..,..,..,..,..,..,..,..,..,..,..
"....Isabela","01.1.4.8 - Eggs (ND)",83.268852113764900,83.211818635569400,82.230046968114600,85.415323969847100,86.556761864379300,86.755221303586100,86.755221303586100,86.874554633240000,86.874554633240000,87.583766051573100,87.700856787322900,87.700856787322900,85.910652920962200
"....Isabela","01.1.5 - Oils and fats (ND)",65.704697986577200,65.704697986577200,65.704697986577200,66.442953020134200,66.442953020134200,66.577181208053700,66.577181208053700,68.657718120805400,68.724832214765100,68.926174496644300,67.919463087248300,67.919463087248300,67.108501118568200
"....Isabela","01.1.5.1 - Vegetable oils (ND)",64.901965899936000,64.901965899936000,64.901965899936000,64.960402477909900,64.960402477909900,64.960402477909900,64.960402477909900,67.225225015672200,67.279697234281000,67.569511232032000,66.425871558546800,66.425871558546800,65.789473684210500
"....Isabela","01.1.5.2 - Butter and other fats and oils derived from milk (ND)",104.865040486710000,104.865040486710000,104.865040486710000,105.999903902695000,105.999903902695000,105.999903902695000,105.093843594771000,105.093843594771000,105.093843594771000,105.093843594771000,105.093843594771000,105.093843594771000,105.263157894737000
"....Isabela","01.1.5.3 - Margarine and similar preparations (ND)",73.413711544731000,73.413711544731000,73.413711544731000,80.721612070583600,80.721612070583600,82.288165369339100,82.288165369339100,82.288165369339100,82.288165369339100,82.288165369339100,82.288165369339100,82.288165369339100,79.808459696727900
"....Isabela","01.1.5.9 - Other animal oils and fats (ND)",..,..,..,..,..,..,..,..,..,..,..,..,..
"....Isabela","01.1.6 - Fruits and nuts (ND)",83.603757472245900,83.603757472245900,83.603757472245900,84.713919726729300,84.884713919726700,85.653287788215200,86.080273270708800,86.848847139197300,86.763450042698600,86.080273270708800,86.421861656703700,86.592655849701100,85.404212923427300
"....Isabela","01.1.6.1 - Dates, figs and tropical fruits, fresh (ND)",86.328388833712100,86.366250870556800,86.366250870556800,85.081965829457800,85.759133472604000,86.589851777432000,87.120519677500500,88.056061051487400,87.925667403502700,87.033905705807900,87.426249056789200,87.612422117259100,86.805555555555500
"....Isabela","01.1.6.2 - Citrus fruits, fresh (ND)",0.000000000000000,0.000000000000000,0.000000000000000,0.000000000000000,0.000000000000000,0.000000000000000,0.000000000000000,0.000000000000000,0.000000000000000,0.000000000000000,0.000000000000000,0.000000000000000,0.000000000000000
"....Isabela","01.1.6.3 - Stone fruits and pome fruits, fresh (ND)",0.000000000000000,0.000000000000000,0.000000000000000,0.000000000000000,0.000000000000000,0.000000000000000,0.000000000000000,0.000000000000000,0.000000000000000,0.000000000000000,0.000000000000000,0.000000000000000,0.000000000000000
"....Isabela","01.1.6.5 - Other fruits, fresh (ND)",..,..,..,..,..,..,..,..,..,..,..,..,..
"....Isabela","01.1.6.7 - Fruit, dried and dehydrated (ND)",..,..,..,..,..,..,..,..,..,..,..,..,..
"....Isabela","01.1.6.8 - Nuts, in shell or shelled (ND)",70.105734512453200,70.105734512453200,70.105734512453200,86.792827197687400,84.208468266210900,84.565414916035000,84.565414916035000,84.565414916035000,84.565414916035000,85.079021035173400,85.079021035173400,85.079021035173400,81.234768480909800
"....Isabela","01.1.6.9 - Fruit and nuts ground and other preparations (ND)",64.837677773922900,64.837677773922900,64.837677773922900,64.837677773922900,64.837677773922900,64.837677773922900,64.837677773922900,64.837677773922900,64.837677773922900,64.837677773922900,65.675158888670000,65.675158888670000,64.977257959714100
"....Isabela","01.1.7 - Vegetables, tubers, plantains, cooking bananas and pulses (ND)",72.501771793054600,66.123316796598200,65.981573352232500,64.138908575478400,65.343727852586800,66.477675407512400,65.981573352232500,67.540751240255100,79.588944011339500,79.447200566973800,78.738483345145300,78.667611622962400,70.877628159697600
"....Isabela","01.1.7.1 - Leafy or stem vegetables, fresh or chilled (ND)",81.215728050381900,66.377322654846000,67.434689531998800,62.119794767204300,61.913765229264700,63.721499292160900,63.792017160651800,64.609622210859600,74.001406694520600,74.739210431036300,72.741557901529800,72.642877134692500,68.775790921595600
"....Isabela","01.1.7.2 - Fruit-bearing vegetables, fresh or chilled (ND)",66.712607762224700,61.618118870846500,61.497549722629300,61.696109152290600,64.975040850209900,64.950258393696900,62.982671948220600,63.736042844148800,81.937126496048100,81.172736909842600,80.271906055113000,80.050662595560600,69.300069300069300
"....Isabela","01.1.7.3 - Green leguminous vegetables, fresh or chilled (ND)",0.000000000000000,0.000000000000000,0.000000000000000,0.000000000000000,0.000000000000000,0.000000000000000,0.000000000000000,0.000000000000000,0.000000000000000,0.000000000000000,0.000000000000000,0.000000000000000,0.000000000000000
"....Isabela","01.1.7.4 - Other vegetables, fresh or chilled (ND)",77.845839478457200,78.310584151869100,77.223189386536400,75.493315669640100,75.297837372302700,79.078839443425800,81.321542009576700,84.115783770088800,91.057904521434900,88.342335852450900,88.163140997375300,88.163140997375300,82.034454470877800
"....Isabela","01.1.7.5 - Tubers, plantains and cooking bananas (ND)",0.000000000000000,0.000000000000000,0.000000000000000,0.000000000000000,0.000000000000000,0.000000000000000,0.000000000000000,0.000000000000000,0.000000000000000,0.000000000000000,0.000000000000000,0.000000000000000,0.000000000000000
"....Isabela","01.1.7.9 - Vegetables, tubers, plantains, cooking bananas and pulses ground and other preparations (ND)",99.555049879111700,99.555049879111700,99.555049879111700,102.941276065476000,99.555049879111700,99.555049879111700,99.555049879111700,99.555049879111700,99.555049879111700,99.555049879111700,102.941276065476000,102.941276065476000,100.401606425703000
"....Isabela","01.1.8 - Sugar, confectionery and desserts (ND)",81.615120274914100,81.357388316151200,81.271477663230200,83.247422680412400,84.536082474226800,84.965635738831600,86.426116838488000,87.542955326460500,90.034364261168400,90.893470790378000,90.292096219931300,88.745704467353900,85.910652920962200
"....Isabela","01.1.8.1 - Cane and beet sugar (ND)",80.599192748560400,80.211779048085000,80.055751639770700,81.926214972147100,83.776122273963000,84.335950923387400,86.495467749545100,88.064883224888700,91.614109620014200,92.907766727654600,92.012990298482000,89.814044204284300,85.984522785898500
"....Isabela","01.1.8.3 - Jams, fruit jellies, marmalades, fruit purée and pastes, honey (ND)",90.661831368993600,90.661831368993600,90.661831368993600,90.661831368993600,90.661831368993600,90.661831368993600,90.661831368993600,90.661831368993600,90.661831368993600,90.661831368993600,90.661831368993600,90.661831368993600,90.661831368993600
"....Isabela","01.1.8.4 - Nut purée, nut butter and nut pastes (ND)",0.000000000000000,0.000000000000000,0.000000000000000,0.000000000000000,0.000000000000000,0.000000000000000,0.000000000000000,0.000000000000000,0.000000000000000,0.000000000000000,0.000000000000000,0.000000000000000,0.000000000000000
"....Isabela","01.1.8.5 - Chocolate, cocoa, and cocoa-based food products (ND)",83.822296730930400,83.822296730930400,83.822296730930400,83.822296730930400,83.822296730930400,83.822296730930400,83.822296730930400,83.822296730930400,83.822296730930400,83.822296730930400,83.822296730930400,83.822296730930400,83.822296730930400
"....Isabela","01.1.8.6 - Ice, ice cream and sorbet (ND)",86.506202617569100,86.506202617569100,86.506202617569100,90.465413068087300,90.465413068087300,90.615732142142500,90.615732142142500,90.615732142142500,90.615732142142500,90.162350418782500,90.615732142142500,90.615732142142500,89.525514771709900
"....Isabela","01.1.8.9 - Other sugar confectionery and desserts n.e.c. (ND)",78.678206136900100,78.678206136900100,78.678206136900100,78.678206136900100,78.678206136900100,78.678206136900100,78.678206136900100,78.678206136900100,78.678206136900100,78.678206136900100,78.678206136900100,78.678206136900100,78.678206136900100
"....Isabela","01.1.9 - Ready-made food and other food products n.e.c. (ND)",88.062283737024200,87.283737024221500,87.283737024221500,88.148788927335600,87.370242214532900,86.159169550173000,86.245674740484400,85.553633217993100,85.380622837370300,85.726643598615900,85.467128027681700,85.467128027681700,86.512399077278000
"....Isabela","01.1.9.2 - Baby food (ND)",0.000000000000000,0.000000000000000,0.000000000000000,0.000000000000000,0.000000000000000,0.000000000000000,0.000000000000000,0.000000000000000,0.000000000000000,0.000000000000000,0.000000000000000,0.000000000000000,0.000000000000000
"....Isabela","01.1.9.3 - Salt, condiments and sauces (ND)",82.208857475553500,82.941209526451700,82.941209526451700,85.391400733110200,85.465484432180200,85.585576656702600,85.824797778976500,85.095626778431900,84.782909674682400,84.435833449483600,84.016078755955100,84.016078755955100,84.392088628661200
"....Isabela","01.1.9.4 - Spices, culinary herbs and seeds (ND)",87.625234010158600,83.913207462579400,83.913207462579400,83.913207462579400,82.122408050564000,78.006163265834700,77.863032369484900,77.079780283457600,77.625380126564900,78.820460642501600,78.820460642501600,78.820460642501600,80.710250201775700
"....Isabela","01.1.9.9 - Other food products n.e.c. (ND)",128.986597812831000,128.986597812831000,128.986597812831000,122.856396381636000,120.620380285831000,120.620380285831000,120.620380285831000,120.620380285831000,119.163201257104000,120.494761404044000,120.494761404044000,120.494761404044000,122.745433036057000
"....Isabela","01.2 - NON-ALCOHOLIC BEVERAGES",90.208522212148700,90.208522212148700,90.389845874886700,90.843155031731700,90.752493200362600,90.843155031731700,90.843155031731700,90.843155031731700,90.843155031731700,91.115140525838600,91.115140525838600,89.755213055303700,90.646721063765500
"....Isabela","01.2.1 - Fruit and vegetable juices (ND)",80.813037425972000,80.813037425972000,80.813037425972000,80.813037425972000,80.491932770027700,80.491932770027700,80.491932770027700,80.491932770027700,80.491932770027700,80.491932770027700,80.491932770027700,80.491932770027700,80.598967655342400
"....Isabela","01.2.1.0 - Fruit and vegetable juices (ND)",80.813037425972000,80.813037425972000,80.813037425972000,80.813037425972000,80.491932770027700,80.491932770027700,80.491932770027700,80.491932770027700,80.491932770027700,80.491932770027700,80.491932770027700,80.491932770027700,80.598967655342400
"....Isabela","01.2.2 - Coffee and coffee substitutes (ND)",98.330058939096300,98.330058939096300,98.526522593320200,98.919449901768200,98.330058939096300,98.624754420432200,98.624754420432200,98.624754420432200,97.937131630648300,98.624754420432200,98.624754420432200,95.186640471512800,98.223641126391600
"....Isabela","01.2.2.0 - Coffee and coffee substitutes (ND)",98.300345422463100,98.300345422463100,98.567757908142800,98.949942486296600,98.336024050586800,98.649487198573300,98.649487198573300,98.649487198573300,97.941322458613300,98.621309679988600,98.621309679988600,95.195106639548600,98.231827111984300
"....Isabela","01.2.3 - Tea, maté and other plant products for infusion (ND)",139.275766016713000,139.275766016713000,139.275766016713000,139.275766016713000,139.275766016713000,139.275766016713000,139.275766016713000,139.275766016713000,139.275766016713000,139.275766016713000,139.275766016713000,139.275766016713000,139.275766016713000
"....Isabela","01.2.3.0 - Tea, maté and other plant products for infusion (ND)",139.275766016713000,139.275766016713000,139.275766016713000,139.275766016713000,139.275766016713000,139.275766016713000,139.275766016713000,139.275766016713000,139.275766016713000,139.275766016713000,139.275766016713000,139.275766016713000,139.275766016713000
"....Isabela","01.2.4 - Cocoa drinks (ND)",71.707249371597800,71.707249371597800,71.707249371597800,76.333523524604100,78.510593714254100,78.510593714254100,78.510593714254100,78.510593714254100,80.823730790757300,80.823730790757300,80.823730790757300,80.823730790757300,77.399380804953600
"....Isabela","01.2.4.0 - Cocoa drinks (ND)",71.707249371597800,71.707249371597800,71.707249371597800,76.333523524604100,78.510593714254100,78.510593714254100,78.510593714254100,78.510593714254100,80.823730790757300,80.823730790757300,80.823730790757300,80.823730790757300,77.399380804953600
"....Isabela","01.2.5 - Water (ND)",90.909090909090900,90.909090909090900,90.909090909090900,90.909090909090900,90.909090909090900,90.909090909090900,90.909090909090900,90.909090909090900,90.909090909090900,90.909090909090900,90.909090909090900,90.909090909090900,90.909090909090900
"....Isabela","01.2.5.0 - Water (ND)",90.909090909090900,90.909090909090900,90.909090909090900,90.909090909090900,90.909090909090900,90.909090909090900,90.909090909090900,90.909090909090900,90.909090909090900,90.909090909090900,90.909090909090900,90.909090909090900,90.909090909090900
"....Isabela","01.2.6 - Soft drinks (ND)",92.944985987418500,92.944985987418500,92.944985987418500,90.672839220738800,90.672839220738800,90.672839220738800,90.672839220738800,90.672839220738800,90.672839220738800,90.672839220738800,90.672839220738800,90.672839220738800,91.240875912408800
"....Isabela","01.2.6.0 - Soft drinks (ND)",92.944985987418500,92.944985987418500,92.944985987418500,90.672839220738800,90.672839220738800,90.672839220738800,90.672839220738800,90.672839220738800,90.672839220738800,90.672839220738800,90.672839220738800,90.672839220738800,91.240875912408800
"....Isabela","01.2.9 - Other non-alcoholic beverages (ND)",79.499672998545500,79.499672998545500,79.499672998545500,86.526418060789600,86.526418060789600,86.526418060789600,86.526418060789600,86.526418060789600,86.616596738793600,86.616596738793600,87.155709392398900,87.155709392398900,84.889643463497500
"....Isabela","01.2.9.0 - Other non-alcoholic beverages (ND)",79.499672998545500,79.499672998545500,79.499672998545500,86.526418060789600,86.526418060789600,86.526418060789600,86.526418060789600,86.526418060789600,86.616596738793600,86.616596738793600,87.155709392398900,87.155709392398900,84.889643463497500
"....Isabela","02 - ALCOHOLIC BEVERAGES AND TOBACCO",45.437956204379600,45.301094890511000,45.301094890511000,45.711678832116800,45.711678832116800,45.757299270073000,45.802919708029200,45.529197080292000,45.529197080292000,45.529197080292000,45.529197080292000,46.304744525547400,45.620437956204400
"....Isabela","02.1 - ALCOHOLIC BEVERAGES",74.648928307464900,74.279379157427900,74.279379157427900,73.688100517368800,73.762010347376200,73.909830007391000,73.909830007391000,73.244641537324500,73.244641537324500,73.244641537324500,73.244641537324500,75.388026607538800,73.903670854890400
"....Isabela","02.1.1 - Spirits and liquors (ND)",75.673652694610800,75.224550898203600,75.224550898203600,74.700598802395200,74.850299401197600,75.000000000000000,75.000000000000000,74.176646706586800,74.176646706586800,74.176646706586800,74.176646706586800,75.823353293413200,74.850299401197600
"....Isabela","02.1.1.0 - Spirits and liquors (ND)",75.673652694610800,75.224550898203600,75.224550898203600,74.700598802395200,74.850299401197600,75.000000000000000,75.000000000000000,74.176646706586800,74.176646706586800,74.176646706586800,74.176646706586800,75.823353293413200,74.850299401197600
"....Isabela","02.1.2 - Wine (ND)",79.735576923076900,79.735576923076900,79.735576923076900,80.849358974359000,80.849358974359000,80.616987179487200,80.616987179487200,79.551282051282100,79.551282051282100,79.551282051282100,79.551282051282100,81.201923076923100,80.128872863247900
"....Isabela","02.1.2.1 - Wine from grapes (ND)",0.000000000000000,0.000000000000000,0.000000000000000,0.000000000000000,0.000000000000000,0.000000000000000,0.000000000000000,0.000000000000000,0.000000000000000,0.000000000000000,0.000000000000000,0.000000000000000,0.000000000000000
"....Isabela","02.1.2.2 - Wine from other sources (ND)",..,..,..,..,..,..,..,..,..,..,..,..,..
"....Isabela","02.1.3 - Beer (ND)",71.137809187279100,71.137809187279100,71.137809187279100,70.091872791519400,70.091872791519400,70.091872791519400,70.091872791519400,70.091872791519400,70.091872791519400,70.091872791519400,70.091872791519400,73.879858657243800,70.669022379269700
"....Isabela","02.1.3.0 - Beer (ND)",71.137809187279100,71.137809187279100,71.137809187279100,70.091872791519400,70.091872791519400,70.091872791519400,70.091872791519400,70.091872791519400,70.091872791519400,70.091872791519400,70.091872791519400,73.879858657243800,70.669022379269700
"....Isabela","02.3 - TOBACCO",28.769548539392200,28.769548539392200,28.769548539392200,29.743287105340800,29.743287105340800,29.743287105340800,29.772794334612000,29.743287105340800,29.743287105340800,29.743287105340800,29.743287105340800,29.743287105340800,29.502311399626200
"....Isabela","02.3.0 - Tobacco (ND)",28.769548539392200,28.769548539392200,28.769548539392200,29.743287105340800,29.743287105340800,29.743287105340800,29.772794334612000,29.743287105340800,29.743287105340800,29.743287105340800,29.743287105340800,29.743287105340800,29.502311399626200
"....Isabela","02.3.0.1 - Cigarettes (ND)",28.634237919575200,28.634237919575200,28.634237919575200,29.601862020489100,29.613162599764500,29.613162599764500,29.626193511420400,29.613162599764500,29.613162599764500,29.613162599764500,29.613162599764500,29.613162599764500,29.368575624082200
"....Isabela","02.3.0.2 - Cigars (ND)",..,..,..,..,..,..,..,..,..,..,..,..,..
"....Isabela","02.3.0.9 - Other tobacco products (ND)",49.913652625984600,49.913652625984600,49.913652625984600,51.424484575179700,51.424484575179700,51.424484575179700,51.424484575179700,51.424484575179700,51.424484575179700,51.424484575179700,51.424484575179700,51.424484575179700,51.046776587881000
"....Isabela","02.4 - OTHER VEGETABLE-BASED TOBACCO PRODUCTS",..,..,..,..,..,..,..,..,..,..,..,..,..
"....Isabela","02.4.0 - Other vegetable-based tobacco products (ND)",..,..,..,..,..,..,..,..,..,..,..,..,..
"....Isabela","02.4.0.0 - Other vegetable-based tobacco products (ND)",..,..,..,..,..,..,..,..,..,..,..,..,..
"....Isabela","02.900 - NON-FOOD",85.026269702276700,85.989492119089300,86.339754816112100,87.390542907180400,88.003502626970200,87.740805604203100,87.565674255691800,87.828371278458800,88.791593695271400,88.791593695271400,88.704028021015700,88.704028021015700,87.572971395213100
"....Isabela","03 - CLOTHING AND FOOTWEAR",78.044739022369500,78.044739022369500,78.044739022369500,79.038939519469800,84.009942004971000,84.589892294946100,84.921292460646200,85.252692626346300,85.335542667771300,85.584092792046400,85.584092792046400,85.584092792046400,82.836233084783200
"....Isabela","03.1 - CLOTHING",80.964912280701800,80.964912280701800,80.964912280701800,82.280701754386000,89.824561403508800,90.701754385964900,90.438596491228100,90.877192982456200,91.052631578947400,91.403508771929800,91.403508771929800,91.403508771929800,87.690058479532200
"....Isabela","03.1.1 - Clothing materials (SD)",95.452755905511800,95.452755905511800,95.452755905511800,96.141732283464600,99.576771653543300,99.576771653543300,99.576771653543300,99.576771653543300,99.576771653543300,100.246062992126000,100.246062992126000,100.246062992126000,98.426837270341200
"....Isabela","03.1.1.0 - Clothing materials (SD)",95.455076988870600,95.455076988870600,95.455076988870600,96.145700246412200,99.573182173152200,99.573182173152200,99.573182173152200,99.573182173152200,99.573182173152200,100.241840041980000,100.241840041980000,100.241840041980000,98.425196850393700
"....Isabela","03.1.2 - Garments (SD)",81.161971830985900,81.161971830985900,81.161971830985900,82.482394366197200,90.140845070422500,91.109154929577500,90.845070422535200,91.285211267605600,91.461267605633800,91.813380281690100,91.813380281690100,91.813380281690100,88.020833333333300
"....Isabela","03.1.2.1 - Garments for men or boys (SD)",75.987145637472500,75.987145637472500,75.987145637472500,78.029110681185900,90.005531631438300,91.785196992958700,90.961941794168400,91.890133904968200,92.209541117557000,92.659063272006700,92.659063272006700,92.764060302778500,86.743756656790500
"....Isabela","03.1.2.2 - Garments for women or girls (SD)",86.836162946660400,86.836162946660400,86.836162946660400,87.358178295830600,90.047147164258700,90.047147164258700,90.364583053747000,90.364583053747000,90.364583053747000,90.476486439292000,90.476486439292000,90.476486439292000,89.207014161953800
"....Isabela","03.1.2.3 - Garments for infants (0 to under 2 years) (SD)",98.560447420286300,98.560447420286300,98.560447420286300,100.346650726704000,100.346650726704000,100.346650726704000,100.346650726704000,100.346650726704000,100.346650726704000,100.346650726704000,100.346650726704000,100.346650726704000,99.900099900099900
"....Isabela","03.1.2.4 - School uniforms (SD)",..,..,..,..,..,..,..,..,..,..,..,..,..
"....Isabela","03.1.3 - Other articles of clothing and clothing accessories (SD)",85.418464193270100,85.418464193270100,85.418464193270100,86.194995685936100,86.194995685936100,86.194995685936100,86.194995685936100,86.194995685936100,86.194995685936100,87.230371009490900,87.489214840379600,87.489214840379600,86.302847282139800
"....Isabela","03.1.3.1 - Other articles of clothing (SD)",85.251243003996900,85.251243003996900,85.251243003996900,85.251243003996900,85.251243003996900,85.251243003996900,85.251243003996900,85.251243003996900,85.251243003996900,86.419068250627000,86.419068250627000,86.419068250627000,85.543199315654400
"....Isabela","03.1.3.2 - Clothing accessories (SD)",86.732196740009700,86.732196740009700,86.732196740009700,96.715434883946100,96.715434883946100,96.715605126325100,96.715434883946100,96.715434883946100,96.715434883946100,96.416434413996100,99.363117076388600,99.363117076388600,94.636003194404900
"....Isabela","03.1.4 - Cleaning, repair, tailoring and hire of clothing (S)",68.008185538881300,68.008185538881300,68.008185538881300,68.008185538881300,68.008185538881300,68.008185538881300,68.008185538881300,68.008185538881300,68.008185538881300,68.826739427012300,68.826739427012300,68.826739427012300,68.212824010914000
"....Isabela","03.1.4.1 - Cleaning of clothing (S)",67.714928943295300,67.714928943295300,67.714928943295300,67.714928943295300,67.714928943295300,67.714928943295300,67.714928943295300,67.714928943295300,67.714928943295300,68.594343604896600,68.594343604896600,68.594343604896600,67.934782608695700
"....Isabela","03.1.4.2 - Repair, tailoring and hire of clothing (S)",83.963056255247700,83.963056255247700,83.963056255247700,83.963056255247700,83.963056255247700,83.963056255247700,83.963056255247700,83.963056255247700,83.963056255247700,83.963056255247700,83.963056255247700,83.963056255247700,83.963056255247700
"....Isabela","03.2 - FOOTWEAR",72.956909361069800,72.956909361069800,72.956909361069800,73.402674591381900,73.848439821693900,73.848439821693900,75.260029717682000,75.260029717682000,75.260029717682000,75.260029717682000,75.260029717682000,75.260029717682000,74.294205052006000
"....Isabela","03.2.1 - Shoes and other footwear (SD)",72.956909361069800,72.956909361069800,72.956909361069800,73.402674591381900,73.848439821693900,73.848439821693900,75.260029717682000,75.260029717682000,75.260029717682000,75.260029717682000,75.260029717682000,75.260029717682000,74.294205052006000
"....Isabela","03.2.1.1 - Footwear for men (SD)",77.429345722028700,77.429345722028700,77.429345722028700,77.429345722028700,77.429345722028700,77.429345722028700,81.300813008130100,81.300813008130100,81.300813008130100,81.300813008130100,81.300813008130100,81.300813008130100,79.365079365079400
"....Isabela","03.2.1.2 - Footwear for women (SD)",61.720609400090100,61.720609400090100,61.720609400090100,62.864093904600800,62.864093904600800,62.864093904600800,62.864093904600800,62.864093904600800,62.864093904600800,62.864093904600800,62.864093904600800,62.864093904600800,62.578222778473100
"....Isabela","03.2.1.3 - Footwear for infants and children (SD)",80.192746708955300,80.192746708955300,80.192746708955300,80.192746708955300,81.854846157717500,81.854846157717500,81.854846157717500,81.854846157717500,81.854846157717500,81.854846157717500,81.854846157717500,81.854846157717500,81.300813008130100
"....Isabela","03.2.2 - Cleaning, repair, and hire of footwear (S)",102.145045965271000,102.145045965271000,102.145045965271000,102.145045965271000,102.145045965271000,102.145045965271000,102.145045965271000,102.145045965271000,102.145045965271000,102.145045965271000,102.145045965271000,102.145045965271000,102.145045965271000
"....Isabela","03.2.2.0 - Cleaning, repair, and hire of footwear (S)",102.145045965271000,102.145045965271000,102.145045965271000,102.145045965271000,102.145045965271000,102.145045965271000,102.145045965271000,102.145045965271000,102.145045965271000,102.145045965271000,102.145045965271000,102.145045965271000,102.145045965271000
"....Isabela","04 - HOUSING, WATER, ELECTRICITY, GAS, AND OTHER FUELS",79.666666666666700,82.500000000000000,83.833333333333300,85.166666666666700,84.416666666666700,83.000000000000000,82.333333333333300,82.583333333333300,84.083333333333300,84.166666666666700,84.166666666666700,84.083333333333300,83.333333333333300
"....Isabela","04.1 - ACTUAL RENTALS FOR HOUSING",70.992481203007500,75.571428571428600,75.571428571428600,75.571428571428600,75.571428571428600,75.571428571428600,75.571428571428600,75.571428571428600,75.571428571428600,75.571428571428600,75.571428571428600,75.571428571428600,75.189849624060100
"....Isabela","04.1.1 - Actual rentals paid by tenants for main residence (S)",70.992481203007500,75.571428571428600,75.571428571428600,75.571428571428600,75.571428571428600,75.571428571428600,75.571428571428600,75.571428571428600,75.571428571428600,75.571428571428600,75.571428571428600,75.571428571428600,75.189849624060100
"....Isabela","04.1.1.0 - Actual rentals paid by tenants for main residence (S)",70.936245184219800,75.512865081606700,75.512865081606700,75.512865081606700,75.512865081606700,75.512865081606700,75.512865081606700,75.512865081606700,75.512865081606700,75.512865081606700,75.512865081606700,75.512865081606700,75.131480090157800
"....Isabela","04.3 - MAINTENANCE, REPAIR AND SECURITY OF THE DWELLING",78.965224766751500,79.134860050890600,82.103477523324800,84.478371501272300,84.987277353689600,85.835453774385100,87.955894826123800,87.107718405428300,86.344359626802400,86.768447837150100,86.853265479219700,87.277353689567400,84.817642069550500
"....Isabela","04.3.1 - Security equipment and materials for the maintenance and repair of the dwelling (ND)",87.546125461254600,87.822878228782300,87.915129151291500,90.959409594095900,91.974169741697400,93.542435424354200,95.940959409594100,94.741697416974200,93.357933579335800,94.095940959409600,94.280442804428000,95.018450184501800,92.266297662976600
"....Isabela","04.3.1.1 - Materials for the maintenance and repair of the dwelling (ND)",87.546125461254600,87.822878228782300,87.915129151291500,90.959409594095900,91.974169741697400,93.542435424354200,95.940959409594100,94.741697416974200,93.357933579335800,94.095940959409600,94.280442804428000,95.018450184501800,92.266297662976600
"....Isabela","04.3.2 - Services for the maintenance, repair and security of the dwelling (S)",68.150943396226400,68.150943396226400,74.867924528301900,76.226415094339600,76.226415094339600,76.226415094339600,77.886792452830200,77.584905660377400,77.584905660377400,77.584905660377400,77.584905660377400,77.584905660377400,75.471698113207500
"....Isabela","04.3.2.0 - Services for the maintenance, repair and security of the dwelling (S)",68.150943396226400,68.150943396226400,74.867924528301900,76.226415094339600,76.226415094339600,76.226415094339600,77.886792452830200,77.584905660377400,77.584905660377400,77.584905660377400,77.584905660377400,77.584905660377400,75.471698113207500
"....Isabela","04.4 - WATER SUPPLY AND MISCELLANEOUS SERVICES RELATING TO THE DWELLING",58.697788697788700,58.697788697788700,58.697788697788700,62.334152334152300,62.334152334152300,62.334152334152300,62.334152334152300,62.334152334152300,62.334152334152300,62.334152334152300,62.334152334152300,62.334152334152300,61.425061425061400
"....Isabela","04.4.1 - Water supply (ND)",58.697788697788700,58.697788697788700,58.697788697788700,62.334152334152300,62.334152334152300,62.334152334152300,62.334152334152300,62.334152334152300,62.334152334152300,62.334152334152300,62.334152334152300,62.334152334152300,61.425061425061400
"....Isabela","04.4.1.1 - Water supply through network systems (ND)",58.664224791106100,58.664224791106100,58.664224791106100,62.295064009676300,62.295064009676300,62.295064009676300,62.295064009676300,62.295064009676300,62.295064009676300,62.295064009676300,62.295064009676300,62.295064009676300,61.387354205033800
"....Isabela","04.5 - ELECTRICITY, GAS AND OTHER FUELS",87.027027027027000,89.459459459459500,91.531531531531500,93.153153153153200,91.801801801801800,89.009009009009000,87.477477477477500,88.018018018018000,90.900900900900900,90.990990990991000,90.990990990991000,90.720720720720700,90.090090090090100
"....Isabela","04.5.1 - Electricity (ND)",91.794871794871800,91.794871794871800,91.794871794871800,91.794871794871800,91.794871794871800,91.794871794871800,93.086080586080600,92.408424908424900,92.408424908424900,90.567765567765600,89.835164835164800,89.835164835164800,91.575854700854700
"....Isabela","04.5.1.0 - Electricity (ND)",91.790706450416300,91.790706450416300,91.790706450416300,91.790706450416300,91.790706450416300,91.790706450416300,93.089890741662600,92.410860885512700,92.410860885512700,90.568452709346400,89.838397488283500,89.838397488283500,91.575091575091600
"....Isabela","04.5.2 - Gas (ND)",115.598086124402000,127.200956937799000,136.913875598086000,134.246411483254000,123.098086124402000,109.880382775120000,101.291866028708000,104.437799043062000,118.122009569378000,121.076555023924000,122.296650717703000,121.232057416268000,119.616228070175000
"....Isabela","04.5.2.2 - Liquefied hydrocarbons (ND)",115.599667629335000,127.201973206567000,136.915076675437000,134.241472501777000,123.101217055952000,109.876358240791000,101.293916641778000,104.441414624484000,118.126511564092000,121.070601896749000,122.300996791406000,121.237491736224000,119.617224880383000
"....Isabela","04.5.3 - Liquid fuels (ND)",103.735926305015000,103.449334698055000,106.049129989765000,106.110542476970000,105.875127942682000,98.311156601842400,95.752302968270200,98.300921187308100,101.473899692938000,103.981576253838000,104.227226202661000,100.972364380757000,102.353292391675000
"....Isabela","04.5.3.0 - Liquid fuels (ND)",103.734269358437000,103.447075921675000,106.050963081651000,106.108401769003000,105.878647019594000,98.315886518193900,95.750291816453300,98.296740289076500,101.475014322576000,103.983170336964000,104.232071315491000,100.977212365522000,102.354145342886000
"....Isabela","04.5.4 - Solid fuels (ND)",71.016691957511400,71.016691957511400,71.016691957511400,75.569044006069800,77.769347496206400,77.769347496206400,77.693474962063700,77.693474962063700,77.693474962063700,77.693474962063700,77.693474962063700,77.693474962063700,75.859888720283300
"....Isabela","04.5.4.2 - Wood fuel, including pellets and briquettes (ND)",72.120002779926600,72.120002779926600,72.120002779926600,75.851949765970000,78.328022847807300,78.328022847807300,78.328022847807300,78.328022847807300,78.328022847807300,78.328022847807300,78.328022847807300,78.328022847807300,76.569678407350700
"....Isabela","04.5.4.3 - Charcoal (ND)",62.174923803069800,62.174923803069800,62.174923803069800,73.295423432469800,73.295423432469800,73.295423432469800,73.010779936065600,73.010779936065600,73.010779936065600,73.010779936065600,73.010779936065600,73.010779936065600,70.372976776917700
"....Isabela","05 - FURNISHINGS, HOUSEHOLD EQUIPMENT AND ROUTINE HOUSEHOLD MAINTENANCE",77.229299363057300,76.990445859872600,76.990445859872600,80.334394904458600,80.493630573248400,80.493630573248400,80.493630573248400,80.414012738853500,80.493630573248400,80.493630573248400,80.493630573248400,80.573248407643300,79.624469214437400
"....Isabela","05.1 - FURNITURE, FURNISHINGS, AND LOOSE CARPETS",87.881429816913700,87.096774193548400,87.096774193548400,87.096774193548400,87.096774193548400,87.096774193548400,87.096774193548400,87.096774193548400,87.096774193548400,87.096774193548400,87.096774193548400,87.096774193548400,87.162162162162200
"....Isabela","05.1.1 - Furniture, furnishings and loose carpets (D)",87.804878048780500,87.020905923345000,87.020905923345000,87.020905923345000,87.020905923345000,87.020905923345000,87.020905923345000,87.020905923345000,87.020905923345000,87.020905923345000,87.020905923345000,87.020905923345000,87.086236933797900
"....Isabela","05.1.1.1 - Household furniture (D)",86.434890900757500,85.542033579383200,85.542033579383200,85.542033579383200,85.542033579383200,85.542033579383200,85.542033579383200,85.542033579383200,85.542033579383200,85.542033579383200,85.542033579383200,85.542033579383200,85.616438356164400
"....Isabela","05.1.1.3 - Lighting equipment (D)",96.647328082188000,96.647328082188000,96.647328082188000,96.647328082188000,96.647328082188000,96.647328082188000,96.402864968005000,96.402864968005000,96.402864968005000,96.402864968005000,96.402864968005000,96.402864968005000,96.525096525096500
"....Isabela","05.1.1.4 - Furnishings, loose carpets and rugs (D)",94.385388051792600,94.385388051792600,94.385388051792600,98.873818189317700,98.873818189317700,98.873818189317700,98.873818189317700,98.873818189317700,98.873818189317700,98.873818189317700,98.873818189317700,98.873818189317700,97.751710654936400
"....Isabela","05.2 - HOUSEHOLD TEXTILES",93.726591760299600,93.726591760299600,93.726591760299600,93.352059925093600,94.007490636704100,94.007490636704100,94.007490636704100,93.445692883895100,93.445692883895100,93.445692883895100,93.445692883895100,93.445692883895100,93.648564294631700
"....Isabela","05.2.1 - Household textiles (SD)",93.726591760299600,93.726591760299600,93.726591760299600,93.352059925093600,94.007490636704100,94.007490636704100,94.007490636704100,93.445692883895100,93.445692883895100,93.445692883895100,93.445692883895100,93.445692883895100,93.648564294631700
"....Isabela","05.2.1.1 - Furnishing fabrics and curtains (SD)",89.365504915102800,89.365504915102800,89.365504915102800,89.365504915102800,89.365504915102800,89.365504915102800,89.365504915102800,89.365504915102800,89.365504915102800,89.365504915102800,89.365504915102800,89.365504915102800,89.365504915102800
"....Isabela","05.2.1.2 - Bed linen and bedding (SD)",95.364234359951300,95.364234359951300,95.364234359951300,94.591700297858600,95.770049179841600,95.770049179841600,95.770049179841600,94.755038436914200,94.755038436914200,94.755038436914200,94.755038436914200,94.755038436914200,95.147478591817300
"....Isabela","05.2.1.3 - Table linen and bathroom linen (SD)",92.678405931418000,92.678405931418000,92.678405931418000,92.678405931418000,92.678405931418000,92.678405931418000,92.678405931418000,92.678405931418000,92.678405931418000,92.678405931418000,92.678405931418000,92.678405931418000,92.678405931418000
"....Isabela","05.2.1.9 - Other household textiles (SD)",98.347753354025000,98.347753354025000,98.347753354025000,101.626017699196000,101.626017699196000,101.626017699196000,101.626017699196000,101.626017699196000,101.626017699196000,101.626017699196000,101.626017699196000,101.626017699196000,100.806451612903000
"....Isabela","05.3 - HOUSEHOLD APPLIANCES",95.895522388059700,93.097014925373100,93.097014925373100,92.910447761194000,92.910447761194000,92.910447761194000,92.910447761194000,92.910447761194000,93.190298507462700,93.190298507462700,93.190298507462700,92.910447761194000,93.260261194029900
"....Isabela","05.3.1 - Major household appliances, whether electric or not (D)",96.567717996289400,92.393320964749500,92.393320964749500,92.393320964749500,92.393320964749500,92.393320964749500,92.393320964749500,92.393320964749500,92.393320964749500,92.393320964749500,92.393320964749500,92.393320964749500,92.741187384044600
"....Isabela","05.3.1.1 - Major kitchen appliances (D)",102.023129082022000,95.980531261963600,95.980531261963600,95.980531261963600,95.980531261963600,95.980531261963600,95.980531261963600,95.980531261963600,95.980531261963600,95.980531261963600,95.980531261963600,95.980531261963600,96.484081080301800
"....Isabela","05.3.1.2 - Major laundry appliances (D)",76.452599388379200,76.452599388379200,76.452599388379200,76.452599388379200,76.452599388379200,76.452599388379200,76.452599388379200,76.452599388379200,76.452599388379200,76.452599388379200,76.452599388379200,76.452599388379200,76.452599388379200
"....Isabela","05.3.1.3 - Heaters, air conditioners (D)",94.786729857819900,94.786729857819900,94.786729857819900,94.786729857819900,94.786729857819900,94.786729857819900,94.786729857819900,94.786729857819900,94.786729857819900,94.786729857819900,94.786729857819900,94.786729857819900,94.786729857819900
"....Isabela","05.3.2 - Small household appliances (SD)",94.650283553875300,94.650283553875300,94.725897920604900,94.272211720226800,94.272211720226800,94.272211720226800,94.272211720226800,94.272211720226800,94.877126654064300,94.877126654064300,94.877126654064300,94.196597353497200,94.517958412098300
"....Isabela","05.3.2.1 - Small appliances for cooking and processing of food (SD)",94.649803602036800,94.649803602036800,94.730325114184200,94.268872836614000,94.268872836614000,94.268872836614000,94.268872836614000,94.268872836614000,94.881059837492500,94.881059837492500,94.881059837492500,94.198024931374100,94.517958412098300
"....Isabela","05.3.2.9 - Other small household appliances (SD)",0.000000000000000,0.000000000000000,0.000000000000000,0.000000000000000,0.000000000000000,0.000000000000000,0.000000000000000,0.000000000000000,0.000000000000000,0.000000000000000,0.000000000000000,0.000000000000000,0.000000000000000
"....Isabela","05.3.3 - Repair, installation and hire of household appliances (S)",92.081031307550700,92.081031307550700,92.081031307550700,92.081031307550700,92.081031307550700,92.081031307550700,92.081031307550700,92.081031307550700,92.081031307550700,92.081031307550700,92.081031307550700,92.081031307550700,92.081031307550700
"....Isabela","05.3.3.0 - Repair, installation and hire of household appliances (S)",92.081031307550700,92.081031307550700,92.081031307550700,92.081031307550700,92.081031307550700,92.081031307550700,92.081031307550700,92.081031307550700,92.081031307550700,92.081031307550700,92.081031307550700,92.081031307550700,92.081031307550700
"....Isabela","05.4 - GLASSWARE, TABLEWARE AND HOUSEHOLD UTENSILS",91.016333938294000,91.016333938294000,91.016333938294000,91.379310344827600,90.290381125226900,90.562613430127000,90.562613430127000,90.562613430127000,90.562613430127000,90.562613430127000,90.562613430127000,90.562613430127000,90.721415607985500
"....Isabela","05.4.0 - Glassware, tableware and household utensils (SD)",91.016333938294000,91.016333938294000,91.016333938294000,91.379310344827600,90.290381125226900,90.562613430127000,90.562613430127000,90.562613430127000,90.562613430127000,90.562613430127000,90.562613430127000,90.562613430127000,90.721415607985500
"....Isabela","05.4.0.1 - Glassware, crystal-ware, ceramic ware and chinaware (SD)",89.917588271293300,89.917588271293300,89.917588271293300,91.349884892280400,91.349884892280400,91.349884892280400,91.349884892280400,91.349884892280400,91.349884892280400,91.349884892280400,91.349884892280400,91.349884892280400,90.991810737033600
"....Isabela","05.4.0.2 - Cutlery, flatware and silverware (SD)",0.000000000000000,0.000000000000000,0.000000000000000,0.000000000000000,0.000000000000000,0.000000000000000,0.000000000000000,0.000000000000000,0.000000000000000,0.000000000000000,0.000000000000000,0.000000000000000,0.000000000000000
"....Isabela","05.4.0.3 - Kitchen utensils and articles (SD)",91.704217729394100,91.704217729394100,91.704217729394100,91.486227256119200,89.876726342698900,90.283373707367600,90.259525118453700,90.283373707367600,90.283373707367600,90.283373707367600,90.283373707367600,90.283373707367600,90.702947845805000
"....Isabela","05.5 - TOOLS AND EQUIPMENT FOR HOUSE AND GARDEN",80.976430976431000,80.976430976431000,80.976430976431000,85.774410774410800,85.774410774410800,85.774410774410800,85.774410774410800,84.848484848484900,84.848484848484900,84.848484848484900,84.848484848484900,84.848484848484900,84.189113355780000
"....Isabela","05.5.1 - Motorized tools and equipment (D)",..,..,..,..,..,..,..,..,..,..,..,..,..
"....Isabela","05.5.1.0 - Motorized tools and equipment (D)",..,..,..,..,..,..,..,..,..,..,..,..,..
"....Isabela","05.5.2 - Non-motorized tools and miscellaneous accessories (SD)",80.976430976431000,80.976430976431000,80.976430976431000,85.774410774410800,85.774410774410800,85.774410774410800,85.774410774410800,84.848484848484900,84.848484848484900,84.848484848484900,84.848484848484900,84.848484848484900,84.189113355780000
"....Isabela","05.5.2.1 - Non-motorized tools (SD)",76.266844692581500,76.266844692581500,76.266844692581500,95.013720453771400,95.013720453771400,95.013720453771400,95.013720453771400,91.942184853490900,91.942184853490900,91.942184853490900,91.942184853490900,91.942184853490900,89.047195013357100
"....Isabela","05.5.2.2 - Miscellaneous accessories (SD)",83.189015986630100,83.189015986630100,83.189015986630100,81.559945490795500,81.559945490795500,81.559945490795500,81.559945490795500,81.559945490795500,81.559945490795500,81.559945490795500,81.559945490795500,81.559945490795500,81.967213114754100
"....Isabela","05.6 - GOODS AND SERVICES FOR ROUTINE HOUSEHOLD MAINTENANCE",73.805855161787300,73.805855161787300,73.805855161787300,77.966101694915300,78.120184899845900,78.120184899845900,78.120184899845900,78.120184899845900,78.120184899845900,78.120184899845900,78.197226502311200,78.274268104776600,77.048022598870000
"....Isabela","05.6.1 - Non-durable household goods (ND)",87.533392698130000,87.533392698130000,87.533392698130000,89.225289403383800,89.581478183437200,89.492430988423900,89.492430988423900,89.492430988423900,89.581478183437200,89.581478183437200,89.670525378450600,89.759572573463900,89.039774413772600
"....Isabela","05.6.1.1 - Household cleaning and maintenance products (ND)",87.572184633196200,87.572184633196200,87.572184633196200,89.110949547835900,89.487252897755000,89.411414509365800,89.411414509365800,89.411414509365800,89.431791821694700,89.459551605274700,89.605487443545200,89.605487443545200,88.970943182278000
"....Isabela","05.6.1.9 - Other non-durable household goods (ND)",87.488621654400300,87.488621654400300,87.488621654400300,91.379901605026000,91.379901605026000,91.379901605026000,91.379901605026000,91.379901605026000,91.379901605026000,91.379901605026000,91.379901605026000,91.485880605271300,90.415913200723400
"....Isabela","05.6.2 - Domestic services and household services (S)",54.665057332528700,54.665057332528700,54.665057332528700,62.245021122510600,62.245021122510600,62.245021122510600,62.245021122510600,62.245021122510600,62.245021122510600,62.245021122510600,62.245021122510600,62.245021122510600,60.350030175015100
"....Isabela","05.6.2.1 - Domestic services by paid staff (S)",54.666584162302000,54.666584162302000,54.666584162302000,62.244512179252800,62.244512179252800,62.244512179252800,62.244512179252800,62.244512179252800,62.244512179252800,62.244512179252800,62.244512179252800,62.244512179252800,60.350030175015100
"....Isabela","06 - HEALTH",92.336448598130800,92.336448598130800,91.588785046729000,93.457943925233700,93.831775700934600,93.925233644859800,93.925233644859800,94.018691588785000,93.925233644859800,94.018691588785000,94.018691588785000,94.112149532710300,93.457943925233600
"....Isabela","06.1 - MEDICINES AND HEALTH PRODUCTS",93.402450518378900,93.402450518378900,92.554194156456200,94.250706880301600,94.627709707822800,94.627709707822800,94.627709707822800,94.721960414703100,94.627709707822800,94.721960414703100,94.721960414703100,94.816211121583400,94.258561105874900
"....Isabela","06.1.1 - Medicines (ND)",93.578847969782800,93.578847969782800,92.634560906515600,94.428706326723300,94.806421152030200,94.806421152030200,94.806421152030200,94.900849858356900,94.806421152030200,94.900849858356900,94.900849858356900,94.995278564683700,94.428706326723300
"....Isabela","06.1.1.1 - Medicines, vaccines and other pharmaceutical preparations (ND)",93.578847969782800,93.578847969782800,92.634560906515600,94.428706326723300,94.806421152030200,94.806421152030200,94.806421152030200,94.900849858356900,94.806421152030200,94.900849858356900,94.900849858356900,94.995278564683700,94.428706326723300
"....Isabela","06.1.2 - Medical products (ND)",87.183958151700100,87.183958151700100,87.183958151700100,87.183958151700100,87.183958151700100,87.183958151700100,87.183958151700100,87.183958151700100,87.183958151700100,87.183958151700100,87.183958151700100,87.183958151700100,87.183958151700100
"....Isabela","06.1.2.1 - Medical diagnostic products (ND)",98.039215686274500,98.039215686274500,98.039215686274500,98.039215686274500,98.039215686274500,98.039215686274500,98.039215686274500,98.039215686274500,98.039215686274500,98.039215686274500,98.039215686274500,98.039215686274500,98.039215686274500
"....Isabela","06.1.2.2 - Prevention and protective devices (ND)",0.000000000000000,0.000000000000000,0.000000000000000,0.000000000000000,0.000000000000000,0.000000000000000,0.000000000000000,0.000000000000000,0.000000000000000,0.000000000000000,0.000000000000000,0.000000000000000,0.000000000000000
"....Isabela","06.1.2.3 - Treatment devices for personal use (ND)",78.616352201257900,78.616352201257900,78.616352201257900,78.616352201257900,78.616352201257900,78.616352201257900,78.616352201257900,78.616352201257900,78.616352201257900,78.616352201257900,78.616352201257900,78.616352201257900,78.616352201257900
"....Isabela","06.1.3 - Assistive products (D)",..,..,..,..,..,..,..,..,..,..,..,..,..
"....Isabela","06.1.3.1 - Assistive products for vision (D)",..,..,..,..,..,..,..,..,..,..,..,..,..
"....Isabela","06.2 - OUTPATIENT CARE SERVICES",86.044444444444400,86.044444444444400,86.044444444444400,89.155555555555600,89.066666666666700,89.955555555555500,90.044444444444400,90.044444444444400,90.044444444444400,90.044444444444400,90.044444444444400,90.044444444444400,88.881481481481500
"....Isabela","06.2.1 - Preventive care services (S)",77.971500419111500,77.971500419111500,77.971500419111500,84.358759430008400,84.358759430008400,86.177703269069600,86.177703269069600,86.177703269069600,86.177703269069600,86.177703269069600,86.177703269069600,86.177703269069600,83.822995250069800
"....Isabela","06.2.1.9 - Other preventive services (S)",77.968705905997500,77.968705905997500,77.968705905997500,84.360631080838700,84.360631080838700,86.177168698785000,86.177168698785000,86.177168698785000,86.177168698785000,86.177168698785000,86.177168698785000,86.177168698785000,83.822296730930400
"....Isabela","06.2.2 - Outpatient dental services (S)",91.827364554637300,91.827364554637300,91.827364554637300,91.827364554637300,91.827364554637300,91.827364554637300,91.827364554637300,91.827364554637300,91.827364554637300,91.827364554637300,91.827364554637300,91.827364554637300,91.827364554637300
"....Isabela","06.2.2.1 - Dental preventive services (S)",91.827364554637300,91.827364554637300,91.827364554637300,91.827364554637300,91.827364554637300,91.827364554637300,91.827364554637300,91.827364554637300,91.827364554637300,91.827364554637300,91.827364554637300,91.827364554637300,91.827364554637300
"....Isabela","06.2.3 - Other outpatient care services (S)",..,..,..,..,..,..,..,..,..,..,..,..,..
"....Isabela","06.2.3.1 - Outpatient curative and rehabilitative services (S)",..,..,..,..,..,..,..,..,..,..,..,..,..
"....Isabela","06.3 - INPATIENT CARE SERVICES",..,..,..,..,..,..,..,..,..,..,..,..,..
"....Isabela","06.3.1 - Inpatient curative and rehabilitative services (S)",..,..,..,..,..,..,..,..,..,..,..,..,..
"....Isabela","06.3.1.0 - Inpatient curative and rehabilitative services (S)",..,..,..,..,..,..,..,..,..,..,..,..,..
"....Isabela","06.4 - OTHER HEALTH SERVICES",0.000000000000000,0.000000000000000,0.000000000000000,0.000000000000000,0.000000000000000,0.000000000000000,0.000000000000000,0.000000000000000,0.000000000000000,0.000000000000000,0.000000000000000,0.000000000000000,0.000000000000000
"....Isabela","06.4.1 - Diagnostic imaging services and medical laboratory services (S)",0.000000000000000,0.000000000000000,0.000000000000000,0.000000000000000,0.000000000000000,0.000000000000000,0.000000000000000,0.000000000000000,0.000000000000000,0.000000000000000,0.000000000000000,0.000000000000000,0.000000000000000
"....Isabela","06.4.1.0 - Diagnostic imaging services and medical laboratory services (S)",0.000000000000000,0.000000000000000,0.000000000000000,0.000000000000000,0.000000000000000,0.000000000000000,0.000000000000000,0.000000000000000,0.000000000000000,0.000000000000000,0.000000000000000,0.000000000000000,0.000000000000000
"....Isabela","07 - TRANSPORT",95.857418111753400,96.531791907514500,97.206165703275500,97.880539499036600,97.302504816955700,95.568400770712900,94.219653179190700,95.761078998073200,96.917148362235100,96.628131021194600,96.050096339113700,96.146435452793800,96.339113680154100
"....Isabela","07.1 - PURCHASE OF VEHICLES",88.573959255978700,88.573959255978700,88.573959255978700,88.573959255978700,88.573959255978700,88.573959255978700,88.573959255978700,88.573959255978700,88.573959255978700,88.573959255978700,88.573959255978700,88.573959255978700,88.573959255978700
"....Isabela","07.1.1 - Motor cars (D)",..,..,..,..,..,..,..,..,..,..,..,..,..
"....Isabela","07.1.1.1 - New motor cars (D)",..,..,..,..,..,..,..,..,..,..,..,..,..
"....Isabela","07.1.2 - Motorcycles (D)",88.183421516754800,88.183421516754800,88.183421516754800,88.183421516754800,88.183421516754800,88.183421516754800,88.183421516754800,88.183421516754800,88.183421516754800,88.183421516754800,88.183421516754800,88.183421516754800,88.183421516754800
"....Isabela","07.1.2.0 - Motorcycles (D)",88.183421516754800,88.183421516754800,88.183421516754800,88.183421516754800,88.183421516754800,88.183421516754800,88.183421516754800,88.183421516754800,88.183421516754800,88.183421516754800,88.183421516754800,88.183421516754800,88.183421516754800
"....Isabela","07.1.3 - Bicycles (D)",97.087378640776700,97.087378640776700,97.087378640776700,97.087378640776700,97.087378640776700,97.087378640776700,97.087378640776700,97.087378640776700,97.087378640776700,97.087378640776700,97.087378640776700,97.087378640776700,97.087378640776700
"....Isabela","07.1.3.0 - Bicycles (D)",97.087378640776700,97.087378640776700,97.087378640776700,97.087378640776700,97.087378640776700,97.087378640776700,97.087378640776700,97.087378640776700,97.087378640776700,97.087378640776700,97.087378640776700,97.087378640776700,97.087378640776700
"....Isabela","07.2 - OPERATION OF PERSONAL TRANSPORT EQUIPMENT",95.894428152492700,98.533724340176000,100.977517106549000,103.421309872923000,101.270772238514000,95.014662756598200,89.833822091886600,95.601173020527900,100.000000000000000,98.924731182795700,96.676441837732200,96.676441837732200,97.735418703160600
"....Isabela","07.2.1 - Parts and accessories for personal transport equipment (SD)",78.054263565891500,78.054263565891500,78.054263565891500,77.341085271317800,77.341085271317800,77.341085271317800,77.341085271317800,77.341085271317800,77.341085271317800,77.341085271317800,77.341085271317800,77.341085271317800,77.519379844961300
"....Isabela","07.2.1.1 - Tires (SD)",..,..,..,..,..,..,..,..,..,..,..,..,..
"....Isabela","07.2.1.2 - Parts for personal transport equipment (SD)",77.997561117165200,77.997561117165200,77.997561117165200,77.279924760583400,77.279924760583400,77.279924760583400,77.279924760583400,77.279924760583400,77.279924760583400,77.279924760583400,77.279924760583400,77.279924760583400,77.459333849728900
"....Isabela","07.2.1.3 - Accessories for personal transport equipment (SD)",..,..,..,..,..,..,..,..,..,..,..,..,..
"....Isabela","07.2.2 - Fuels and lubricants for personal transport equipment (ND)",102.361396303901000,105.954825462012000,109.342915811088000,109.650924024641000,106.776180698152000,98.254620123203300,91.170431211499000,98.973305954825500,105.030800821355000,103.593429158111000,100.513347022587000,100.410677618070000,102.669404517454000
"....Isabela","07.2.2.1 - Diesel (ND)",0.000000000000000,0.000000000000000,0.000000000000000,0.000000000000000,0.000000000000000,0.000000000000000,0.000000000000000,0.000000000000000,0.000000000000000,0.000000000000000,0.000000000000000,0.000000000000000,0.000000000000000
"....Isabela","07.2.2.2 - Gasoline (ND)",0.000000000000000,0.000000000000000,0.000000000000000,0.000000000000000,0.000000000000000,0.000000000000000,0.000000000000000,0.000000000000000,0.000000000000000,0.000000000000000,0.000000000000000,0.000000000000000,0.000000000000000
"....Isabela","07.2.2.3 - Other fuels for personal transport equipment (ND)",..,..,..,..,..,..,..,..,..,..,..,..,..
"....Isabela","07.2.2.4 - Lubricants (ND)",67.918763153743000,67.918763153743000,67.573072217164000,68.098413938818200,68.098413938818200,68.098413938818200,69.656187906671200,69.656187906671200,76.365038765463900,76.420037011889900,76.420037011889900,77.261735067689000,71.123755334281700
"....Isabela","07.2.3 - Maintenance and repair of personal transport equipment (S)",78.835304822565900,78.835304822565900,78.835304822565900,94.986351228389400,94.986351228389400,94.986351228389400,94.986351228389400,94.986351228389400,94.986351228389400,94.986351228389400,94.986351228389400,95.468607825295700,90.988777676675800
"....Isabela","07.2.3.0 - Maintenance and repair of personal transport equipment (S)",78.839136889987800,78.839136889987800,78.839136889987800,94.989210032430800,94.989210032430800,94.989210032430800,94.989210032430800,94.989210032430800,94.989210032430800,94.989210032430800,94.989210032430800,95.470637914993800,90.991810737033600
"....Isabela","07.2.4 - Other services in respect of personal transport equipment (S)",0.000000000000000,0.000000000000000,0.000000000000000,0.000000000000000,0.000000000000000,0.000000000000000,0.000000000000000,0.000000000000000,0.000000000000000,0.000000000000000,0.000000000000000,0.000000000000000,0.000000000000000
"....Isabela","07.2.4.2 - Toll facilities (S)",0.000000000000000,0.000000000000000,0.000000000000000,0.000000000000000,0.000000000000000,0.000000000000000,0.000000000000000,0.000000000000000,0.000000000000000,0.000000000000000,0.000000000000000,0.000000000000000,0.000000000000000
"....Isabela","07.2.4.3 - Driving lessons, tests, licences, and road worthiness tests (S)",..,..,..,..,..,..,..,..,..,..,..,..,..
"....Isabela","07.3 - PASSENGER TRANSPORT SERVICES",98.522167487684700,98.522167487684700,98.522167487684700,98.522167487684700,98.522167487684700,98.522167487684700,98.522167487684700,98.522167487684700,98.522167487684700,98.522167487684700,98.522167487684700,98.620689655172400,98.530377668308700
"....Isabela","07.3.1 - Passenger transport by railway (S)",..,..,..,..,..,..,..,..,..,..,..,..,..
"....Isabela","07.3.1.1 - Passenger transport by train (S)",..,..,..,..,..,..,..,..,..,..,..,..,..
"....Isabela","07.3.1.2 - Passenger transport by rapid transit and tram (S)",..,..,..,..,..,..,..,..,..,..,..,..,..
"....Isabela","07.3.2 - Passenger transport by road (S)",100.000000000000000,100.000000000000000,100.000000000000000,100.000000000000000,100.000000000000000,100.000000000000000,100.000000000000000,100.000000000000000,100.000000000000000,100.000000000000000,100.000000000000000,100.000000000000000,100.000000000000000
"....Isabela","07.3.2.1 - Passenger transport by bus and coach (S)",100.000000000000000,100.000000000000000,100.000000000000000,100.000000000000000,100.000000000000000,100.000000000000000,100.000000000000000,100.000000000000000,100.000000000000000,100.000000000000000,100.000000000000000,100.000000000000000,100.000000000000000
"....Isabela","07.3.2.2 - Passenger transport by taxi and hired car with driver (S)",..,..,..,..,..,..,..,..,..,..,..,..,..
"....Isabela","07.3.2.9 - Other passenger transport by road (S)",100.000000000000000,100.000000000000000,100.000000000000000,100.000000000000000,100.000000000000000,100.000000000000000,100.000000000000000,100.000000000000000,100.000000000000000,100.000000000000000,100.000000000000000,100.000000000000000,100.000000000000000
"....Isabela","07.3.3 - Passenger transport by air (S)",62.710691823899400,62.710691823899400,62.710691823899400,62.710691823899400,62.710691823899400,62.710691823899400,62.710691823899400,62.710691823899400,62.710691823899400,62.710691823899400,62.710691823899400,64.911949685534600,62.894129979035600
"....Isabela","07.3.3.1 - Passenger transport by air, domestic (S)",62.709800594123600,62.709800594123600,62.709800594123600,62.709800594123600,62.709800594123600,62.709800594123600,62.709800594123600,62.709800594123600,62.709800594123600,62.709800594123600,62.709800594123600,64.909174596715900,62.893081761006300
"....Isabela","07.3.4 - Passenger transport by sea and inland waterway (S)",60.606060606060600,60.606060606060600,60.606060606060600,60.606060606060600,60.606060606060600,60.606060606060600,60.606060606060600,60.606060606060600,60.606060606060600,60.606060606060600,60.606060606060600,60.606060606060600,60.606060606060600
"....Isabela","07.3.4.0 - Passenger transport by sea and inland waterway (S)",60.606060606060600,60.606060606060600,60.606060606060600,60.606060606060600,60.606060606060600,60.606060606060600,60.606060606060600,60.606060606060600,60.606060606060600,60.606060606060600,60.606060606060600,60.606060606060600,60.606060606060600
"....Isabela","07.4 - TRANSPORT SERVICES OF GOODS",90.497737556561100,90.497737556561100,90.497737556561100,90.497737556561100,90.497737556561100,90.497737556561100,90.497737556561100,90.497737556561100,90.497737556561100,90.497737556561100,90.497737556561100,90.497737556561100,90.497737556561100
"....Isabela","07.4.1 - Postal and courier services (S)",90.497737556561100,90.497737556561100,90.497737556561100,90.497737556561100,90.497737556561100,90.497737556561100,90.497737556561100,90.497737556561100,90.497737556561100,90.497737556561100,90.497737556561100,90.497737556561100,90.497737556561100
"....Isabela","07.4.1.1 - Letter handling services (S)",0.000000000000000,0.000000000000000,0.000000000000000,0.000000000000000,0.000000000000000,0.000000000000000,0.000000000000000,0.000000000000000,0.000000000000000,0.000000000000000,0.000000000000000,0.000000000000000,0.000000000000000
"....Isabela","07.4.1.2 - Courier and parcel delivery services (S)",82.712985938792400,82.712985938792400,82.712985938792400,82.712985938792400,82.712985938792400,82.712985938792400,82.712985938792400,82.712985938792400,82.712985938792400,82.712985938792400,82.712985938792400,82.712985938792400,82.712985938792400
"....Isabela","08 - INFORMATION AND COMMUNICATION",95.351043643263800,94.971537001897500,95.066413662239100,95.066413662239100,94.781783681214400,94.781783681214400,94.781783681214400,94.781783681214400,94.781783681214400,94.781783681214400,94.781783681214400,94.781783681214400,94.892473118279600
"....Isabela","08.1 - INFORMATION AND COMMUNICATION EQUIPMENT",86.672325976230900,85.314091680814900,85.568760611205400,85.568760611205400,84.550084889643500,84.550084889643500,84.380305602716500,84.380305602716500,84.380305602716500,84.380305602716500,84.380305602716500,84.380305602716500,84.875495189586900
"....Isabela","08.1.1 - Fixed telephone equipment (D)",..,..,..,..,..,..,..,..,..,..,..,..,..
"....Isabela","08.1.1.0 - Fixed telephone equipment (D)",..,..,..,..,..,..,..,..,..,..,..,..,..
"....Isabela","08.1.2 - Mobile telephone equipment (D)",..,..,..,..,..,..,..,..,..,..,..,..,..
"....Isabela","08.1.2.0 - Mobile telephone equipment (D)",..,..,..,..,..,..,..,..,..,..,..,..,..
"....Isabela","08.1.3 - Information processing equipment (D)",79.693486590038300,77.624521072796900,77.624521072796900,77.624521072796900,76.091954022988500,76.015325670498100,75.785440613026800,75.785440613026800,75.785440613026800,75.785440613026800,75.785440613026800,75.785440613026800,76.615581098339700
"....Isabela","08.1.3.1 - Computers, laptops and tablets (D)",79.496173451704400,77.382329023987100,77.382329023987100,77.382329023987100,75.746592510646600,75.671105379554400,75.494945989546400,75.494945989546400,75.494945989546400,75.494945989546400,75.494945989546400,75.494945989546400,76.335877862595400
"....Isabela","08.1.3.2 - Peripheral equipment and its consumable components (D)",86.132644272179100,86.132644272179100,86.132644272179100,86.132644272179100,86.132644272179100,86.132644272179100,86.132644272179100,86.132644272179100,86.132644272179100,86.132644272179100,86.132644272179100,86.132644272179100,86.132644272179100
"....Isabela","08.1.4 - Equipment for the reception, recording and reproduction of sound and vision (D)",98.320158102766800,98.320158102766800,98.913043478260900,98.913043478260900,98.913043478260900,98.913043478260900,98.913043478260900,98.913043478260900,98.913043478260900,98.913043478260900,98.913043478260900,98.913043478260900,98.814229249011800
"....Isabela","08.1.4.0 - Equipment for the reception, recording and reproduction of sound and vision (D)",98.320158102766800,98.320158102766800,98.913043478260900,98.913043478260900,98.913043478260900,98.913043478260900,98.913043478260900,98.913043478260900,98.913043478260900,98.913043478260900,98.913043478260900,98.913043478260900,98.814229249011800
"....Isabela","08.1.5 - Unrecorded recording media (SD)",98.911968348170100,98.911968348170100,98.911968348170100,98.911968348170100,98.911968348170100,98.911968348170100,98.911968348170100,98.911968348170100,98.911968348170100,98.911968348170100,98.911968348170100,98.911968348170100,98.911968348170100
"....Isabela","08.1.5.0 - Unrecorded recording media (SD)",98.911968348170100,98.911968348170100,98.911968348170100,98.911968348170100,98.911968348170100,98.911968348170100,98.911968348170100,98.911968348170100,98.911968348170100,98.911968348170100,98.911968348170100,98.911968348170100,98.911968348170100
"....Isabela","08.3 - INFORMATION AND COMMUNICATION SERVICES",98.328416912487700,98.328416912487700,98.328416912487700,98.328416912487700,98.328416912487700,98.328416912487700,98.328416912487700,98.328416912487700,98.328416912487700,98.328416912487700,98.328416912487700,98.328416912487700,98.328416912487700
"....Isabela","08.3.1 - Fixed communication services (S)",100.000000000000000,100.000000000000000,100.000000000000000,100.000000000000000,100.000000000000000,100.000000000000000,100.000000000000000,100.000000000000000,100.000000000000000,100.000000000000000,100.000000000000000,100.000000000000000,100.000000000000000
"....Isabela","08.3.1.0 - Fixed communication services (S)",100.000000000000000,100.000000000000000,100.000000000000000,100.000000000000000,100.000000000000000,100.000000000000000,100.000000000000000,100.000000000000000,100.000000000000000,100.000000000000000,100.000000000000000,100.000000000000000,100.000000000000000
"....Isabela","08.3.2 - Mobile communication services (S)",98.231827111984300,98.231827111984300,98.231827111984300,98.231827111984300,98.231827111984300,98.231827111984300,98.231827111984300,98.231827111984300,98.231827111984300,98.231827111984300,98.231827111984300,98.231827111984300,98.231827111984300
"....Isabela","08.3.2.0 - Mobile communication services (S)",98.231827111984300,98.231827111984300,98.231827111984300,98.231827111984300,98.231827111984300,98.231827111984300,98.231827111984300,98.231827111984300,98.231827111984300,98.231827111984300,98.231827111984300,98.231827111984300,98.231827111984300
"....Isabela","08.3.3 - Internet access provision services and net storage services (S)",..,..,..,..,..,..,..,..,..,..,..,..,..
"....Isabela","08.3.3.0 - Internet access provision services and net storage services (S)",..,..,..,..,..,..,..,..,..,..,..,..,..
"....Isabela","08.3.5 - Repair and rental of information and communication equipment (S)",71.581961345740900,71.581961345740900,71.581961345740900,71.581961345740900,71.581961345740900,71.581961345740900,71.581961345740900,71.581961345740900,71.581961345740900,71.581961345740900,71.581961345740900,71.581961345740900,71.581961345740900
"....Isabela","08.3.5.0 - Repair and rental of information and communication equipment (S)",71.581961345740900,71.581961345740900,71.581961345740900,71.581961345740900,71.581961345740900,71.581961345740900,71.581961345740900,71.581961345740900,71.581961345740900,71.581961345740900,71.581961345740900,71.581961345740900,71.581961345740900
"....Isabela","09 - RECREATION, SPORT AND CULTURE",86.272806255430100,86.272806255430100,86.185925282363200,86.880973066898300,86.880973066898300,86.880973066898300,87.228496959166000,87.228496959166000,87.228496959166000,87.228496959166000,87.228496959166000,87.228496959166000,86.895453229076200
"....Isabela","09.1 - RECREATIONAL DURABLES",..,..,..,..,..,..,..,..,..,..,..,..,..
"....Isabela","09.1.1 - Photographic and cinematographic equipment and optical instruments (D)",..,..,..,..,..,..,..,..,..,..,..,..,..
"....Isabela","09.1.1.1 - Cameras (D)",..,..,..,..,..,..,..,..,..,..,..,..,..
"....Isabela","09.2 - OTHER RECREATIONAL GOODS",98.135426889107000,98.135426889107000,98.135426889107000,98.135426889107000,98.135426889107000,98.135426889107000,98.135426889107000,98.135426889107000,98.135426889107000,98.135426889107000,98.135426889107000,98.135426889107000,98.135426889107000
"....Isabela","09.2.1 - Games, toys and hobbies (SD)",92.678405931418000,92.678405931418000,92.678405931418000,92.678405931418000,92.678405931418000,92.678405931418000,92.678405931418000,92.678405931418000,92.678405931418000,92.678405931418000,92.678405931418000,92.678405931418000,92.678405931418000
"....Isabela","09.2.1.2 - Other games, toys and hobbies (SD)",92.678405931418000,92.678405931418000,92.678405931418000,92.678405931418000,92.678405931418000,92.678405931418000,92.678405931418000,92.678405931418000,92.678405931418000,92.678405931418000,92.678405931418000,92.678405931418000,92.678405931418000
"....Isabela","09.2.2 - Equipment for sport, camping and open-air recreation (SD)",..,..,..,..,..,..,..,..,..,..,..,..,..
"....Isabela","09.2.2.1 - Equipment for sport (SD)",..,..,..,..,..,..,..,..,..,..,..,..,..
"....Isabela","09.2.2.2 - Equipment for camping and open-air recreation (SD)",..,..,..,..,..,..,..,..,..,..,..,..,..
"....Isabela","09.3 - GARDEN PRODUCTS AND PETS",99.108027750247800,99.108027750247800,99.108027750247800,99.108027750247800,99.108027750247800,99.108027750247800,99.108027750247800,99.108027750247800,99.108027750247800,99.108027750247800,99.108027750247800,99.108027750247800,99.108027750247800
"....Isabela","09.3.1 - Garden products, plants and flowers (ND)",89.499105545617200,89.499105545617200,89.499105545617200,89.499105545617200,89.499105545617200,89.499105545617200,89.391771019678000,89.391771019678000,89.391771019678000,89.391771019678000,89.391771019678000,89.391771019678000,89.445438282647600
"....Isabela","09.3.1.1 - Garden products (ND)",89.502018647595600,89.502018647595600,89.502018647595600,89.502018647595600,89.502018647595600,89.502018647595600,89.388857917699500,89.388857917699500,89.388857917699500,89.388857917699500,89.388857917699500,89.388857917699500,89.445438282647600
"....Isabela","09.3.1.2 - Plants, seeds and flowers (ND)",..,..,..,..,..,..,..,..,..,..,..,..,..
"....Isabela","09.3.2 - Pets and products for pets (ND)",99.304865938431000,99.304865938431000,99.304865938431000,99.304865938431000,99.304865938431000,99.304865938431000,99.304865938431000,99.304865938431000,99.304865938431000,99.304865938431000,99.304865938431000,99.304865938431000,99.304865938431000
"....Isabela","09.3.2.2 - Products for pets and other household animals (ND)",99.304865938431000,99.304865938431000,99.304865938431000,99.304865938431000,99.304865938431000,99.304865938431000,99.304865938431000,99.304865938431000,99.304865938431000,99.304865938431000,99.304865938431000,99.304865938431000,99.304865938431000
"....Isabela","09.4 - RECREATIONAL SERVICES",46.189376443418000,46.189376443418000,46.189376443418000,46.189376443418000,46.189376443418000,46.189376443418000,46.189376443418000,46.189376443418000,46.189376443418000,46.189376443418000,46.189376443418000,46.189376443418000,46.189376443418000
"....Isabela","09.4.6 - Recreational and sporting services (S)",91.324200913242000,91.324200913242000,91.324200913242000,91.324200913242000,91.324200913242000,91.324200913242000,91.324200913242000,91.324200913242000,91.324200913242000,91.324200913242000,91.324200913242000,91.324200913242000,91.324200913242000
"....Isabela","09.4.6.2 - Sporting services - practice (S)",91.324200913242000,91.324200913242000,91.324200913242000,91.324200913242000,91.324200913242000,91.324200913242000,91.324200913242000,91.324200913242000,91.324200913242000,91.324200913242000,91.324200913242000,91.324200913242000,91.324200913242000
"....Isabela","09.4.7 - Games of chance (S)",46.146746654360900,46.146746654360900,46.146746654360900,46.146746654360900,46.146746654360900,46.146746654360900,46.146746654360900,46.146746654360900,46.146746654360900,46.146746654360900,46.146746654360900,46.146746654360900,46.146746654360900
"....Isabela","09.4.7.0 - Games of chance (S)",46.146746654360900,46.146746654360900,46.146746654360900,46.146746654360900,46.146746654360900,46.146746654360900,46.146746654360900,46.146746654360900,46.146746654360900,46.146746654360900,46.146746654360900,46.146746654360900,46.146746654360900
"....Isabela","09.5 - CULTURAL GOODS",..,..,..,..,..,..,..,..,..,..,..,..,..
"....Isabela","09.5.1 - Musical instruments (D)",..,..,..,..,..,..,..,..,..,..,..,..,..
"....Isabela","09.5.1.0 - Musical instruments (D)",..,..,..,..,..,..,..,..,..,..,..,..,..
"....Isabela","09.6 - CULTURAL SERVICES",0.000000000000000,0.000000000000000,0.000000000000000,0.000000000000000,0.000000000000000,0.000000000000000,0.000000000000000,0.000000000000000,0.000000000000000,0.000000000000000,0.000000000000000,0.000000000000000,0.000000000000000
"....Isabela","09.6.1 - Services provided by cinemas, theatres and concert venues (S)",..,..,..,..,..,..,..,..,..,..,..,..,..
"....Isabela","09.6.1.0 - Services provided by cinemas, theatres and concert venues (S)",..,..,..,..,..,..,..,..,..,..,..,..,..
"....Isabela","09.6.3 - Photographic services (S)",..,..,..,..,..,..,..,..,..,..,..,..,..
"....Isabela","09.6.3.0 - Photographic services (S)",..,..,..,..,..,..,..,..,..,..,..,..,..
"....Isabela","09.6.9 - Other cultural services (S)",0.000000000000000,0.000000000000000,0.000000000000000,0.000000000000000,0.000000000000000,0.000000000000000,0.000000000000000,0.000000000000000,0.000000000000000,0.000000000000000,0.000000000000000,0.000000000000000,0.000000000000000
"....Isabela","09.6.9.0 - Other cultural services (S)",0.000000000000000,0.000000000000000,0.000000000000000,0.000000000000000,0.000000000000000,0.000000000000000,0.000000000000000,0.000000000000000,0.000000000000000,0.000000000000000,0.000000000000000,0.000000000000000,0.000000000000000
"....Isabela","09.7 - NEWSPAPERS, BOOKS AND STATIONERY",93.168880455408000,93.168880455408000,92.979127134724800,94.781783681214400,94.971537001897500,94.971537001897500,95.730550284630000,95.730550284630000,95.730550284630000,95.730550284630000,95.730550284630000,95.730550284630000,94.868753953194200
"....Isabela","09.7.1 - Books (SD)",87.941976427923800,87.941976427923800,87.941976427923800,88.313689936536700,88.313689936536700,88.313689936536700,93.191296464188600,93.191296464188600,93.191296464188600,93.191296464188600,93.191296464188600,93.191296464188600,90.659564823209400
"....Isabela","09.7.1.1 - Educational and textbooks in printed or electronic copy (SD)",0.000000000000000,0.000000000000000,0.000000000000000,0.000000000000000,0.000000000000000,0.000000000000000,0.000000000000000,0.000000000000000,0.000000000000000,0.000000000000000,0.000000000000000,0.000000000000000,0.000000000000000
"....Isabela","09.7.1.9 - Other books (SD) in printed or electronic copy",..,..,..,..,..,..,..,..,..,..,..,..,..
"....Isabela","09.7.2 - Newspapers and periodicals (ND)",90.187090739008400,90.187090739008400,90.187090739008400,94.565014031805400,94.565014031805400,94.565014031805400,94.565014031805400,94.565014031805400,94.565014031805400,94.565014031805400,94.565014031805400,95.500467726847500,93.548487683193000
"....Isabela","09.7.2.1 - Newspapers (ND)",90.185082198388100,90.185082198388100,90.185082198388100,94.561270018197400,94.561270018197400,94.561270018197400,94.561270018197400,94.561270018197400,94.561270018197400,94.561270018197400,94.561270018197400,95.499027309770900,93.545369504209500
"....Isabela","09.7.2.2 - Magazines and periodicals (ND)",0.000000000000000,0.000000000000000,0.000000000000000,0.000000000000000,0.000000000000000,0.000000000000000,0.000000000000000,0.000000000000000,0.000000000000000,0.000000000000000,0.000000000000000,0.000000000000000,0.000000000000000
"....Isabela","09.7.4 - Stationery and drawing materials (ND)",94.534995206136100,94.534995206136100,94.247363374880100,96.164908916586800,96.356663470757400,96.356663470757400,96.356663470757400,96.356663470757400,96.356663470757400,96.356663470757400,96.356663470757400,96.356663470757400,95.861297539149900
"....Isabela","09.7.4.0 - Stationery and drawing materials (ND)",94.534995206136100,94.534995206136100,94.247363374880100,96.164908916586800,96.356663470757400,96.356663470757400,96.356663470757400,96.356663470757400,96.356663470757400,96.356663470757400,96.356663470757400,96.356663470757400,95.861297539149900
"....Isabela","09.8 - PACKAGE HOLIDAYS (S)",..,..,..,..,..,..,..,..,..,..,..,..,..
"....Isabela","09.8.0 - Package holidays (S)",..,..,..,..,..,..,..,..,..,..,..,..,..
"....Isabela","09.8.0.0 - Package holidays (S)",..,..,..,..,..,..,..,..,..,..,..,..,..
"....Isabela","10 - EDUCATION SERVICES",89.841565703634700,89.841565703634700,89.841565703634700,89.841565703634700,89.841565703634700,95.619757688723200,95.619757688723200,95.619757688723200,95.619757688723200,95.619757688723200,95.619757688723200,95.619757688723200,93.212177694936300
"....Isabela","10.1 - EARLY CHILDHOOD AND PRIMARY EDUCATION",59.180977542932600,59.180977542932600,59.180977542932600,59.180977542932600,59.180977542932600,71.003963011889000,71.003963011889000,71.003963011889000,71.003963011889000,71.003963011889000,71.003963011889000,71.003963011889000,66.077719066490500
"....Isabela","10.1.0 - Early chilhood and primary education (S)",54.043452021726000,54.043452021726000,54.043452021726000,54.043452021726000,54.043452021726000,64.852142426071200,64.852142426071200,64.852142426071200,64.852142426071200,64.852142426071200,64.852142426071200,64.852142426071200,60.348521424260700
"....Isabela","10.1.0.1 - Early childhood education services (S)",54.044803141804600,54.044803141804600,54.044803141804600,54.044803141804600,54.044803141804600,64.853763770165500,64.853763770165500,64.853763770165500,64.853763770165500,64.853763770165500,64.853763770165500,64.853763770165500,60.350030175015100
"....Isabela","10.1.0.2 - Primary education (S)",62.187500000000000,62.187500000000000,62.187500000000000,62.187500000000000,62.187500000000000,74.625000000000000,74.625000000000000,74.625000000000000,74.625000000000000,74.625000000000000,74.625000000000000,74.625000000000000,69.442708333333300
"....Isabela","10.2 - SECONDARY EDUCATION  (S)",63.152327221438600,63.152327221438600,63.152327221438600,63.152327221438600,63.152327221438600,75.782792665726400,75.782792665726400,75.782792665726400,75.782792665726400,75.782792665726400,75.782792665726400,75.782792665726400,70.520098730606500
"....Isabela","10.2.0 - Secondary education (S)",63.152327221438600,63.152327221438600,63.152327221438600,63.152327221438600,63.152327221438600,75.782792665726400,75.782792665726400,75.782792665726400,75.782792665726400,75.782792665726400,75.782792665726400,75.782792665726400,70.520098730606500
"....Isabela","10.2.0.1 - Lower secondary general education services",0.000000000000000,0.000000000000000,0.000000000000000,0.000000000000000,0.000000000000000,0.000000000000000,0.000000000000000,0.000000000000000,0.000000000000000,0.000000000000000,0.000000000000000,0.000000000000000,0.000000000000000
"....Isabela","10.2.0.2 - Lower secondary technical-vocational livelihood programs services",..,..,..,..,..,..,..,..,..,..,..,..,..
"....Isabela","10.4 - TERTIARY EDUCATION (S)",115.340253748558000,115.340253748558000,115.340253748558000,115.340253748558000,115.340253748558000,115.340253748558000,115.340253748558000,115.340253748558000,115.340253748558000,115.340253748558000,115.340253748558000,115.340253748558000,115.340253748558000
"....Isabela","10.4.0 - Tertiary education (s)",115.340253748558000,115.340253748558000,115.340253748558000,115.340253748558000,115.340253748558000,115.340253748558000,115.340253748558000,115.340253748558000,115.340253748558000,115.340253748558000,115.340253748558000,115.340253748558000,115.340253748558000
"....Isabela","10.4.0.0 - Tertiary education (s)",115.340253748558000,115.340253748558000,115.340253748558000,115.340253748558000,115.340253748558000,115.340253748558000,115.340253748558000,115.340253748558000,115.340253748558000,115.340253748558000,115.340253748558000,115.340253748558000,115.340253748558000
"....Isabela","10.5 - EDUCATION NOT DEFINED BY LEVEL (S)",..,..,..,..,..,..,..,..,..,..,..,..,..
"....Isabela","10.5.0 - Education not defined by level (s)",..,..,..,..,..,..,..,..,..,..,..,..,..
"....Isabela","10.5.0.2 - Review classes for professional and licensure examination (S)",..,..,..,..,..,..,..,..,..,..,..,..,..
"....Isabela","10.5.0.9 - Other education not defined by level (S)",..,..,..,..,..,..,..,..,..,..,..,..,..
"....Isabela","11 - RESTAURANTS AND ACCOMMODATION SERVICES",83.790737564322500,83.790737564322500,83.790737564322500,83.790737564322500,86.792452830188700,86.792452830188700,86.792452830188700,86.792452830188700,86.792452830188700,86.792452830188700,86.792452830188700,86.792452830188700,85.791881074900000
"....Isabela","11.1 - FOOD AND BEVERAGE SERVING SERVICES",83.773584905660400,83.773584905660400,83.773584905660400,83.773584905660400,86.758147512864500,86.758147512864500,86.758147512864500,86.758147512864500,86.758147512864500,86.758147512864500,86.758147512864500,86.758147512864500,85.763293310463100
"....Isabela","11.1.1 - Restaurants, café and the like (S)",83.773584905660400,83.773584905660400,83.773584905660400,83.773584905660400,86.758147512864500,86.758147512864500,86.758147512864500,86.758147512864500,86.758147512864500,86.758147512864500,86.758147512864500,86.758147512864500,85.763293310463100
"....Isabela","11.1.1.1 - Restaurants, café and the like - with full service (S)",83.772004323539500,83.772004323539500,83.772004323539500,83.772004323539500,86.758937803925000,86.758937803925000,86.758937803925000,86.758937803925000,86.758937803925000,86.758937803925000,86.758937803925000,86.758937803925000,85.763293310463100
"....Isabela","11.2 - ACCOMMODATION SERVICES",0.000000000000000,0.000000000000000,0.000000000000000,0.000000000000000,0.000000000000000,0.000000000000000,0.000000000000000,0.000000000000000,0.000000000000000,0.000000000000000,0.000000000000000,0.000000000000000,0.000000000000000
"....Isabela","11.2.0 - Accommodation services (S)",0.000000000000000,0.000000000000000,0.000000000000000,0.000000000000000,0.000000000000000,0.000000000000000,0.000000000000000,0.000000000000000,0.000000000000000,0.000000000000000,0.000000000000000,0.000000000000000,0.000000000000000
"....Isabela","11.2.0.1 - Hotels, motels, inns and similar accommodation services (S)",0.000000000000000,0.000000000000000,0.000000000000000,0.000000000000000,0.000000000000000,0.000000000000000,0.000000000000000,0.000000000000000,0.000000000000000,0.000000000000000,0.000000000000000,0.000000000000000,0.000000000000000
"....Isabela","12 - FINANCIAL SERVICES",0.000000000000000,0.000000000000000,0.000000000000000,0.000000000000000,0.000000000000000,0.000000000000000,0.000000000000000,0.000000000000000,0.000000000000000,0.000000000000000,0.000000000000000,0.000000000000000,0.000000000000000
"....Isabela","12.2 - FINANCIAL SERVICES",0.000000000000000,0.000000000000000,0.000000000000000,0.000000000000000,0.000000000000000,0.000000000000000,0.000000000000000,0.000000000000000,0.000000000000000,0.000000000000000,0.000000000000000,0.000000000000000,0.000000000000000
"....Isabela","12.2.1 - Financial intermediation services indirectly measured (S)",0.000000000000000,0.000000000000000,0.000000000000000,0.000000000000000,0.000000000000000,0.000000000000000,0.000000000000000,0.000000000000000,0.000000000000000,0.000000000000000,0.000000000000000,0.000000000000000,0.000000000000000
"....Isabela","12.2.1.0 - Financial intermediation services indirectly measured (S)",0.000000000000000,0.000000000000000,0.000000000000000,0.000000000000000,0.000000000000000,0.000000000000000,0.000000000000000,0.000000000000000,0.000000000000000,0.000000000000000,0.000000000000000,0.000000000000000,0.000000000000000
"....Isabela","12.2.9 - Other financial services (S)",..,..,..,..,..,..,..,..,..,..,..,..,..
"....Isabela","12.2.9.1 - Remittances fees (S)",..,..,..,..,..,..,..,..,..,..,..,..,..
"....Isabela","13 - PERSONAL CARE, AND MISCELLANEOUS GOODS AND SERVICES",84.867256637168200,85.486725663716800,85.486725663716800,86.902654867256600,86.814159292035400,87.256637168141600,88.761061946902700,88.761061946902700,91.946902654867300,91.946902654867300,91.946902654867300,92.035398230088500,88.517699115044300
"....Isabela","13.1 - PERSONAL CARE",85.918003565062400,86.631016042780700,86.720142602495500,88.324420677361800,88.235294117647100,88.413547237076600,88.413547237076600,88.413547237076600,92.156862745098000,92.156862745098000,92.156862745098000,92.245989304812800,89.148841354723700
"....Isabela","13.1.1 - Electric appliances for personal care (SD)",..,..,..,..,..,..,..,..,..,..,..,..,..
"....Isabela","13.1.1.1 - Electric appliances for personal care (SD)",..,..,..,..,..,..,..,..,..,..,..,..,..
"....Isabela","13.1.2 - Other appliances, articles and products for personal care (ND)",85.181898846495100,86.069210292812800,86.157941437444500,87.666370896184600,87.577639751552800,87.755102040816300,87.755102040816300,87.755102040816300,92.191659272404600,92.191659272404600,92.191659272404600,92.369121561668100,88.738538893818400
"....Isabela","13.1.2.0 - Other appliances, articles and products for personal care (ND)",85.181898846495100,86.069210292812800,86.157941437444500,87.666370896184600,87.577639751552800,87.755102040816300,87.755102040816300,87.755102040816300,92.191659272404600,92.191659272404600,92.191659272404600,92.369121561668100,88.738538893818400
"....Isabela","13.1.3 - Hairdressing salons and personal grooming establishments (S)",89.608021877848700,89.608021877848700,89.608021877848700,91.704649042844100,91.704649042844100,91.704649042844100,91.795806745670000,91.704649042844100,91.704649042844100,91.704649042844100,91.704649042844100,91.704649042844100,91.188088726830800
"....Isabela","13.1.3.1 - Hairdressing (S)",0.000000000000000,0.000000000000000,0.000000000000000,0.000000000000000,0.000000000000000,0.000000000000000,0.000000000000000,0.000000000000000,0.000000000000000,0.000000000000000,0.000000000000000,0.000000000000000,0.000000000000000
"....Isabela","13.1.3.2 - Personal grooming treatments (S)",0.000000000000000,0.000000000000000,0.000000000000000,0.000000000000000,0.000000000000000,0.000000000000000,0.000000000000000,0.000000000000000,0.000000000000000,0.000000000000000,0.000000000000000,0.000000000000000,0.000000000000000
"....Isabela","13.2 - OTHER PERSONAL EFFECTS",77.890295358649800,77.890295358649800,77.890295358649800,77.890295358649800,77.890295358649800,79.578059071730000,90.548523206751100,90.548523206751100,90.548523206751100,90.548523206751100,90.548523206751100,90.548523206751100,84.360056258790400
"....Isabela","13.2.1 - Jewellery and watches (D)",90.670298902839900,90.670298902839900,90.670298902839900,90.670298902839900,90.670298902839900,90.670298902839900,90.670298902839900,90.670298902839900,90.670298902839900,90.670298902839900,90.670298902839900,90.670298902839900,90.670298902839800
"....Isabela","13.2.1.1 - Jewellery and watches (D)",90.579628603937000,90.579628603937000,90.579628603937000,90.579628603937000,90.579628603937000,90.579628603937000,90.579628603937000,90.579628603937000,90.579628603937000,90.579628603937000,90.579628603937000,90.579628603937000,90.579628603937100
"....Isabela","13.2.1.2 - Repair and hire of jewellery, clocks and watches (S)",100.100100100100000,100.100100100100000,100.100100100100000,100.100100100100000,100.100100100100000,100.100100100100000,100.100100100100000,100.100100100100000,100.100100100100000,100.100100100100000,100.100100100100000,100.100100100100000,100.100100100100000
"....Isabela","13.2.9 - Other personal effects n.e.c. (SD)",75.518672199170100,75.518672199170100,75.518672199170100,75.518672199170100,75.518672199170100,77.427385892116200,90.124481327800800,90.124481327800800,90.124481327800800,90.124481327800800,90.124481327800800,90.124481327800800,82.980636237897600
"....Isabela","13.2.9.1 - Travel goods and articles for babies and other personal effects n.e.c. (SD)",75.518672199170100,75.518672199170100,75.518672199170100,75.518672199170100,75.518672199170100,77.427385892116200,90.124481327800800,90.124481327800800,90.124481327800800,90.124481327800800,90.124481327800800,90.124481327800800,82.980636237897600
"....Isabela","13.9 - OTHER SERVICES",0.000000000000000,0.000000000000000,0.000000000000000,0.000000000000000,0.000000000000000,0.000000000000000,0.000000000000000,0.000000000000000,0.000000000000000,0.000000000000000,0.000000000000000,0.000000000000000,0.000000000000000
"....Isabela","13.9.0 - Other services (S)",0.000000000000000,0.000000000000000,0.000000000000000,0.000000000000000,0.000000000000000,0.000000000000000,0.000000000000000,0.000000000000000,0.000000000000000,0.000000000000000,0.000000000000000,0.000000000000000,0.000000000000000
"....Isabela","13.9.0.9 - Other services n.e.c. (S)",0.000000000000000,0.000000000000000,0.000000000000000,0.000000000000000,0.000000000000000,0.000000000000000,0.000000000000000,0.000000000000000,0.000000000000000,0.000000000000000,0.000000000000000,0.000000000000000,0.000000000000000
