"Geolocation","Commodity Description","2011 Jan","2011 Feb","2011 Mar","2011 Apr","2011 May","2011 Jun","2011 Jul","2011 Aug","2011 Sep","2011 Oct","2011 Nov","2011 Dec","2011 Ave"
"....Quezon","0 - ALL ITEMS",74.574043177107000,77.162165740961400,79.991043892151100,80.051232788984900,80.051232788984900,80.893877344658500,80.773499550990800,81.255010725661400,81.194821828827600,81.315199622495200,82.157844178168800,81.917088590833500,80.111421685818800
"....Quezon","01 - FOOD AND NON-ALCOHOLIC BEVERAGES",76.122487902456800,78.672840738227400,79.005495455936600,78.561955832324300,78.451070926421200,78.451070926421200,78.284743567566600,79.005495455936600,79.060937908888100,79.393592626597300,80.890538856288700,80.779653950385700,78.889990345620800
"....Quezon","01.1 - FOOD",76.293146755553900,78.942981085703400,79.274210376972100,78.777366440069000,78.666956676312800,78.666956676312800,78.446137148800300,79.163800613215800,79.163800613215800,79.495029904484500,81.095971478949800,80.985561715193600,79.080993290398700
"....Quezon","01.1.1 - Cereals and cereal products (ND)",79.573294507986700,81.421231678123000,82.205205023029200,82.373199311223400,82.653189791547100,82.933180271870800,83.045176464000200,83.101174560065000,83.213170752194400,83.437163136453400,83.941146001036000,84.445128865618600,82.695188363595600
"....Quezon","01.1.1.1 - Cereals (ND)",80.110522203206500,81.844805470590100,82.444664980455900,82.333963702941900,82.225472341751700,82.388209383537000,82.455398859742800,82.447190599111700,82.443086468796100,82.709579336792100,83.200000378471800,83.424244254487400,82.335594831657100
"....Quezon","01.1.1.12 - Rice",80.213903743315500,81.960056749972700,82.560296846011100,82.451162283095100,82.342027720179000,82.505729564553100,82.560296846011100,82.560296846011100,82.560296846011100,82.833133253301300,83.324238786423700,83.542507912255800,82.451162283095100
"....Quezon","01.1.1.16 - Corn",62.672751815902800,62.404919543185300,62.940584088620300,62.565618906815800,62.565618906815800,62.565618906815800,64.761843543099600,63.369115724968400,62.672751815902800,61.869254997750200,62.244220179554800,63.476248634055400,62.842378921957200
"....Quezon","01.1.1.20 - Flour, Bread and Other Bakery Products, Pasta Products,  and Other Cereals",76.494846853455600,78.907933504984200,80.476439828477800,81.682983154242100,83.372143810312100,83.975415473194200,84.277051304635300,84.639014302364600,85.121631632670300,85.302613131534900,85.785230461840600,87.293409619046000,83.110726089729800
"....Quezon","01.1.2 - Meat and other parts of slaughtered land animals (ND)",79.151723592507900,80.655018095090600,81.831509444937900,81.831509444937900,81.896870075485000,82.223673228220400,82.289033858767500,82.811918903144000,82.419755119861600,82.158312597673300,82.354394489314500,82.289033858767500,81.826062725725700
"....Quezon","01.1.2.2 - Meat, fresh, chilled or frozen (ND)",81.588885262716200,81.056059889572000,81.722091606002300,81.788694777645300,81.788694777645300,82.188313807503500,82.388123322432600,83.253964553792100,82.587932837361700,82.121710635860500,82.254916979146600,82.188313807503500,82.077308521431800
"....Quezon","01.1.2.3 - Meat, dried, salted, in brine or smoked (ND)",..,..,..,..,..,..,..,..,..,..,..,..,..
"....Quezon","01.1.2.4 - Offal, blood and other parts of slaughtered animals, fresh, chilled or frozen, dried, salted, in brine or smoked (ND)",79.608262362838200,79.088371669856400,79.738235036083700,79.803221372706400,79.803221372706400,80.193139392442700,80.388098402310900,81.232920778406300,80.583057412179100,80.128153055820000,80.258125729065500,80.193139392442700,80.084828831404900
"....Quezon","01.1.2.5 - Meat, offal, blood and other parts of slaughtered animals' preparations (ND)",61.556139198949400,73.210768220617200,76.876778288465700,76.767345152112100,76.767345152112100,76.767345152112100,76.767345152112100,75.673013788575200,76.329612606697300,77.040927992996300,77.259794265703600,77.369227402057300,75.198803531042500
"....Quezon","01.1.3 - Fish and other seafood (ND)",64.400247795402300,66.596291138148000,66.953786566036800,68.128414400528700,67.617706646401800,67.413423544751000,68.588051379242900,69.915891539972800,70.273386967861700,69.915891539972800,73.541916594273800,72.775854963083500,68.843405256306300
"....Quezon","01.1.3.1 - Fish, live, fresh, chilled or frozen (ND)",67.165477316767100,67.211990805213600,63.025776845027300,63.258344287259900,59.909373119110800,59.444238234645700,64.374668009976200,64.932829871334400,67.351531270553200,66.514288478515900,69.212070808413800,70.840042904041800,65.270052662571600
"....Quezon","01.1.3.2 - Fish, dried, salted, in brine or smoked (ND)",71.902630764738900,74.680686953376600,73.863611603777300,73.700196533857400,70.922140345219800,71.739215694819100,72.283932594552000,70.813196965273200,72.066045834658800,74.462800193483400,75.061988783189600,74.408328503510100,72.992064564204700
"....Quezon","01.1.3.3 - Fish preparations (ND)",83.514026055821200,83.722117482870600,84.831938427134000,84.831938427134000,84.831938427134000,84.831938427134000,84.623847000084600,84.554483191068200,84.970666045167000,85.178757472216300,85.733667944348000,85.733667944348000,84.779915570371600
"....Quezon","01.1.3.4 - Other seafood, live, fresh, chilled or frozen (ND)",56.439155228331200,59.321154644246000,61.242487588189200,62.923653914139500,63.644153768118200,63.452020473723800,63.452020473723800,65.421386741265600,64.893020181681200,64.412686945695400,68.735686069567600,67.102553067215900,63.419998257991500
"....Quezon","01.1.3.6 - Other seafood preparations (ND)",111.696806489806000,111.696806489806000,113.706946978524000,113.706946978524000,113.706946978524000,113.706946978524000,113.706946978524000,113.706946978524000,113.706946978524000,113.706946978524000,113.706946978524000,113.706946978524000,113.371923563738000
"....Quezon","01.1.4 - Milk, other dairy products and eggs (ND)",79.865177171818600,80.360849334250300,81.352193659113900,81.785906801241700,82.033742882457500,81.909824841849600,82.157660923065500,82.343537983977400,82.157660923065500,82.157660923065500,82.591374065193300,82.839210146409200,81.796233304625700
"....Quezon","01.1.4.1 - Raw and whole milk (ND)",..,..,..,..,..,..,..,..,..,..,..,..,..
"....Quezon","01.1.4.3 - Other milk and cream (ND)",..,..,..,..,..,..,..,..,..,..,..,..,..
"....Quezon","01.1.4.4 - Non-animal milk (ND)",..,..,..,..,..,..,..,..,..,..,..,..,..
"....Quezon","01.1.4.5 - Cheese (ND)",81.798331177143000,82.345935067868700,82.345935067868700,82.961989444935000,82.961989444935000,83.304241876638500,83.304241876638500,83.783395281023500,83.509593335660700,83.509593335660700,84.194098199067700,84.194098199067700,83.184453525542300
"....Quezon","01.1.4.6 - Yoghurt and similar products (ND)",..,..,..,..,..,..,..,..,..,..,..,..,..
"....Quezon","01.1.4.7 - Milk-based dessert and beverages (ND)",..,..,..,..,..,..,..,..,..,..,..,..,..
"....Quezon","01.1.4.8 - Eggs (ND)",78.135121822871300,79.048315357689300,78.534643994354200,78.534643994354200,79.048315357689300,78.534643994354200,78.648793186206400,79.105389953615500,78.648793186206400,78.648793186206400,78.648793186206400,79.105389953615500,78.720136431114100
"....Quezon","01.1.5 - Oils and fats (ND)",68.918153419715300,76.617737642167300,87.479651098840700,95.419847328244300,104.459984160855000,105.044327606309000,105.078700750160000,107.691059682777000,105.869283058715000,105.353685900961000,105.353685900961000,102.466341817542000,97.479371530604000
"....Quezon","01.1.5.1 - Vegetable oils (ND)",69.102583911376800,76.913290582504800,88.032462524809200,96.116032311085800,105.359270336744000,105.939104456435000,105.939104456435000,108.599519829133000,106.723585912487000,106.177859682190000,106.177859682190000,103.210473304949000,98.190928915861400
"....Quezon","01.1.5.2 - Butter and other fats and oils derived from milk (ND)",..,..,..,..,..,..,..,..,..,..,..,..,..
"....Quezon","01.1.5.3 - Margarine and similar preparations (ND)",..,..,..,..,..,..,..,..,..,..,..,..,..
"....Quezon","01.1.5.9 - Other animal oils and fats (ND)",..,..,..,..,..,..,..,..,..,..,..,..,..
"....Quezon","01.1.6 - Fruits and nuts (ND)",60.880467377719800,68.743697997934100,66.559467270096800,59.013942937567900,56.909138781652000,56.631145779927200,56.035446490517100,55.836880060713700,61.873299526736800,61.793872954815400,63.541257537085300,65.288642119355100,61.092271569510100
"....Quezon","01.1.6.1 - Dates, figs and tropical fruits, fresh (ND)",58.492967240915500,66.314701232433200,64.047531959529500,56.376942586205300,54.185345622398400,53.845270231462900,53.165119449591700,52.862830213204600,59.021973404593000,58.984187250044600,60.722350359270700,62.498299623045300,58.376459931057900
"....Quezon","01.1.6.2 - Citrus fruits, fresh (ND)",0.000000000000000,0.000000000000000,0.000000000000000,0.000000000000000,0.000000000000000,0.000000000000000,0.000000000000000,0.000000000000000,0.000000000000000,0.000000000000000,0.000000000000000,0.000000000000000,0.000000000000000
"....Quezon","01.1.6.3 - Stone fruits and pome fruits, fresh (ND)",0.000000000000000,0.000000000000000,0.000000000000000,0.000000000000000,0.000000000000000,0.000000000000000,0.000000000000000,0.000000000000000,0.000000000000000,0.000000000000000,0.000000000000000,0.000000000000000,0.000000000000000
"....Quezon","01.1.6.5 - Other fruits, fresh (ND)",0.000000000000000,0.000000000000000,0.000000000000000,0.000000000000000,0.000000000000000,0.000000000000000,0.000000000000000,0.000000000000000,0.000000000000000,0.000000000000000,0.000000000000000,0.000000000000000,0.000000000000000
"....Quezon","01.1.6.7 - Fruit, dried and dehydrated (ND)",89.853166776243700,92.658338812185000,95.375849222003100,95.375849222003100,95.375849222003100,95.375849222003100,95.375849222003100,95.375849222003100,95.375849222003100,95.375849222003100,93.797939951786100,102.564102564103000,95.156695156695100
"....Quezon","01.1.6.8 - Nuts, in shell or shelled (ND)",77.607071451120700,83.087796836086900,83.471447613034500,83.471447613034500,84.677207197727100,86.650268336314900,89.171402013399300,91.911764705882400,91.144463151987100,89.993510821144200,91.144463151987100,90.377161598091800,86.892333707484200
"....Quezon","01.1.6.9 - Fruit and nuts ground and other preparations (ND)",..,..,..,..,..,..,..,..,..,..,..,..,..
"....Quezon","01.1.7 - Vegetables, tubers, plantains, cooking bananas and pulses (ND)",69.578050745728700,74.922302797099300,70.811339680660400,69.012793317218400,65.980958018844700,66.186506174666600,66.494828408399500,69.680824823639700,69.732211862595200,73.637626823212200,80.934586354891200,79.804071497870500,71.398008375402200
"....Quezon","01.1.7.1 - Leafy or stem vegetables, fresh or chilled (ND)",62.454880504578400,61.979938447509400,63.404764618716500,63.107925833048400,63.048558075914700,62.336144990311200,62.039306204643000,62.276777233177500,63.107925833048400,64.829590789923600,70.350792203351200,67.679243132337800,63.884653988880000
"....Quezon","01.1.7.2 - Fruit-bearing vegetables, fresh or chilled (ND)",74.900065676918200,77.636603935750100,68.666839642912200,69.224282621563100,65.980978018503100,67.957366760992800,73.075706837696900,74.748035773649800,75.153448849032300,83.211033722259600,86.048925249937200,82.096147764957700,74.891619571181100
"....Quezon","01.1.7.3 - Green leguminous vegetables, fresh or chilled (ND)",0.000000000000000,0.000000000000000,0.000000000000000,0.000000000000000,0.000000000000000,0.000000000000000,0.000000000000000,0.000000000000000,0.000000000000000,0.000000000000000,0.000000000000000,0.000000000000000,0.000000000000000
"....Quezon","01.1.7.4 - Other vegetables, fresh or chilled (ND)",61.692334926535700,77.889892016286100,75.234554788458100,68.640467339352100,64.701717118074000,64.745972738537800,60.231899451230300,69.791113471410900,67.711099309612300,69.304301646309100,83.200566471941900,84.838024429102500,70.665161975570900
"....Quezon","01.1.7.5 - Tubers, plantains and cooking bananas (ND)",0.000000000000000,0.000000000000000,0.000000000000000,0.000000000000000,0.000000000000000,0.000000000000000,0.000000000000000,0.000000000000000,0.000000000000000,0.000000000000000,0.000000000000000,0.000000000000000,0.000000000000000
"....Quezon","01.1.7.9 - Vegetables, tubers, plantains, cooking bananas and pulses ground and other preparations (ND)",95.831065142442400,95.831065142442400,96.043708038468500,96.043708038468500,96.043708038468500,96.398112865178700,97.461327345309400,97.461327345309400,98.666303756124100,99.375113409544500,99.375113409544500,99.375113409544500,97.325472161737100
"....Quezon","01.1.8 - Sugar, confectionery and desserts (ND)",128.725015687769000,130.368044852169000,122.721639894770000,108.945472285574000,104.142771651175000,100.919906751776000,87.396512860178900,86.385417989779100,81.645910784780200,81.519523925980300,80.382042196780500,78.928593320580900,99.340071016775900
"....Quezon","01.1.8.1 - Cane and beet sugar (ND)",131.180858399946000,132.880564108043000,124.382035567556000,109.266795520547000,103.985567070387000,100.404044328325000,85.531619382472600,84.378247651978000,79.218426752396600,79.036315426529000,77.822239920745100,76.183237987936900,98.689162676405200
"....Quezon","01.1.8.3 - Jams, fruit jellies, marmalades, fruit purée and pastes, honey (ND)",..,..,..,..,..,..,..,..,..,..,..,..,..
"....Quezon","01.1.8.4 - Nut purée, nut butter and nut pastes (ND)",0.000000000000000,0.000000000000000,0.000000000000000,0.000000000000000,0.000000000000000,0.000000000000000,0.000000000000000,0.000000000000000,0.000000000000000,0.000000000000000,0.000000000000000,0.000000000000000,0.000000000000000
"....Quezon","01.1.8.5 - Chocolate, cocoa, and cocoa-based food products (ND)",80.107186240127800,82.192259937394000,82.192259937394000,82.192259937394000,82.192259937394000,82.192259937394000,82.192259937394000,82.192259937394000,82.192259937394000,82.192259937394000,82.192259937394000,82.192259937394000,82.018503795955100
"....Quezon","01.1.8.6 - Ice, ice cream and sorbet (ND)",81.554278480473400,81.630355232787300,84.977732334597700,84.977732334597700,85.129885839225500,85.129885839225500,85.129885839225500,86.042806866992000,86.042806866992000,86.042806866992000,86.042806866992000,86.042806866992000,84.895315852924400
"....Quezon","01.1.8.9 - Other sugar confectionery and desserts n.e.c. (ND)",99.800399201596800,99.800399201596800,99.800399201596800,99.800399201596800,99.800399201596800,99.800399201596800,99.800399201596800,99.800399201596800,99.800399201596800,99.800399201596800,99.800399201596800,99.800399201596800,99.800399201596800
"....Quezon","01.1.9 - Ready-made food and other food products n.e.c. (ND)",78.698335099179400,80.992544514614800,84.260054894174400,83.773404412112300,84.607662381361600,84.816226873673900,85.720006340360600,86.067613827547800,84.399097889049300,83.703882914674900,84.885748371111300,85.580963345485700,83.958795071945500
"....Quezon","01.1.9.2 - Baby food (ND)",0.000000000000000,0.000000000000000,0.000000000000000,0.000000000000000,0.000000000000000,0.000000000000000,0.000000000000000,0.000000000000000,0.000000000000000,0.000000000000000,0.000000000000000,0.000000000000000,0.000000000000000
"....Quezon","01.1.9.3 - Salt, condiments and sauces (ND)",77.446586169652600,80.366895820876300,84.961207970563400,84.338730441168200,84.395707561750500,84.759428867466100,85.043149137863900,85.726291918594300,82.975940877248100,83.066871203677000,84.716877035535600,86.080831931969200,83.656543244697100
"....Quezon","01.1.9.4 - Spices, culinary herbs and seeds (ND)",..,..,..,..,..,..,..,..,..,..,..,..,..
"....Quezon","01.1.9.9 - Other food products n.e.c. (ND)",86.908787043435000,88.388912283735800,89.418564624814600,90.329253744649500,90.715136621865500,90.715136621865500,90.522076807913200,91.036902978452700,91.224069449432700,91.224069449432700,92.060661976559300,92.089891940731900,90.386121961907400
"....Quezon","01.2 - NON-ALCOHOLIC BEVERAGES",74.266374278742100,74.742059622401000,75.277205634017200,75.693430309718700,75.812351645633400,76.109654985420200,76.525879661121800,77.120486340695400,78.369160367799900,78.428621035757300,78.547542371672000,78.369160367799900,76.605160551731600
"....Quezon","01.2.1 - Fruit and vegetable juices (ND)",49.722177507391700,49.506743462732300,49.592917080596000,50.540826877097400,50.713174112825000,50.928608157484400,51.057868584280000,51.057868584280000,51.230215820007600,50.670087303893100,50.670087303893100,51.230215820007600,50.576732551207300
"....Quezon","01.2.1.0 - Fruit and vegetable juices (ND)",49.722177507391700,49.506743462732300,49.592917080596000,50.540826877097400,50.713174112825000,50.928608157484400,51.057868584280000,51.057868584280000,51.230215820007600,50.670087303893100,50.670087303893100,51.230215820007600,50.576732551207300
"....Quezon","01.2.2 - Coffee and coffee substitutes (ND)",82.846715328467200,83.211678832116800,84.215328467153300,84.945255474452500,84.945255474452500,85.492700729927000,85.857664233576600,86.770072992700700,89.324817518248200,89.507299270073000,89.598540145985400,88.959854014598500,86.306265206812700
"....Quezon","01.2.2.0 - Coffee and coffee substitutes (ND)",82.886144850600600,83.186674744910200,84.208476385563000,84.989854110768100,84.989854110768100,85.470701941663500,85.831337814835100,86.793033476626000,89.317484588827000,89.497802525412800,89.618014483136600,88.956848715655400,86.312185645730500
"....Quezon","01.2.3 - Tea, maté and other plant products for infusion (ND)",..,..,..,..,..,..,..,..,..,..,..,..,..
"....Quezon","01.2.3.0 - Tea, maté and other plant products for infusion (ND)",..,..,..,..,..,..,..,..,..,..,..,..,..
"....Quezon","01.2.4 - Cocoa drinks (ND)",79.313925142702300,80.379803978612200,80.944092774093900,81.382984059468500,81.571080324629100,81.759176589789600,81.884574099896700,82.072670365057200,82.511561650431900,82.511561650431900,82.323465385271300,82.511561650431900,81.597204805901400
"....Quezon","01.2.4.0 - Cocoa drinks (ND)",79.313925142702300,80.379803978612200,80.944092774093900,81.382984059468500,81.571080324629100,81.759176589789600,81.884574099896700,82.072670365057200,82.511561650431900,82.511561650431900,82.323465385271300,82.511561650431900,81.597204805901400
"....Quezon","01.2.5 - Water (ND)",88.212360757051100,88.299873019706900,88.387385282362700,90.487679586102000,90.750216374069400,90.750216374069400,90.750216374069400,90.750216374069400,91.187777687348500,91.187777687348500,92.675486152497100,92.675486152497100,90.509557651765900
"....Quezon","01.2.5.0 - Water (ND)",88.212360757051100,88.299873019706900,88.387385282362700,90.487679586102000,90.750216374069400,90.750216374069400,90.750216374069400,90.750216374069400,91.187777687348500,91.187777687348500,92.675486152497100,92.675486152497100,90.509557651765900
"....Quezon","01.2.6 - Soft drinks (ND)",70.742992619785100,71.953908709673300,71.953908709673300,70.233133213516400,70.424330490867100,70.424330490867100,70.424330490867100,71.571514154971800,72.272570838591300,72.272570838591300,72.272570838591300,72.081373561240500,71.385627913103000
"....Quezon","01.2.6.0 - Soft drinks (ND)",70.742992619785100,71.953908709673300,71.953908709673300,70.233133213516400,70.424330490867100,70.424330490867100,70.424330490867100,71.571514154971800,72.272570838591300,72.272570838591300,72.272570838591300,72.081373561240500,71.385627913103000
"....Quezon","01.2.9 - Other non-alcoholic beverages (ND)",..,..,..,..,..,..,..,..,..,..,..,..,..
"....Quezon","01.2.9.0 - Other non-alcoholic beverages (ND)",..,..,..,..,..,..,..,..,..,..,..,..,..
"....Quezon","02 - ALCOHOLIC BEVERAGES AND TOBACCO",39.017004425809500,40.592757018950100,40.969567421657700,41.757443718228000,41.825954700538500,42.031487647469900,42.237020594401300,42.237020594401300,42.374042559022200,42.374042559022200,42.374042559022200,42.408298050177400,41.683223487391700
"....Quezon","02.1 - ALCOHOLIC BEVERAGES",75.060855859005100,75.378641023522400,75.505755089329400,75.950654319653800,76.141325418364200,76.204882451267600,77.158237944819800,77.158237944819800,77.539580142240600,77.603137175144100,77.603137175144100,77.730251240951100,76.586224648688500
"....Quezon","02.1.1 - Spirits and liquors (ND)",77.119957587457000,77.531996541619700,77.531996541619700,78.081381813836700,78.287401290918100,78.356074449945200,79.729537630487600,79.729537630487600,80.072903425623200,80.141576584650300,80.141576584650300,80.347596061731700,78.922628011918900
"....Quezon","02.1.1.0 - Spirits and liquors (ND)",77.119957587457000,77.531996541619700,77.531996541619700,78.081381813836700,78.287401290918100,78.356074449945200,79.729537630487600,79.729537630487600,80.072903425623200,80.141576584650300,80.141576584650300,80.347596061731700,78.922628011918900
"....Quezon","02.1.2 - Wine (ND)",..,..,..,..,..,..,..,..,..,..,..,..,..
"....Quezon","02.1.2.1 - Wine from grapes (ND)",0.000000000000000,0.000000000000000,0.000000000000000,0.000000000000000,0.000000000000000,0.000000000000000,0.000000000000000,0.000000000000000,0.000000000000000,0.000000000000000,0.000000000000000,0.000000000000000,0.000000000000000
"....Quezon","02.1.2.2 - Wine from other sources (ND)",..,..,..,..,..,..,..,..,..,..,..,..,..
"....Quezon","02.1.3 - Beer (ND)",72.544541361041600,72.700439372562500,73.168133407125100,73.324031418645900,73.324031418645900,73.375997422486200,73.375997422486200,73.375997422486200,73.843691457048800,73.843691457048800,73.843691457048800,73.843691457048800,73.380327922806200
"....Quezon","02.1.3.0 - Beer (ND)",72.544541361041600,72.700439372562500,73.168133407125100,73.324031418645900,73.324031418645900,73.375997422486200,73.375997422486200,73.375997422486200,73.843691457048800,73.843691457048800,73.843691457048800,73.843691457048800,73.380327922806200
"....Quezon","02.3 - TOBACCO",31.838583544443200,33.989839189338000,34.477457135514200,35.424009619267900,35.481376436465100,35.739527113852500,35.768210522451100,35.768210522451100,35.825577339648300,35.825577339648300,35.825577339648300,35.825577339648300,35.149126953531300
"....Quezon","02.3.0 - Tobacco (ND)",31.838583544443200,33.989839189338000,34.477457135514200,35.424009619267900,35.481376436465100,35.739527113852500,35.768210522451100,35.768210522451100,35.825577339648300,35.825577339648300,35.825577339648300,35.825577339648300,35.149126953531300
"....Quezon","02.3.0.1 - Cigarettes (ND)",31.838583544443200,33.989839189338000,34.477457135514200,35.424009619267900,35.481376436465100,35.739527113852500,35.768210522451100,35.768210522451100,35.825577339648300,35.825577339648300,35.825577339648300,35.825577339648300,35.149126953531300
"....Quezon","02.3.0.2 - Cigars (ND)",..,..,..,..,..,..,..,..,..,..,..,..,..
"....Quezon","02.3.0.9 - Other tobacco products (ND)",0.000000000000000,0.000000000000000,0.000000000000000,0.000000000000000,0.000000000000000,0.000000000000000,0.000000000000000,0.000000000000000,0.000000000000000,0.000000000000000,0.000000000000000,0.000000000000000,0.000000000000000
"....Quezon","02.4 - OTHER VEGETABLE-BASED TOBACCO PRODUCTS",..,..,..,..,..,..,..,..,..,..,..,..,..
"....Quezon","02.4.0 - Other vegetable-based tobacco products (ND)",..,..,..,..,..,..,..,..,..,..,..,..,..
"....Quezon","02.4.0.0 - Other vegetable-based tobacco products (ND)",..,..,..,..,..,..,..,..,..,..,..,..,..
"....Quezon","02.900 - NON-FOOD",75.676455845323500,78.342035475614200,83.023053362953800,83.478152324222900,83.543166461547100,84.908463345354400,84.908463345354400,85.168519894651100,85.038491620002800,85.038491620002800,85.428576443947700,85.103505757326900,83.304781291358500
"....Quezon","03 - CLOTHING AND FOOTWEAR",77.321613004625300,80.128205128205100,81.040347568368600,81.601665993084600,82.934797251785000,83.145291661053500,83.145291661053500,83.425950873411500,83.917104495037900,84.057434101216900,84.127598904306400,84.197763707395900,82.420255362462000
"....Quezon","03.1 - CLOTHING",77.002345653708600,78.995012639202000,79.849012775842000,80.560679556375400,81.414679693015400,81.699346405228800,81.770513083282100,81.984013117442100,82.624513219922100,82.838013254082100,82.980346610188800,83.051513288242100,81.230832441377700
"....Quezon","03.1.1 - Clothing materials (SD)",61.151817050709700,61.151817050709700,61.151817050709700,61.151817050709700,61.151817050709700,61.151817050709700,61.151817050709700,61.151817050709700,61.151817050709700,61.151817050709700,61.151817050709700,61.151817050709700,61.151817050709700
"....Quezon","03.1.1.0 - Clothing materials (SD)",61.151817050709700,61.151817050709700,61.151817050709700,61.151817050709700,61.151817050709700,61.151817050709700,61.151817050709700,61.151817050709700,61.151817050709700,61.151817050709700,61.151817050709700,61.151817050709700,61.151817050709700
"....Quezon","03.1.2 - Garments (SD)",77.145459242805400,78.805277355606700,80.104265443885900,80.898091497834300,80.970257502738700,81.403253532165100,81.475419537069500,81.836249561591500,82.052747576304700,82.341411595922300,82.630075615539900,82.702241620444300,81.030395840159000
"....Quezon","03.1.2.1 - Garments for men or boys (SD)",77.581430375498600,79.394398927667700,80.683158713135100,81.651166764094400,81.651166764094400,81.930311851840000,82.017360376988300,82.459242045434100,82.569011509775400,82.843435170628600,83.670396159537900,83.670396159537900,81.676789568186000
"....Quezon","03.1.2.2 - Garments for women or girls (SD)",77.957380108334100,79.552432813452800,80.896027913427800,81.810653594262500,81.816977970043300,82.387699162335800,82.387699162335800,82.711312084808800,83.058801102620000,83.404139402869800,83.452580104532300,83.454863906897600,81.907547277160000
"....Quezon","03.1.2.3 - Garments for infants (0 to under 2 years) (SD)",61.540469585268800,64.803545646999300,66.406460203638900,66.406460203638900,68.467350347889700,68.467350347889700,68.467350347889700,68.925325935501000,68.925325935501000,68.925325935501000,68.467350347889700,69.211560677758100,67.417822959613800
"....Quezon","03.1.2.4 - School uniforms (SD)",0.000000000000000,0.000000000000000,0.000000000000000,0.000000000000000,0.000000000000000,0.000000000000000,0.000000000000000,0.000000000000000,0.000000000000000,0.000000000000000,0.000000000000000,0.000000000000000,0.000000000000000
"....Quezon","03.1.3 - Other articles of clothing and clothing accessories (SD)",82.428716167318000,82.428716167318000,82.428716167318000,83.803734259661300,83.803734259661300,83.803734259661300,83.803734259661300,83.803734259661300,83.803734259661300,83.803734259661300,83.803734259661300,83.803734259661300,83.459979736575500
"....Quezon","03.1.3.1 - Other articles of clothing (SD)",84.688926197950500,84.688926197950500,84.688926197950500,86.101647530488800,86.101647530488800,86.101647530488800,86.101647530488800,86.101647530488800,86.101647530488800,86.101647530488800,86.101647530488800,86.101647530488800,85.748467197354200
"....Quezon","03.1.3.2 - Clothing accessories (SD)",73.894899675367600,73.957284330576500,73.957284330576500,73.987120470024300,73.987120470024300,73.987120470024300,73.987120470024300,73.201670338791300,73.987120470024300,73.987120470024300,73.987120470024300,73.987120470024300,73.909008536292200
"....Quezon","03.1.4 - Cleaning, repair, tailoring and hire of clothing (S)",83.448695726356500,89.187732421291800,89.187732421291800,89.187732421291800,93.841005417185300,93.841005417185300,93.841005417185300,93.841005417185300,96.865632864516100,96.865632864516100,96.865632864516100,96.865632864516100,92.819870509753100
"....Quezon","03.1.4.1 - Cleaning of clothing (S)",..,..,..,..,..,..,..,..,..,..,..,..,..
"....Quezon","03.1.4.2 - Repair, tailoring and hire of clothing (S)",77.694399091790300,83.037694196616000,83.037694196616000,83.037694196616000,87.370095632961200,87.370095632961200,87.370095632961200,87.370095632961200,90.186156566585600,90.186156566585600,90.186156566585600,90.186156566585600,86.419374206652100
"....Quezon","03.2 - FOOTWEAR",78.060062394075800,82.917732655418500,84.064682578235500,84.199617863272800,86.628452993944100,86.628452993944100,86.628452993944100,87.033258849056000,86.965791206537300,86.965791206537300,86.965791206537300,86.965791206537300,85.335323179003400
"....Quezon","03.2.1 - Shoes and other footwear (SD)",83.080448734434000,85.152102228241900,86.723701430441000,86.866574085186400,87.438064704167900,87.438064704167900,87.438064704167900,88.009555323149400,87.938118995776700,87.938118995776700,87.938118995776700,87.938118995776700,86.991587658088600
"....Quezon","03.2.1.1 - Footwear for men (SD)",80.049060960221300,84.429503837126700,88.809946714032000,88.809946714032000,88.809946714032000,88.809946714032000,88.809946714032000,88.809946714032000,88.809946714032000,88.809946714032000,88.809946714032000,88.809946714032000,87.714835994805600
"....Quezon","03.2.1.2 - Footwear for women (SD)",79.088251716096800,80.336322133543500,80.730449633789900,80.730449633789900,81.847144217821100,81.847144217821100,81.847144217821100,82.635399218313800,82.635399218313800,82.635399218313800,82.635399218313800,82.635399218313800,81.633658488521000
"....Quezon","03.2.1.3 - Footwear for infants and children (SD)",90.085750072261300,90.888653370588000,91.611266339082100,92.333879307576200,92.333879307576200,92.333879307576200,92.333879307576200,93.056492276070300,92.815621286572200,92.815621286572200,92.815621286572200,92.815621286572200,92.186680369549600
"....Quezon","03.2.2 - Cleaning, repair, and hire of footwear (S)",49.537763823478100,59.436595150880900,59.436595150880900,59.436595150880900,65.367172510029700,65.367172510029700,65.367172510029700,65.367172510029700,65.367172510029700,65.367172510029700,65.367172510029700,65.367172510029700,62.565410779696500
"....Quezon","03.2.2.0 - Cleaning, repair, and hire of footwear (S)",49.537763823478100,59.436595150880900,59.436595150880900,59.436595150880900,65.367172510029700,65.367172510029700,65.367172510029700,65.367172510029700,65.367172510029700,65.367172510029700,65.367172510029700,65.367172510029700,62.565410779696500
"....Quezon","04 - HOUSING, WATER, ELECTRICITY, GAS, AND OTHER FUELS",71.583016432692100,74.338674182563000,86.258496077353200,87.091601908709500,86.899346716858100,88.821898635372600,88.245133059818300,87.796537612164900,87.219772036610500,87.091601908709500,88.052877867966800,87.155686972660000,85.046220284289900
"....Quezon","04.1 - ACTUAL RENTALS FOR HOUSING",80.694284366359500,81.366114670982300,81.366114670982300,81.366114670982300,81.366114670982300,82.933718715102100,82.933718715102100,82.933718715102100,82.933718715102100,82.933718715102100,82.933718715102100,82.933718715102100,82.224564504667000
"....Quezon","04.1.1 - Actual rentals paid by tenants for main residence (S)",80.694284366359500,81.366114670982300,81.366114670982300,81.366114670982300,81.366114670982300,82.933718715102100,82.933718715102100,82.933718715102100,82.933718715102100,82.933718715102100,82.933718715102100,82.933718715102100,82.224564504667000
"....Quezon","04.1.1.0 - Actual rentals paid by tenants for main residence (S)",80.694284366359500,81.366114670982300,81.366114670982300,81.366114670982300,81.366114670982300,82.933718715102100,82.933718715102100,82.933718715102100,82.933718715102100,82.933718715102100,82.933718715102100,82.933718715102100,82.224564504667000
"....Quezon","04.3 - MAINTENANCE, REPAIR AND SECURITY OF THE DWELLING",83.660113401515500,83.593874198505600,84.190027025594800,84.454983837634500,85.249854273753400,85.249854273753400,85.249854273753400,85.183615070743500,85.316093476763300,85.249854273753400,85.779767897832700,85.779767897832700,84.913138325119700
"....Quezon","04.3.1 - Security equipment and materials for the maintenance and repair of the dwelling (ND)",84.133125506051500,84.067190454714500,84.858411070758900,85.188086327444000,86.177112097499500,86.177112097499500,86.111177046162400,86.045241994825400,86.243047148836500,86.177112097499500,86.836462610869800,86.770527559532800,85.732050500974500
"....Quezon","04.3.1.1 - Materials for the maintenance and repair of the dwelling (ND)",84.133125506051500,84.067190454714500,84.858411070758900,85.188086327444000,86.177112097499500,86.177112097499500,86.111177046162400,86.045241994825400,86.243047148836500,86.177112097499500,86.836462610869800,86.770527559532800,85.732050500974500
"....Quezon","04.3.2 - Services for the maintenance, repair and security of the dwelling (S)",82.014764009785000,81.811924527485400,81.811924527485400,81.811924527485400,81.811924527485400,81.811924527485400,81.811924527485400,81.811924527485400,81.811924527485400,81.811924527485400,81.811924527485400,81.811924527485400,81.828827817677100
"....Quezon","04.3.2.0 - Services for the maintenance, repair and security of the dwelling (S)",82.014764009785000,81.811924527485400,81.811924527485400,81.811924527485400,81.811924527485400,81.811924527485400,81.811924527485400,81.811924527485400,81.811924527485400,81.811924527485400,81.811924527485400,81.811924527485400,81.828827817677100
"....Quezon","04.4 - WATER SUPPLY AND MISCELLANEOUS SERVICES RELATING TO THE DWELLING",71.235117203138300,71.235117203138300,71.235117203138300,71.235117203138300,71.235117203138300,71.235117203138300,71.235117203138300,71.235117203138300,71.235117203138300,71.235117203138300,71.235117203138300,71.235117203138300,71.235117203138300
"....Quezon","04.4.1 - Water supply (ND)",71.235117203138300,71.235117203138300,71.235117203138300,71.235117203138300,71.235117203138300,71.235117203138300,71.235117203138300,71.235117203138300,71.235117203138300,71.235117203138300,71.235117203138300,71.235117203138300,71.235117203138300
"....Quezon","04.4.1.1 - Water supply through network systems (ND)",71.184307561766600,71.184307561766600,71.184307561766600,71.184307561766600,71.184307561766600,71.184307561766600,71.184307561766600,71.184307561766600,71.184307561766600,71.184307561766600,71.184307561766600,71.184307561766600,71.184307561766600
"....Quezon","04.5 - ELECTRICITY, GAS AND OTHER FUELS",61.514598426472100,67.432458528259300,97.177492197768600,99.253934338746600,98.734823803502100,101.434198586774000,100.032600141613000,98.942468017599900,97.385136411866400,97.125581144244200,99.513489606368800,97.229403251293100,92.981348704542300
"....Quezon","04.5.1 - Electricity (ND)",48.683595575634800,48.683595575634800,91.135690917588400,89.577815859168100,92.206730020252400,96.442202835332600,94.786960585761000,93.131718336189500,90.648854961832100,90.113335410500100,93.472503505218900,89.967284623773200,84.904190683907100
"....Quezon","04.5.1.0 - Electricity (ND)",48.683595575634800,48.683595575634800,91.135690917588400,89.577815859168100,92.206730020252400,96.442202835332600,94.786960585761000,93.131718336189500,90.648854961832100,90.113335410500100,93.472503505218900,89.967284623773200,84.904190683907100
"....Quezon","04.5.2 - Gas (ND)",107.259362625391000,109.477994234618000,109.631003311116000,116.210393600548000,117.281457136037000,116.057384524050000,111.926139458593000,112.079148535091000,112.920698455832000,111.390607690848000,111.084589537851000,111.161094076101000,112.206656098840000
"....Quezon","04.5.2.2 - Liquefied hydrocarbons (ND)",..,..,..,..,..,..,..,..,..,..,..,..,..
"....Quezon","04.5.3 - Liquid fuels (ND)",..,..,..,..,..,..,..,..,..,..,..,..,..
"....Quezon","04.5.3.0 - Liquid fuels (ND)",..,..,..,..,..,..,..,..,..,..,..,..,..
"....Quezon","04.5.4 - Solid fuels (ND)",56.614825597459300,77.934514330003800,83.424868953435000,91.981265769171900,82.925745805850400,82.925745805850400,83.888340447620800,83.888340447620800,83.888340447620800,85.064845009784600,85.777878077762700,85.777878077762700,82.007715730828600
"....Quezon","04.5.4.2 - Wood fuel, including pellets and briquettes (ND)",..,..,..,..,..,..,..,..,..,..,..,..,..
"....Quezon","04.5.4.3 - Charcoal (ND)",56.614825597459300,77.934514330003800,83.424868953435000,91.981265769171900,82.925745805850400,82.925745805850400,83.888340447620800,83.888340447620800,83.888340447620800,85.064845009784600,85.777878077762700,85.777878077762700,82.007715730828600
"....Quezon","05 - FURNISHINGS, HOUSEHOLD EQUIPMENT AND ROUTINE HOUSEHOLD MAINTENANCE",76.400524130066300,77.664503389571000,78.717819439158300,79.349809068910700,80.543567258443000,81.315999028140400,81.456441168085300,81.877767587920300,82.790641497562600,83.001304707480100,83.141746847425100,83.211967917397600,80.789341003346700
"....Quezon","05.1 - FURNITURE, FURNISHINGS, AND LOOSE CARPETS",73.668069557273800,74.581579720074400,75.103585527389000,75.103585527389000,75.103585527389000,75.103585527389000,75.821343512446600,75.821343512446600,75.821343512446600,75.821343512446600,76.865355127075800,76.865355127075800,75.473339640903500
"....Quezon","05.1.1 - Furniture, furnishings and loose carpets (D)",73.552692784278900,74.464772234216800,74.985960491324200,74.985960491324200,74.985960491324200,74.985960491324200,75.702594344846800,75.702594344846800,75.702594344846800,75.702594344846800,76.744970859061600,76.744970859061600,75.355135506775200
"....Quezon","05.1.1.1 - Household furniture (D)",73.552692784278900,74.464772234216800,74.985960491324200,74.985960491324200,74.985960491324200,74.985960491324200,75.702594344846800,75.702594344846800,75.702594344846800,75.702594344846800,76.744970859061600,76.744970859061600,75.355135506775200
"....Quezon","05.1.1.3 - Lighting equipment (D)",..,..,..,..,..,..,..,..,..,..,..,..,..
"....Quezon","05.1.1.4 - Furnishings, loose carpets and rugs (D)",..,..,..,..,..,..,..,..,..,..,..,..,..
"....Quezon","05.2 - HOUSEHOLD TEXTILES",86.162140406238900,87.684140923719000,89.206141441199200,89.544363778417000,89.544363778417000,89.798030531330400,89.882586115634800,89.882586115634800,89.882586115634800,89.882586115634800,89.882586115634800,89.882586115634800,89.269558129427500
"....Quezon","05.2.1 - Household textiles (SD)",86.162140406238900,87.684140923719000,89.206141441199200,89.544363778417000,89.544363778417000,89.798030531330400,89.882586115634800,89.882586115634800,89.882586115634800,89.882586115634800,89.882586115634800,89.882586115634800,89.269558129427500
"....Quezon","05.2.1.1 - Furnishing fabrics and curtains (SD)",..,..,..,..,..,..,..,..,..,..,..,..,..
"....Quezon","05.2.1.2 - Bed linen and bedding (SD)",88.444171206885600,89.376947700917900,90.309724194950300,90.309724194950300,90.309724194950300,90.309724194950300,89.970532742574900,89.970532742574900,89.970532742574900,89.970532742574900,89.970532742574900,89.970532742574900,89.906934345254500
"....Quezon","05.2.1.3 - Table linen and bathroom linen (SD)",..,..,..,..,..,..,..,..,..,..,..,..,..
"....Quezon","05.2.1.9 - Other household textiles (SD)",..,..,..,..,..,..,..,..,..,..,..,..,..
"....Quezon","05.3 - HOUSEHOLD APPLIANCES",88.820953482607600,89.572082053285100,89.572082053285100,89.572082053285100,90.135428481293100,90.792665980635900,90.792665980635900,90.792665980635900,90.792665980635900,90.980448123305300,90.980448123305300,90.980448123305300,90.315386368017900
"....Quezon","05.3.1 - Major household appliances, whether electric or not (D)",84.919639803943900,86.629431209392500,86.629431209392500,86.629431209392500,88.013548061422200,89.479083551806700,89.479083551806700,89.479083551806700,89.479083551806700,89.967595381934800,89.967595381934800,89.967595381934800,88.386716820547900
"....Quezon","05.3.1.1 - Major kitchen appliances (D)",81.497314034408100,84.042812566246200,84.042812566246200,84.042812566246200,86.153713787770500,88.450870999429200,88.450870999429200,88.450870999429200,88.450870999429200,89.133809629922400,89.133809629922400,89.133809629922400,86.748698200700100
"....Quezon","05.3.1.2 - Major laundry appliances (D)",..,..,..,..,..,..,..,..,..,..,..,..,..
"....Quezon","05.3.1.3 - Heaters, air conditioners (D)",..,..,..,..,..,..,..,..,..,..,..,..,..
"....Quezon","05.3.2 - Small household appliances (SD)",94.033465782266600,94.033465782266600,94.033465782266600,94.033465782266600,94.033465782266600,94.033465782266600,94.033465782266600,94.033465782266600,94.033465782266600,94.033465782266600,94.033465782266600,94.033465782266600,94.033465782266600
"....Quezon","05.3.2.1 - Small appliances for cooking and processing of food (SD)",..,..,..,..,..,..,..,..,..,..,..,..,..
"....Quezon","05.3.2.9 - Other small household appliances (SD)",0.000000000000000,0.000000000000000,0.000000000000000,0.000000000000000,0.000000000000000,0.000000000000000,0.000000000000000,0.000000000000000,0.000000000000000,0.000000000000000,0.000000000000000,0.000000000000000,0.000000000000000
"....Quezon","05.3.3 - Repair, installation and hire of household appliances (S)",84.654375472083500,84.654375472083500,84.654375472083500,84.654375472083500,84.654375472083500,84.654375472083500,84.654375472083500,84.654375472083500,84.654375472083500,84.654375472083500,84.654375472083500,84.654375472083500,84.654375472083500
"....Quezon","05.3.3.0 - Repair, installation and hire of household appliances (S)",84.654375472083500,84.654375472083500,84.654375472083500,84.654375472083500,84.654375472083500,84.654375472083500,84.654375472083500,84.654375472083500,84.654375472083500,84.654375472083500,84.654375472083500,84.654375472083500,84.654375472083500
"....Quezon","05.4 - GLASSWARE, TABLEWARE AND HOUSEHOLD UTENSILS",88.049550643672600,89.373018690482900,91.552848414641000,91.552848414641000,91.552848414641000,91.552848414641000,91.630699476218000,91.630699476218000,91.630699476218000,91.552848414641000,91.163593106755600,91.163593106755600,91.033841337460500
"....Quezon","05.4.0 - Glassware, tableware and household utensils (SD)",88.049550643672600,89.373018690482900,91.552848414641000,91.552848414641000,91.552848414641000,91.552848414641000,91.630699476218000,91.630699476218000,91.630699476218000,91.552848414641000,91.163593106755600,91.163593106755600,91.033841337460500
"....Quezon","05.4.0.1 - Glassware, crystal-ware, ceramic ware and chinaware (SD)",81.413976941460700,86.879431365604100,93.338604775955400,93.338604775955400,93.338604775955400,93.338604775955400,93.338604775955400,93.338604775955400,93.338604775955400,90.925287238022000,92.557825572506300,92.557825572506300,91.475381676815600
"....Quezon","05.4.0.2 - Cutlery, flatware and silverware (SD)",0.000000000000000,0.000000000000000,0.000000000000000,0.000000000000000,0.000000000000000,0.000000000000000,0.000000000000000,0.000000000000000,0.000000000000000,0.000000000000000,0.000000000000000,0.000000000000000,0.000000000000000
"....Quezon","05.4.0.3 - Kitchen utensils and articles (SD)",82.621972721664800,84.451710003121500,88.278042382158800,88.278042382158800,88.278042382158800,88.278042382158800,89.084977722430000,89.084977722430000,89.084977722430000,89.084977722430000,88.848367868418300,88.848367868418300,87.851874906664900
"....Quezon","05.5 - TOOLS AND EQUIPMENT FOR HOUSE AND GARDEN",59.314230569058400,60.209738490616100,60.209738490616100,62.790908382164900,77.013681253963900,75.117311537724100,75.117311537724100,83.914359943614600,83.914359943614600,84.809867865172300,84.809867865172300,84.809867865172300,74.335936978717800
"....Quezon","05.5.1 - Motorized tools and equipment (D)",..,..,..,..,..,..,..,..,..,..,..,..,..
"....Quezon","05.5.1.0 - Motorized tools and equipment (D)",..,..,..,..,..,..,..,..,..,..,..,..,..
"....Quezon","05.5.2 - Non-motorized tools and miscellaneous accessories (SD)",57.634084982123700,58.504226584873400,58.504226584873400,61.012281792798800,74.832177836469700,72.989525030646900,72.989525030646900,81.537386657658200,81.537386657658200,82.407528260407800,82.407528260407800,82.407528260407800,72.230283828247700
"....Quezon","05.5.2.1 - Non-motorized tools (SD)",86.224015217232300,84.482115919914400,84.482115919914400,84.482115919914400,84.482115919914400,84.482115919914400,84.482115919914400,84.482115919914400,84.482115919914400,84.482115919914400,84.917590744243900,84.917590744243900,84.699853332079200
"....Quezon","05.5.2.2 - Miscellaneous accessories (SD)",57.875358642515000,58.747593657517400,58.747593657517400,61.312990760465800,75.320058942563800,73.472973028441000,73.472973028441000,82.144015236406500,82.144015236406500,83.016250251408900,83.016250251408900,83.016250251408900,72.690526912041700
"....Quezon","05.6 - GOODS AND SERVICES FOR ROUTINE HOUSEHOLD MAINTENANCE",73.371616078753100,74.749794913863800,75.931091058244500,76.784249384741600,77.834290401968800,78.949958982772800,79.081214109926200,79.278096800656300,80.721903199343700,80.984413453650500,81.181296144380600,81.246923707957400,78.342904019688300
"....Quezon","05.6.1 - Non-durable household goods (ND)",86.293697017931000,86.821256737691300,87.047353760445700,88.403935896972100,88.403935896972100,88.630032919726500,88.780764268229400,89.082226965235300,89.760518033498500,90.137346404755900,90.514174776013200,90.589540450264700,88.705398593978000
"....Quezon","05.6.1.1 - Household cleaning and maintenance products (ND)",86.782126419070600,87.062912080942200,87.280208916961400,88.873719047768400,88.873719047768400,89.163448162460600,89.210229402562400,89.572390795927600,90.441578140004200,90.803739533369500,91.133566853863300,91.133566853863300,89.194267104546800
"....Quezon","05.6.1.9 - Other non-durable household goods (ND)",77.971216309937000,80.843840068724100,80.980631676285400,81.185819087627300,81.254214891408000,81.459402302749900,81.869777125433800,82.074964536775800,81.869777125433800,82.690526770801600,83.100901593485400,83.784859631291900,81.590494259996200
"....Quezon","05.6.2 - Domestic services and household services (S)",54.103813050357400,57.106704109611700,60.109595168866000,60.109595168866000,63.164260211900500,66.167151271154800,66.167151271154800,66.167151271154800,69.170042330409100,69.170042330409100,69.170042330409100,69.170042330409100,64.147965903725200
"....Quezon","05.6.2.1 - Domestic services by paid staff (S)",54.148051654650500,57.153398062277000,60.158744469903500,60.158744469903500,63.215907194902900,66.221253602529500,66.221253602529500,66.221253602529500,69.226600010156000,69.226600010156000,69.226600010156000,69.226600010156000,64.200417224987500
"....Quezon","06 - HEALTH",85.299893580840200,85.368462627127000,85.437031673413900,85.574169765987600,85.574169765987600,85.711307858561200,85.779876904848100,85.848445951135000,86.328429275142900,87.219826876871900,87.219826876871900,87.288395923158800,86.054153089995500
"....Quezon","06.1 - MEDICINES AND HEALTH PRODUCTS",94.525105868118600,94.861195133427400,95.029239766081900,95.449351347718000,95.449351347718000,95.785440613026800,95.953485245681300,96.121529878335700,96.289574510990100,96.037507562008500,96.121529878335700,96.289574510990100,95.659407138536000
"....Quezon","06.1.1 - Medicines (ND)",94.517006345902000,94.768827854816500,94.852768357788000,95.356411375616900,95.356411375616900,95.608232884531400,95.776113890474400,95.943994896417400,96.111875902360400,95.860054393445900,95.943994896417400,96.195816405331900,95.524292381559900
"....Quezon","06.1.1.1 - Medicines, vaccines and other pharmaceutical preparations (ND)",94.517006345902000,94.768827854816500,94.852768357788000,95.356411375616900,95.356411375616900,95.608232884531400,95.776113890474400,95.943994896417400,96.111875902360400,95.860054393445900,95.943994896417400,96.195816405331900,95.524292381559900
"....Quezon","06.1.2 - Medical products (ND)",92.322421810887200,96.393075329885800,98.102749807865200,98.102749807865200,98.102749807865200,99.323945863564700,99.323945863564700,99.323945863564700,99.323945863564700,99.323945863564700,99.323945863564700,99.323945863564700,98.190947300776800
"....Quezon","06.1.2.1 - Medical diagnostic products (ND)",87.337659582183400,87.337659582183400,90.578102782229100,90.578102782229100,90.578102782229100,90.578102782229100,90.578102782229100,90.578102782229100,90.578102782229100,90.578102782229100,90.578102782229100,90.578102782229100,90.038028915554800
"....Quezon","06.1.2.2 - Prevention and protective devices (ND)",0.000000000000000,0.000000000000000,0.000000000000000,0.000000000000000,0.000000000000000,0.000000000000000,0.000000000000000,0.000000000000000,0.000000000000000,0.000000000000000,0.000000000000000,0.000000000000000,0.000000000000000
"....Quezon","06.1.2.3 - Treatment devices for personal use (ND)",94.033896902096300,102.228752353952000,102.228752353952000,102.228752353952000,102.228752353952000,104.712041884817000,104.712041884817000,104.712041884817000,104.712041884817000,104.712041884817000,104.712041884817000,104.712041884817000,102.994433292635000
"....Quezon","06.1.3 - Assistive products (D)",100.000000000000000,100.000000000000000,100.000000000000000,100.000000000000000,100.000000000000000,100.000000000000000,100.000000000000000,100.000000000000000,100.000000000000000,100.000000000000000,100.000000000000000,100.000000000000000,100.000000000000000
"....Quezon","06.1.3.1 - Assistive products for vision (D)",100.000000000000000,100.000000000000000,100.000000000000000,100.000000000000000,100.000000000000000,100.000000000000000,100.000000000000000,100.000000000000000,100.000000000000000,100.000000000000000,100.000000000000000,100.000000000000000,100.000000000000000
"....Quezon","06.2 - OUTPATIENT CARE SERVICES",82.517473734449500,82.517473734449500,82.517473734449500,82.517473734449500,82.517473734449500,82.517473734449500,82.517473734449500,82.517473734449500,82.517473734449500,82.517473734449500,82.517473734449500,82.517473734449500,82.517473734449500
"....Quezon","06.2.1 - Preventive care services (S)",84.447074259399800,84.447074259399800,84.447074259399800,84.447074259399800,84.447074259399800,84.447074259399800,84.447074259399800,84.447074259399800,84.447074259399800,84.447074259399800,84.447074259399800,84.447074259399800,84.447074259399800
"....Quezon","06.2.1.9 - Other preventive services (S)",84.234392460533300,84.234392460533300,84.234392460533300,84.234392460533300,84.234392460533300,84.234392460533300,84.234392460533300,84.234392460533300,84.234392460533300,84.234392460533300,84.234392460533300,84.234392460533300,84.234392460533300
"....Quezon","06.2.2 - Outpatient dental services (S)",71.390712147379900,71.390712147379900,71.390712147379900,71.390712147379900,71.390712147379900,71.390712147379900,71.390712147379900,71.390712147379900,71.390712147379900,71.390712147379900,71.390712147379900,71.390712147379900,71.390712147379900
"....Quezon","06.2.2.1 - Dental preventive services (S)",71.390712147379900,71.390712147379900,71.390712147379900,71.390712147379900,71.390712147379900,71.390712147379900,71.390712147379900,71.390712147379900,71.390712147379900,71.390712147379900,71.390712147379900,71.390712147379900,71.390712147379900
"....Quezon","06.2.3 - Other outpatient care services (S)",..,..,..,..,..,..,..,..,..,..,..,..,..
"....Quezon","06.2.3.1 - Outpatient curative and rehabilitative services (S)",..,..,..,..,..,..,..,..,..,..,..,..,..
"....Quezon","06.3 - INPATIENT CARE SERVICES",77.290528037182100,77.290528037182100,77.290528037182100,77.290528037182100,77.290528037182100,77.290528037182100,77.290528037182100,77.290528037182100,78.782401629585000,81.766148814390800,81.766148814390800,81.766148814390800,78.533756030851200
"....Quezon","06.3.1 - Inpatient curative and rehabilitative services (S)",77.290528037182100,77.290528037182100,77.290528037182100,77.290528037182100,77.290528037182100,77.290528037182100,77.290528037182100,77.290528037182100,78.782401629585000,81.766148814390800,81.766148814390800,81.766148814390800,78.533756030851200
"....Quezon","06.3.1.0 - Inpatient curative and rehabilitative services (S)",..,..,..,..,..,..,..,..,..,..,..,..,..
"....Quezon","06.4 - OTHER HEALTH SERVICES",0.000000000000000,0.000000000000000,0.000000000000000,0.000000000000000,0.000000000000000,0.000000000000000,0.000000000000000,0.000000000000000,0.000000000000000,0.000000000000000,0.000000000000000,0.000000000000000,0.000000000000000
"....Quezon","06.4.1 - Diagnostic imaging services and medical laboratory services (S)",0.000000000000000,0.000000000000000,0.000000000000000,0.000000000000000,0.000000000000000,0.000000000000000,0.000000000000000,0.000000000000000,0.000000000000000,0.000000000000000,0.000000000000000,0.000000000000000,0.000000000000000
"....Quezon","06.4.1.0 - Diagnostic imaging services and medical laboratory services (S)",0.000000000000000,0.000000000000000,0.000000000000000,0.000000000000000,0.000000000000000,0.000000000000000,0.000000000000000,0.000000000000000,0.000000000000000,0.000000000000000,0.000000000000000,0.000000000000000,0.000000000000000
"....Quezon","07 - TRANSPORT",90.149253731343300,96.019900497512400,96.517412935323400,97.114427860696500,97.512437810945300,98.407960199005000,98.009950248756200,98.109452736318400,97.910447761194000,98.009950248756200,98.109452736318400,97.910447761194000,96.981757877280300
"....Quezon","07.1 - PURCHASE OF VEHICLES",..,..,..,..,..,..,..,..,..,..,..,..,..
"....Quezon","07.1.1 - Motor cars (D)",..,..,..,..,..,..,..,..,..,..,..,..,..
"....Quezon","07.1.1.1 - New motor cars (D)",..,..,..,..,..,..,..,..,..,..,..,..,..
"....Quezon","07.1.2 - Motorcycles (D)",..,..,..,..,..,..,..,..,..,..,..,..,..
"....Quezon","07.1.2.0 - Motorcycles (D)",..,..,..,..,..,..,..,..,..,..,..,..,..
"....Quezon","07.1.3 - Bicycles (D)",..,..,..,..,..,..,..,..,..,..,..,..,..
"....Quezon","07.1.3.0 - Bicycles (D)",..,..,..,..,..,..,..,..,..,..,..,..,..
"....Quezon","07.2 - OPERATION OF PERSONAL TRANSPORT EQUIPMENT",93.469370682471200,95.560767961080700,97.169535098472600,99.582685804560500,100.306631016387000,100.869699514474000,99.421809090821300,99.904439232038900,99.341370733951700,99.582685804560500,99.743562518299700,99.019617306473300,98.664347896966000
"....Quezon","07.2.1 - Parts and accessories for personal transport equipment (SD)",75.464160906110600,75.989781927347200,75.989781927347200,77.866999860335000,77.866999860335000,80.570193683837400,80.945637270435000,80.945637270435000,80.945637270435000,81.170903422393600,81.245992139713100,81.245992139713100,79.187309806536400
"....Quezon","07.2.1.1 - Tires (SD)",..,..,..,..,..,..,..,..,..,..,..,..,..
"....Quezon","07.2.1.2 - Parts for personal transport equipment (SD)",75.491499009074400,76.017310444958500,76.017310444958500,77.895208430258900,77.895208430258900,80.599381529091400,80.974961126151500,80.974961126151500,80.974961126151500,81.200308884387500,81.275424803799600,81.275424803799600,79.215996679920100
"....Quezon","07.2.1.3 - Accessories for personal transport equipment (SD)",..,..,..,..,..,..,..,..,..,..,..,..,..
"....Quezon","07.2.2 - Fuels and lubricants for personal transport equipment (ND)",96.032665057596400,98.822960410359400,101.225714741905000,103.938501890425000,104.946108545590000,104.713583932859000,102.388337805557000,103.163419847991000,102.310829601313000,102.543354214044000,102.775878826774000,101.768272171609000,102.052468920502000
"....Quezon","07.2.2.1 - Diesel (ND)",0.000000000000000,0.000000000000000,0.000000000000000,0.000000000000000,0.000000000000000,0.000000000000000,0.000000000000000,0.000000000000000,0.000000000000000,0.000000000000000,0.000000000000000,0.000000000000000,0.000000000000000
"....Quezon","07.2.2.2 - Gasoline (ND)",0.000000000000000,0.000000000000000,0.000000000000000,0.000000000000000,0.000000000000000,0.000000000000000,0.000000000000000,0.000000000000000,0.000000000000000,0.000000000000000,0.000000000000000,0.000000000000000,0.000000000000000
"....Quezon","07.2.2.3 - Other fuels for personal transport equipment (ND)",..,..,..,..,..,..,..,..,..,..,..,..,..
"....Quezon","07.2.2.4 - Lubricants (ND)",82.773350554072000,83.832002519591700,83.832002519591700,83.832002519591700,83.832002519591700,84.096665510971600,84.295162754506600,84.295162754506600,84.295162754506600,84.493659998041500,84.493659998041500,84.625991493731500,84.058068824728700
"....Quezon","07.2.3 - Maintenance and repair of personal transport equipment (S)",89.117028481802300,89.117028481802300,89.117028481802300,89.117028481802300,89.117028481802300,89.117028481802300,89.117028481802300,89.117028481802300,89.117028481802300,89.117028481802300,89.117028481802300,89.117028481802300,89.117028481802300
"....Quezon","07.2.3.0 - Maintenance and repair of personal transport equipment (S)",89.117028481802300,89.117028481802300,89.117028481802300,89.117028481802300,89.117028481802300,89.117028481802300,89.117028481802300,89.117028481802300,89.117028481802300,89.117028481802300,89.117028481802300,89.117028481802300,89.117028481802300
"....Quezon","07.2.4 - Other services in respect of personal transport equipment (S)",0.000000000000000,0.000000000000000,0.000000000000000,0.000000000000000,0.000000000000000,0.000000000000000,0.000000000000000,0.000000000000000,0.000000000000000,0.000000000000000,0.000000000000000,0.000000000000000,0.000000000000000
"....Quezon","07.2.4.2 - Toll facilities (S)",0.000000000000000,0.000000000000000,0.000000000000000,0.000000000000000,0.000000000000000,0.000000000000000,0.000000000000000,0.000000000000000,0.000000000000000,0.000000000000000,0.000000000000000,0.000000000000000,0.000000000000000
"....Quezon","07.2.4.3 - Driving lessons, tests, licences, and road worthiness tests (S)",..,..,..,..,..,..,..,..,..,..,..,..,..
"....Quezon","07.3 - PASSENGER TRANSPORT SERVICES",88.910558845883600,96.224169331593400,96.224169331593400,96.224169331593400,96.439275522349500,97.443104412545000,97.443104412545000,97.443104412545000,97.443104412545000,97.443104412545000,97.443104412545000,97.443104412545000,96.343672770902400
"....Quezon","07.3.1 - Passenger transport by railway (S)",..,..,..,..,..,..,..,..,..,..,..,..,..
"....Quezon","07.3.1.1 - Passenger transport by train (S)",..,..,..,..,..,..,..,..,..,..,..,..,..
"....Quezon","07.3.1.2 - Passenger transport by rapid transit and tram (S)",..,..,..,..,..,..,..,..,..,..,..,..,..
"....Quezon","07.3.2 - Passenger transport by road (S)",89.477958160890500,97.025166310714200,97.025166310714200,97.025166310714200,97.025166310714200,98.113705947708000,98.113705947708000,98.113705947708000,98.113705947708000,98.113705947708000,98.113705947708000,98.113705947708000,97.031213753142000
"....Quezon","07.3.2.1 - Passenger transport by bus and coach (S)",..,..,..,..,..,..,..,..,..,..,..,..,..
"....Quezon","07.3.2.2 - Passenger transport by taxi and hired car with driver (S)",..,..,..,..,..,..,..,..,..,..,..,..,..
"....Quezon","07.3.2.9 - Other passenger transport by road (S)",..,..,..,..,..,..,..,..,..,..,..,..,..
"....Quezon","07.3.3 - Passenger transport by air (S)",60.953784451243700,60.953784451243700,60.953784451243700,60.953784451243700,65.783660491913500,65.783660491913500,65.783660491913500,65.783660491913500,65.783660491913500,65.783660491913500,65.783660491913500,65.783660491913500,64.173701811690200
"....Quezon","07.3.3.1 - Passenger transport by air, domestic (S)",60.953784451243700,60.953784451243700,60.953784451243700,60.953784451243700,65.783660491913500,65.783660491913500,65.783660491913500,65.783660491913500,65.783660491913500,65.783660491913500,65.783660491913500,65.783660491913500,64.173701811690200
"....Quezon","07.3.4 - Passenger transport by sea and inland waterway (S)",..,..,..,..,..,..,..,..,..,..,..,..,..
"....Quezon","07.3.4.0 - Passenger transport by sea and inland waterway (S)",..,..,..,..,..,..,..,..,..,..,..,..,..
"....Quezon","07.4 - TRANSPORT SERVICES OF GOODS",64.494138387129800,65.189760835064900,65.189760835064900,65.487884741322900,65.487884741322900,65.487884741322900,65.487884741322900,65.487884741322900,65.487884741322900,65.487884741322900,65.487884741322900,65.487884741322900,65.355385227430500
"....Quezon","07.4.1 - Postal and courier services (S)",64.494138387129800,65.189760835064900,65.189760835064900,65.487884741322900,65.487884741322900,65.487884741322900,65.487884741322900,65.487884741322900,65.487884741322900,65.487884741322900,65.487884741322900,65.487884741322900,65.355385227430500
"....Quezon","07.4.1.1 - Letter handling services (S)",..,..,..,..,..,..,..,..,..,..,..,..,..
"....Quezon","07.4.1.2 - Courier and parcel delivery services (S)",53.304904051172700,53.304904051172700,53.304904051172700,53.304904051172700,53.304904051172700,53.304904051172700,53.304904051172700,53.304904051172700,53.304904051172700,53.304904051172700,53.304904051172700,53.304904051172700,53.304904051172700
"....Quezon","08 - INFORMATION AND COMMUNICATION",97.649363369245800,97.257590597453500,97.649363369245800,97.747306562193900,97.747306562193900,97.747306562193900,97.747306562193900,97.747306562193900,97.747306562193900,97.747306562193900,97.747306562193900,97.747306562193900,97.690173032974200
"....Quezon","08.1 - INFORMATION AND COMMUNICATION EQUIPMENT",100.000000000000000,98.000000000000000,100.000000000000000,100.000000000000000,100.000000000000000,100.000000000000000,100.000000000000000,100.000000000000000,100.000000000000000,100.000000000000000,100.000000000000000,100.000000000000000,99.833333333333300
"....Quezon","08.1.1 - Fixed telephone equipment (D)",..,..,..,..,..,..,..,..,..,..,..,..,..
"....Quezon","08.1.1.0 - Fixed telephone equipment (D)",..,..,..,..,..,..,..,..,..,..,..,..,..
"....Quezon","08.1.2 - Mobile telephone equipment (D)",..,..,..,..,..,..,..,..,..,..,..,..,..
"....Quezon","08.1.2.0 - Mobile telephone equipment (D)",..,..,..,..,..,..,..,..,..,..,..,..,..
"....Quezon","08.1.3 - Information processing equipment (D)",100.000000000000000,100.000000000000000,100.000000000000000,100.000000000000000,100.000000000000000,100.000000000000000,100.000000000000000,100.000000000000000,100.000000000000000,100.000000000000000,100.000000000000000,100.000000000000000,100.000000000000000
"....Quezon","08.1.3.1 - Computers, laptops and tablets (D)",100.000000000000000,100.000000000000000,100.000000000000000,100.000000000000000,100.000000000000000,100.000000000000000,100.000000000000000,100.000000000000000,100.000000000000000,100.000000000000000,100.000000000000000,100.000000000000000,100.000000000000000
"....Quezon","08.1.3.2 - Peripheral equipment and its consumable components (D)",..,..,..,..,..,..,..,..,..,..,..,..,..
"....Quezon","08.1.4 - Equipment for the reception, recording and reproduction of sound and vision (D)",100.000000000000000,95.800000000000000,100.000000000000000,100.000000000000000,100.000000000000000,100.000000000000000,100.000000000000000,100.000000000000000,100.000000000000000,100.000000000000000,100.000000000000000,100.000000000000000,99.650000000000000
"....Quezon","08.1.4.0 - Equipment for the reception, recording and reproduction of sound and vision (D)",100.000000000000000,95.800000000000000,100.000000000000000,100.000000000000000,100.000000000000000,100.000000000000000,100.000000000000000,100.000000000000000,100.000000000000000,100.000000000000000,100.000000000000000,100.000000000000000,99.650000000000000
"....Quezon","08.1.5 - Unrecorded recording media (SD)",99.800399201596800,99.800399201596800,99.800399201596800,99.501297106087500,99.800399201596800,99.800399201596800,99.800399201596800,99.800399201596800,99.800399201596800,99.800399201596800,99.800399201596800,99.800399201596800,99.775474026971000
"....Quezon","08.1.5.0 - Unrecorded recording media (SD)",99.800399201596800,99.800399201596800,99.800399201596800,99.501297106087500,99.800399201596800,99.800399201596800,99.800399201596800,99.800399201596800,99.800399201596800,99.800399201596800,99.800399201596800,99.800399201596800,99.775474026971000
"....Quezon","08.3 - INFORMATION AND COMMUNICATION SERVICES",97.076023391812900,97.076023391812900,97.076023391812900,97.173489278752400,97.173489278752400,97.173489278752400,97.173489278752400,97.173489278752400,97.173489278752400,97.173489278752400,97.173489278752400,97.173489278752400,97.149122807017500
"....Quezon","08.3.1 - Fixed communication services (S)",..,..,..,..,..,..,..,..,..,..,..,..,..
"....Quezon","08.3.1.0 - Fixed communication services (S)",..,..,..,..,..,..,..,..,..,..,..,..,..
"....Quezon","08.3.2 - Mobile communication services (S)",96.045825936590600,96.045825936590600,96.045825936590600,96.237534171993000,96.237534171993000,96.237534171993000,96.237534171993000,96.237534171993000,96.237534171993000,96.237534171993000,96.237534171993000,96.237534171993000,96.189607113142400
"....Quezon","08.3.2.0 - Mobile communication services (S)",96.045825936590600,96.045825936590600,96.045825936590600,96.237534171993000,96.237534171993000,96.237534171993000,96.237534171993000,96.237534171993000,96.237534171993000,96.237534171993000,96.237534171993000,96.237534171993000,96.189607113142400
"....Quezon","08.3.3 - Internet access provision services and net storage services (S)",102.880658436214000,102.880658436214000,102.880658436214000,102.880658436214000,102.880658436214000,102.880658436214000,102.880658436214000,102.880658436214000,102.880658436214000,102.880658436214000,102.880658436214000,102.880658436214000,102.880658436214000
"....Quezon","08.3.3.0 - Internet access provision services and net storage services (S)",102.880658436214000,102.880658436214000,102.880658436214000,102.880658436214000,102.880658436214000,102.880658436214000,102.880658436214000,102.880658436214000,102.880658436214000,102.880658436214000,102.880658436214000,102.880658436214000,102.880658436214000
"....Quezon","08.3.5 - Repair and rental of information and communication equipment (S)",96.996124031007700,96.996124031007700,96.996124031007700,96.414728682170500,96.996124031007700,96.996124031007700,96.996124031007700,96.996124031007700,96.996124031007700,96.996124031007700,96.996124031007700,96.996124031007700,96.947674418604600
"....Quezon","08.3.5.0 - Repair and rental of information and communication equipment (S)",96.996124031007700,96.996124031007700,96.996124031007700,96.414728682170500,96.996124031007700,96.996124031007700,96.996124031007700,96.996124031007700,96.996124031007700,96.996124031007700,96.996124031007700,96.996124031007700,96.947674418604600
"....Quezon","09 - RECREATION, SPORT AND CULTURE",74.903175832687900,75.987606506584000,76.142525174283500,76.065065840433800,76.219984508133200,76.529821843532100,76.529821843532100,77.149496514330000,76.839659178931100,76.607281177381900,76.684740511231600,76.917118512780800,76.381358120320100
"....Quezon","09.1 - RECREATIONAL DURABLES",..,..,..,..,..,..,..,..,..,..,..,..,..
"....Quezon","09.1.1 - Photographic and cinematographic equipment and optical instruments (D)",..,..,..,..,..,..,..,..,..,..,..,..,..
"....Quezon","09.1.1.1 - Cameras (D)",..,..,..,..,..,..,..,..,..,..,..,..,..
"....Quezon","09.2 - OTHER RECREATIONAL GOODS",73.839449050780200,76.006947555206200,76.584947156386500,76.584947156386500,76.584947156386500,76.584947156386500,76.584947156386500,79.041445461402600,79.041445461402600,79.547195112435400,79.547195112435400,80.197444663763200,77.512154849946500
"....Quezon","09.2.1 - Games, toys and hobbies (SD)",76.052731953111300,79.527222245385500,80.453752989991900,80.453752989991900,80.453752989991900,80.453752989991900,80.453752989991900,82.924501642275700,82.924501642275700,82.924501642275700,82.924501642275700,82.924501642275700,81.039268946652900
"....Quezon","09.2.1.2 - Other games, toys and hobbies (SD)",76.052731953111300,79.527222245385500,80.453752989991900,80.453752989991900,80.453752989991900,80.453752989991900,80.453752989991900,82.924501642275700,82.924501642275700,82.924501642275700,82.924501642275700,82.924501642275700,81.039268946652900
"....Quezon","09.2.2 - Equipment for sport, camping and open-air recreation (SD)",73.200275955012900,73.200275955012900,73.200275955012900,73.200275955012900,73.200275955012900,73.200275955012900,73.200275955012900,75.807409071218900,75.807409071218900,77.211249979945100,77.211249979945100,79.016188291164600,74.787953173215300
"....Quezon","09.2.2.1 - Equipment for sport (SD)",73.200275955012900,73.200275955012900,73.200275955012900,73.200275955012900,73.200275955012900,73.200275955012900,73.200275955012900,75.807409071218900,75.807409071218900,77.211249979945100,77.211249979945100,79.016188291164600,74.787953173215300
"....Quezon","09.2.2.2 - Equipment for camping and open-air recreation (SD)",..,..,..,..,..,..,..,..,..,..,..,..,..
"....Quezon","09.3 - GARDEN PRODUCTS AND PETS",72.191673212883000,72.191673212883000,72.191673212883000,72.191673212883000,72.191673212883000,72.191673212883000,72.191673212883000,74.783974862529500,74.783974862529500,76.197957580518500,76.197957580518500,77.926158680282800,73.769311338046600
"....Quezon","09.3.1 - Garden products, plants and flowers (ND)",61.828881371550900,61.828881371550900,61.828881371550900,61.828881371550900,61.828881371550900,61.828881371550900,61.828881371550900,64.031005913551400,64.031005913551400,65.216765282320800,65.216765282320800,66.741313042167300,63.169918752897400
"....Quezon","09.3.1.1 - Garden products (ND)",55.924298418185100,55.924298418185100,55.924298418185100,55.924298418185100,55.924298418185100,55.924298418185100,55.924298418185100,57.916122745408100,57.916122745408100,58.988643536989700,58.988643536989700,60.367598840451800,57.137268361045200
"....Quezon","09.3.1.2 - Plants, seeds and flowers (ND)",..,..,..,..,..,..,..,..,..,..,..,..,..
"....Quezon","09.3.2 - Pets and products for pets (ND)",75.670408723865200,75.670408723865200,75.670408723865200,75.670408723865200,75.670408723865200,75.670408723865200,75.670408723865200,78.365519171564500,78.365519171564500,79.816732489556500,79.816732489556500,81.682578184117500,77.311661881118000
"....Quezon","09.3.2.2 - Products for pets and other household animals (ND)",75.670408723865200,75.670408723865200,75.670408723865200,75.670408723865200,75.670408723865200,75.670408723865200,75.670408723865200,78.365519171564500,78.365519171564500,79.816732489556500,79.816732489556500,81.682578184117500,77.311661881118000
"....Quezon","09.4 - RECREATIONAL SERVICES",46.537001897533200,46.821631878557900,47.106261859582500,47.106261859582500,47.106261859582500,47.106261859582500,47.106261859582500,47.106261859582500,47.106261859582500,47.106261859582500,47.106261859582500,47.106261859582500,47.035104364326400
"....Quezon","09.4.6 - Recreational and sporting services (S)",60.436912473261800,70.164963139633300,79.893013806004800,79.893013806004800,79.893013806004800,79.893013806004800,79.893013806004800,79.893013806004800,79.893013806004800,79.893013806004800,79.893013806004800,79.893013806004800,77.461001139411900
"....Quezon","09.4.6.2 - Sporting services - practice (S)",60.436912473261800,70.164963139633300,79.893013806004800,79.893013806004800,79.893013806004800,79.893013806004800,79.893013806004800,79.893013806004800,79.893013806004800,79.893013806004800,79.893013806004800,79.893013806004800,77.461001139411900
"....Quezon","09.4.7 - Games of chance (S)",46.146746654360900,46.146746654360900,46.146746654360900,46.146746654360900,46.146746654360900,46.146746654360900,46.146746654360900,46.146746654360900,46.146746654360900,46.146746654360900,46.146746654360900,46.146746654360900,46.146746654360900
"....Quezon","09.4.7.0 - Games of chance (S)",46.146746654360900,46.146746654360900,46.146746654360900,46.146746654360900,46.146746654360900,46.146746654360900,46.146746654360900,46.146746654360900,46.146746654360900,46.146746654360900,46.146746654360900,46.146746654360900,46.146746654360900
"....Quezon","09.5 - CULTURAL GOODS",..,..,..,..,..,..,..,..,..,..,..,..,..
"....Quezon","09.5.1 - Musical instruments (D)",..,..,..,..,..,..,..,..,..,..,..,..,..
"....Quezon","09.5.1.0 - Musical instruments (D)",..,..,..,..,..,..,..,..,..,..,..,..,..
"....Quezon","09.6 - CULTURAL SERVICES",0.000000000000000,0.000000000000000,0.000000000000000,0.000000000000000,0.000000000000000,0.000000000000000,0.000000000000000,0.000000000000000,0.000000000000000,0.000000000000000,0.000000000000000,0.000000000000000,0.000000000000000
"....Quezon","09.6.1 - Services provided by cinemas, theatres and concert venues (S)",..,..,..,..,..,..,..,..,..,..,..,..,..
"....Quezon","09.6.1.0 - Services provided by cinemas, theatres and concert venues (S)",..,..,..,..,..,..,..,..,..,..,..,..,..
"....Quezon","09.6.3 - Photographic services (S)",..,..,..,..,..,..,..,..,..,..,..,..,..
"....Quezon","09.6.3.0 - Photographic services (S)",..,..,..,..,..,..,..,..,..,..,..,..,..
"....Quezon","09.6.9 - Other cultural services (S)",0.000000000000000,0.000000000000000,0.000000000000000,0.000000000000000,0.000000000000000,0.000000000000000,0.000000000000000,0.000000000000000,0.000000000000000,0.000000000000000,0.000000000000000,0.000000000000000,0.000000000000000
"....Quezon","09.6.9.0 - Other cultural services (S)",0.000000000000000,0.000000000000000,0.000000000000000,0.000000000000000,0.000000000000000,0.000000000000000,0.000000000000000,0.000000000000000,0.000000000000000,0.000000000000000,0.000000000000000,0.000000000000000,0.000000000000000
"....Quezon","09.7 - NEWSPAPERS, BOOKS AND STATIONERY",87.322695035461000,88.475177304964500,88.475177304964500,88.386524822695000,88.741134751773000,89.273049645390100,89.273049645390100,89.273049645390100,88.741134751773000,87.943262411347500,88.031914893617000,88.031914893617000,88.497340425531900
"....Quezon","09.7.1 - Books (SD)",89.677268494398200,91.318206618723900,91.318206618723900,91.318206618723900,91.974581868454200,92.548910211968200,92.548910211968200,92.548910211968200,91.482300431156500,90.087503025479700,90.087503025479700,90.087503025479700,91.249834196877000
"....Quezon","09.7.1.1 - Educational and textbooks in printed or electronic copy (SD)",0.000000000000000,0.000000000000000,0.000000000000000,0.000000000000000,0.000000000000000,0.000000000000000,0.000000000000000,0.000000000000000,0.000000000000000,0.000000000000000,0.000000000000000,0.000000000000000,0.000000000000000
"....Quezon","09.7.1.9 - Other books (SD) in printed or electronic copy",..,..,..,..,..,..,..,..,..,..,..,..,..
"....Quezon","09.7.2 - Newspapers and periodicals (ND)",95.141515883505800,95.141515883505800,94.815967497249100,95.060128786941600,94.978741690377500,94.978741690377500,94.978741690377500,94.978741690377500,94.978741690377500,95.222902980069900,95.222902980069900,95.385677173198300,95.073693303035700
"....Quezon","09.7.2.1 - Newspapers (ND)",95.049769002229500,95.049769002229500,94.724534548842900,94.968460388882800,94.887151775536200,94.887151775536200,94.887151775536200,94.887151775536200,94.887151775536200,95.131077615576100,95.131077615576100,95.293694842269400,94.982011824440600
"....Quezon","09.7.2.2 - Magazines and periodicals (ND)",..,..,..,..,..,..,..,..,..,..,..,..,..
"....Quezon","09.7.4 - Stationery and drawing materials (ND)",83.787946975767400,84.519719438437800,84.519719438437800,84.300187699636700,84.300187699636700,84.958782916040100,84.958782916040100,84.958782916040100,84.885605669773000,84.885605669773000,84.958782916040100,84.958782916040100,84.666073930971900
"....Quezon","09.7.4.0 - Stationery and drawing materials (ND)",83.787946975767400,84.519719438437800,84.519719438437800,84.300187699636700,84.300187699636700,84.958782916040100,84.958782916040100,84.958782916040100,84.885605669773000,84.885605669773000,84.958782916040100,84.958782916040100,84.666073930971900
"....Quezon","09.8 - PACKAGE HOLIDAYS (S)",..,..,..,..,..,..,..,..,..,..,..,..,..
"....Quezon","09.8.0 - Package holidays (S)",..,..,..,..,..,..,..,..,..,..,..,..,..
"....Quezon","09.8.0.0 - Package holidays (S)",..,..,..,..,..,..,..,..,..,..,..,..,..
"....Quezon","10 - EDUCATION SERVICES",74.239049740163300,74.239049740163300,74.239049740163300,74.239049740163300,74.239049740163300,79.447757262255400,79.447757262255400,79.447757262255400,79.447757262255400,79.447757262255400,79.447757262255400,79.447757262255400,77.277462461383700
"....Quezon","10.1 - EARLY CHILDHOOD AND PRIMARY EDUCATION",..,..,..,..,..,..,..,..,..,..,..,..,..
"....Quezon","10.1.0 - Early chilhood and primary education (S)",..,..,..,..,..,..,..,..,..,..,..,..,..
"....Quezon","10.1.0.1 - Early childhood education services (S)",..,..,..,..,..,..,..,..,..,..,..,..,..
"....Quezon","10.1.0.2 - Primary education (S)",..,..,..,..,..,..,..,..,..,..,..,..,..
"....Quezon","10.2 - SECONDARY EDUCATION  (S)",73.586268327580000,73.586268327580000,73.586268327580000,73.586268327580000,73.586268327580000,78.749175863466600,78.749175863466600,78.749175863466600,78.749175863466600,78.749175863466600,78.749175863466600,78.749175863466600,76.597964390180500
"....Quezon","10.2.0 - Secondary education (S)",..,..,..,..,..,..,..,..,..,..,..,..,..
"....Quezon","10.2.0.1 - Lower secondary general education services",0.000000000000000,0.000000000000000,0.000000000000000,0.000000000000000,0.000000000000000,0.000000000000000,0.000000000000000,0.000000000000000,0.000000000000000,0.000000000000000,0.000000000000000,0.000000000000000,0.000000000000000
"....Quezon","10.2.0.2 - Lower secondary technical-vocational livelihood programs services",90.616622905887700,90.616622905887700,90.616622905887700,90.616622905887700,90.616622905887700,90.616622905887700,90.616622905887700,90.616622905887700,90.616622905887700,90.616622905887700,90.616622905887700,90.616622905887700,90.616622905887700
"....Quezon","10.4 - TERTIARY EDUCATION (S)",..,..,..,..,..,..,..,..,..,..,..,..,..
"....Quezon","10.4.0 - Tertiary education (s)",..,..,..,..,..,..,..,..,..,..,..,..,..
"....Quezon","10.4.0.0 - Tertiary education (s)",..,..,..,..,..,..,..,..,..,..,..,..,..
"....Quezon","10.5 - EDUCATION NOT DEFINED BY LEVEL (S)",..,..,..,..,..,..,..,..,..,..,..,..,..
"....Quezon","10.5.0 - Education not defined by level (s)",..,..,..,..,..,..,..,..,..,..,..,..,..
"....Quezon","10.5.0.2 - Review classes for professional and licensure examination (S)",..,..,..,..,..,..,..,..,..,..,..,..,..
"....Quezon","10.5.0.9 - Other education not defined by level (S)",..,..,..,..,..,..,..,..,..,..,..,..,..
"....Quezon","11 - RESTAURANTS AND ACCOMMODATION SERVICES",73.589533932951800,77.432542927228100,77.432542927228100,77.432542927228100,77.432542927228100,77.677841373671300,78.659035159444000,80.621422730989400,80.621422730989400,80.621422730989400,80.621422730989400,80.621422730989400,78.563641319160500
"....Quezon","11.1 - FOOD AND BEVERAGE SERVING SERVICES",73.624427026329200,77.462667297844000,77.462667297844000,77.462667297844000,77.462667297844000,77.695287920360000,78.625770410424200,80.661200857439600,80.661200857439600,80.661200857439600,80.661200857439600,80.661200857439600,78.591846569640600
"....Quezon","11.1.1 - Restaurants, café and the like (S)",73.624427026329200,77.462667297844000,77.462667297844000,77.462667297844000,77.462667297844000,77.695287920360000,78.625770410424200,80.661200857439600,80.661200857439600,80.661200857439600,80.661200857439600,80.661200857439600,78.591846569640600
"....Quezon","11.1.1.1 - Restaurants, café and the like - with full service (S)",73.624427026329200,77.462667297844000,77.462667297844000,77.462667297844000,77.462667297844000,77.695287920360000,78.625770410424200,80.661200857439600,80.661200857439600,80.661200857439600,80.661200857439600,80.661200857439600,78.591846569640600
"....Quezon","11.2 - ACCOMMODATION SERVICES",0.000000000000000,0.000000000000000,0.000000000000000,0.000000000000000,0.000000000000000,0.000000000000000,0.000000000000000,0.000000000000000,0.000000000000000,0.000000000000000,0.000000000000000,0.000000000000000,0.000000000000000
"....Quezon","11.2.0 - Accommodation services (S)",0.000000000000000,0.000000000000000,0.000000000000000,0.000000000000000,0.000000000000000,0.000000000000000,0.000000000000000,0.000000000000000,0.000000000000000,0.000000000000000,0.000000000000000,0.000000000000000,0.000000000000000
"....Quezon","11.2.0.1 - Hotels, motels, inns and similar accommodation services (S)",0.000000000000000,0.000000000000000,0.000000000000000,0.000000000000000,0.000000000000000,0.000000000000000,0.000000000000000,0.000000000000000,0.000000000000000,0.000000000000000,0.000000000000000,0.000000000000000,0.000000000000000
"....Quezon","12 - FINANCIAL SERVICES",0.000000000000000,0.000000000000000,0.000000000000000,0.000000000000000,0.000000000000000,0.000000000000000,0.000000000000000,0.000000000000000,0.000000000000000,0.000000000000000,0.000000000000000,0.000000000000000,0.000000000000000
"....Quezon","12.2 - FINANCIAL SERVICES",0.000000000000000,0.000000000000000,0.000000000000000,0.000000000000000,0.000000000000000,0.000000000000000,0.000000000000000,0.000000000000000,0.000000000000000,0.000000000000000,0.000000000000000,0.000000000000000,0.000000000000000
"....Quezon","12.2.1 - Financial intermediation services indirectly measured (S)",0.000000000000000,0.000000000000000,0.000000000000000,0.000000000000000,0.000000000000000,0.000000000000000,0.000000000000000,0.000000000000000,0.000000000000000,0.000000000000000,0.000000000000000,0.000000000000000,0.000000000000000
"....Quezon","12.2.1.0 - Financial intermediation services indirectly measured (S)",0.000000000000000,0.000000000000000,0.000000000000000,0.000000000000000,0.000000000000000,0.000000000000000,0.000000000000000,0.000000000000000,0.000000000000000,0.000000000000000,0.000000000000000,0.000000000000000,0.000000000000000
"....Quezon","12.2.9 - Other financial services (S)",0.000000000000000,0.000000000000000,0.000000000000000,0.000000000000000,0.000000000000000,0.000000000000000,0.000000000000000,0.000000000000000,0.000000000000000,0.000000000000000,0.000000000000000,0.000000000000000,0.000000000000000
"....Quezon","12.2.9.1 - Remittances fees (S)",0.000000000000000,0.000000000000000,0.000000000000000,0.000000000000000,0.000000000000000,0.000000000000000,0.000000000000000,0.000000000000000,0.000000000000000,0.000000000000000,0.000000000000000,0.000000000000000,0.000000000000000
"....Quezon","13 - PERSONAL CARE, AND MISCELLANEOUS GOODS AND SERVICES",81.898066783831300,82.425307557117700,83.304042179261900,84.094903339191600,84.007029876977100,84.710017574692400,84.710017574692400,85.237258347978900,85.149384885764500,85.325131810193300,85.325131810193300,85.413005272407700,84.299941417691800
"....Quezon","13.1 - PERSONAL CARE",83.455446235433700,83.874119042634800,84.851022259437600,85.548810271439500,85.618589072639700,86.107040681041100,86.107040681041100,86.246598283441500,86.107040681041100,86.316377084641700,86.386155885841900,86.455934687042100,85.589514572139600
"....Quezon","13.1.1 - Electric appliances for personal care (SD)",..,..,..,..,..,..,..,..,..,..,..,..,..
"....Quezon","13.1.1.1 - Electric appliances for personal care (SD)",..,..,..,..,..,..,..,..,..,..,..,..,..
"....Quezon","13.1.2 - Other appliances, articles and products for personal care (ND)",84.971827963625700,85.689495429534800,86.478929642034700,86.694229881807300,86.765996628398300,86.981296868170900,86.981296868170900,87.124830361352800,86.981296868170900,87.268363854534500,87.340130601125500,87.411897347716300,86.724132692886900
"....Quezon","13.1.2.0 - Other appliances, articles and products for personal care (ND)",84.971827963625700,85.689495429534800,86.478929642034700,86.694229881807300,86.765996628398300,86.981296868170900,86.981296868170900,87.124830361352800,86.981296868170900,87.268363854534500,87.340130601125500,87.411897347716300,86.724132692886900
"....Quezon","13.1.3 - Hairdressing salons and personal grooming establishments (S)",76.290329454886400,75.437923539189400,77.325393781090000,79.821725391345700,79.821725391345700,81.343878812233300,81.343878812233300,81.343878812233300,81.343878812233300,81.343878812233300,81.343878812233300,81.343878812233300,79.842020770290800
"....Quezon","13.1.3.1 - Hairdressing (S)",0.000000000000000,0.000000000000000,0.000000000000000,0.000000000000000,0.000000000000000,0.000000000000000,0.000000000000000,0.000000000000000,0.000000000000000,0.000000000000000,0.000000000000000,0.000000000000000,0.000000000000000
"....Quezon","13.1.3.2 - Personal grooming treatments (S)",0.000000000000000,0.000000000000000,0.000000000000000,0.000000000000000,0.000000000000000,0.000000000000000,0.000000000000000,0.000000000000000,0.000000000000000,0.000000000000000,0.000000000000000,0.000000000000000,0.000000000000000
"....Quezon","13.2 - OTHER PERSONAL EFFECTS",73.550625399433900,74.646215648680700,75.157491098329200,76.472199397425400,75.376609148178600,77.202592896923200,77.567789646672100,80.051127544964800,80.051127544964800,80.051127544964800,80.051127544964800,80.051127544964800,77.519096746705600
"....Quezon","13.2.1 - Jewellery and watches (D)",..,..,..,..,..,..,..,..,..,..,..,..,..
"....Quezon","13.2.1.1 - Jewellery and watches (D)",..,..,..,..,..,..,..,..,..,..,..,..,..
"....Quezon","13.2.1.2 - Repair and hire of jewellery, clocks and watches (S)",..,..,..,..,..,..,..,..,..,..,..,..,..
"....Quezon","13.2.9 - Other personal effects n.e.c. (SD)",73.369763205828800,74.462659380692200,74.972677595628400,76.284153005464500,75.191256830601100,77.012750455373400,77.377049180327900,79.854280510018200,79.854280510018200,79.854280510018200,79.854280510018200,79.854280510018200,77.328476017000600
"....Quezon","13.2.9.1 - Travel goods and articles for babies and other personal effects n.e.c. (SD)",73.369763205828800,74.462659380692200,74.972677595628400,76.284153005464500,75.191256830601100,77.012750455373400,77.377049180327900,79.854280510018200,79.854280510018200,79.854280510018200,79.854280510018200,79.854280510018200,77.328476017000600
"....Quezon","13.9 - OTHER SERVICES",..,..,..,..,..,..,..,..,..,..,..,..,..
"....Quezon","13.9.0 - Other services (S)",..,..,..,..,..,..,..,..,..,..,..,..,..
"....Quezon","13.9.0.9 - Other services n.e.c. (S)",..,..,..,..,..,..,..,..,..,..,..,..,..
