"Geolocation","Commodity Description","2005 Jan","2005 Feb","2005 Mar","2005 Apr","2005 May","2005 Jun","2005 Jul","2005 Aug","2005 Sep","2005 Oct","2005 Nov","2005 Dec","2005 Ave"
"..Region XI (Davao Region)","0 - ALL ITEMS",57.780492781494300,58.092482483338200,58.342074244813300,59.153247469607500,59.527635111820200,59.590033052189000,59.714828932926600,59.839624813664200,59.839624813664200,59.777226873295400,59.964420694401700,60.338808336614400,59.330041633985800
"..Region XI (Davao Region)","01 - FOOD AND NON-ALCOHOLIC BEVERAGES",52.379357781558900,52.775314049886000,52.945009593454700,54.359139123194400,54.755095391521600,54.528834666763200,54.755095391521600,54.641965029142400,54.415704304384000,53.963182854867300,54.019748036056900,54.528834666763200,54.005606740759500
"..Region XI (Davao Region)","01.1 - FOOD",51.872095834116700,52.263794508160800,52.431665368465400,53.886546157771700,54.334201785250600,54.110373971511200,54.334201785250600,54.166330924946100,53.830589204336900,53.382933576858000,53.382933576858000,53.830589204336900,53.485521324821900
"..Region XI (Davao Region)","01.1.1 - Cereals and cereal products (ND)",50.711394226736800,50.490669986359200,50.987299527208700,54.242982072777200,54.794792673721000,54.574068433343500,54.960335854004200,54.739611613626600,54.518887373249100,52.477188149757000,51.980558608907600,52.366826029568200,53.070384545771600
"..Region XI (Davao Region)","01.1.1.1 - Cereals (ND)",49.821310219858100,49.464623665410200,50.220317203074400,54.010866974262900,54.585193952425200,54.313144573432600,54.796786891063500,54.675868487233000,54.427998922821200,51.919099912574200,51.344772934411800,51.616822313404400,52.599733837497600
"..Region XI (Davao Region)","01.1.1.12 - Rice",50.282074193261200,49.897402587411100,50.611792712561300,54.733274203812200,55.282805069312300,55.008039636562300,55.557570502062400,55.887289021362500,55.777382848262400,53.194587780411900,52.645056914911700,52.919822347661800,53.483091484799400
"..Region XI (Davao Region)","01.1.1.16 - Corn",46.439160162158900,46.287892539480800,47.346765898227100,48.708174502329500,49.464512615719700,49.212399911256300,49.212399911256300,45.783667130554000,44.523103608237000,42.556624513422500,41.800286400032300,42.052399104495700,46.115615524764200
"..Region XI (Davao Region)","01.1.1.20 - Flour, Bread and Other Bakery Products, Pasta Products,  and Other Cereals",55.042479843267300,55.454562580061800,54.630397106472700,55.219086730464900,55.513431542461000,55.690038429658600,55.807776354457100,55.807776354457100,56.043252204054000,56.278728053650800,56.514203903247700,57.279500414437500,55.773436126390900
"..Region XI (Davao Region)","01.1.2 - Meat and other parts of slaughtered land animals (ND)",59.800767712558500,59.987256593159000,60.981863956361600,61.354841717562600,61.789982438963700,61.727819478763600,61.789982438963700,61.852145399163900,61.292678757362400,61.417004677762800,61.665656518563400,61.665656518563400,61.277138017312400
"..Region XI (Davao Region)","01.1.2.2 - Meat, fresh, chilled or frozen (ND)",59.955119310687400,60.138655390209900,60.199834083384100,60.628084935603300,61.239871867345000,61.239871867345000,61.178693174170900,61.239871867345000,60.566906242429100,60.628084935603300,60.811621015125800,60.811621015125800,60.719852975364600
"..Region XI (Davao Region)","01.1.2.3 - Meat, dried, salted, in brine or smoked (ND)",..,..,..,..,..,..,..,..,..,..,..,..,..
"..Region XI (Davao Region)","01.1.2.4 - Offal, blood and other parts of slaughtered animals, fresh, chilled or frozen, dried, salted, in brine or smoked (ND)",59.612518628912100,59.795005930837300,59.855835031479100,60.281638735971300,60.889929742388800,60.889929742388800,60.829100641747000,60.889929742388800,60.220809635329600,60.281638735971300,60.464126037896500,60.464126037896500,60.372882386933900
"..Region XI (Davao Region)","01.1.2.5 - Meat, offal, blood and other parts of slaughtered animals' preparations (ND)",60.436195738480200,60.502976065263100,65.244379266845500,65.377939920411200,65.377939920411200,65.444720247194100,65.645061227542600,65.578280900759800,65.645061227542600,65.711841554325500,66.246084168588300,66.513205475719700,64.810307142757000
"..Region XI (Davao Region)","01.1.3 - Fish and other seafood (ND)",47.542361596591100,48.478644428909100,49.518958687040200,49.675005825759800,49.570974399946700,48.894770132161500,49.050817270881200,48.686707280535300,48.634691567628800,48.686707280535300,48.582675854722200,48.894770132161500,48.851423704739400
"..Region XI (Davao Region)","01.1.3.1 - Fish, live, fresh, chilled or frozen (ND)",48.812611851762500,48.913152761858800,49.365586857292200,47.053145925076900,47.958014115943800,47.455309565462200,47.706661840703000,47.354768655365900,48.913152761858800,48.159095936136400,46.701252739739800,46.701252739739800,47.924500479245000
"..Region XI (Davao Region)","01.1.3.2 - Fish, dried, salted, in brine or smoked (ND)",34.389598604285600,35.108544916570300,35.348193687331800,35.348193687331800,34.749071760427900,34.189891295317600,34.469481527872800,34.429540066079200,34.149949833524000,34.389598604285600,34.868896145808700,35.028661992983100,34.705801843484800
"..Region XI (Davao Region)","01.1.3.3 - Fish preparations (ND)",54.709065007868900,55.241945511192300,55.715617069702000,55.952452848956800,56.544542297093900,56.959004910789900,57.314258579672100,57.432676469299600,57.491885414113300,57.491885414113300,57.669512248554400,57.728721193368100,56.687630580393700
"..Region XI (Davao Region)","01.1.3.4 - Other seafood, live, fresh, chilled or frozen (ND)",48.638755531256900,49.920127795527200,51.521843125864900,52.589653346090100,52.162529258000000,51.254890570808600,51.254890570808600,50.720985460696000,50.080299328560900,50.400642394628500,50.454032905639700,50.987938015752300,50.832215691969500
"..Region XI (Davao Region)","01.1.3.6 - Other seafood preparations (ND)",55.450923014662400,56.488601106164800,57.396569436229500,57.655988959105100,57.266859674791700,57.461424316948400,57.526279197667300,57.720843839824000,58.693667050607600,59.666490261391100,60.250184187861200,60.574458591455800,58.012690803059100
"..Region XI (Davao Region)","01.1.4 - Milk, other dairy products and eggs (ND)",57.099712736765300,58.927407736065700,59.431599460010700,59.935791183955600,60.250911011421200,60.439982907900600,60.566030838886800,60.566030838886800,60.439982907900600,60.818126700859300,61.322318424804200,61.385342390297400,60.098603094812800
"..Region XI (Davao Region)","01.1.4.1 - Raw and whole milk (ND)",..,..,..,..,..,..,..,..,..,..,..,..,..
"..Region XI (Davao Region)","01.1.4.3 - Other milk and cream (ND)",..,..,..,..,..,..,..,..,..,..,..,..,..
"..Region XI (Davao Region)","01.1.4.4 - Non-animal milk (ND)",..,..,..,..,..,..,..,..,..,..,..,..,..
"..Region XI (Davao Region)","01.1.4.5 - Cheese (ND)",59.449847539907100,60.706295930628200,61.433713419993000,61.698228870671100,61.962744321349200,62.822419536053100,64.078867926774200,64.674027690800000,64.475641102791400,64.607898828130400,65.798218356182000,65.798218356182000,63.125510156621800
"..Region XI (Davao Region)","01.1.4.6 - Yoghurt and similar products (ND)",..,..,..,..,..,..,..,..,..,..,..,..,..
"..Region XI (Davao Region)","01.1.4.7 - Milk-based dessert and beverages (ND)",..,..,..,..,..,..,..,..,..,..,..,..,..
"..Region XI (Davao Region)","01.1.4.8 - Eggs (ND)",53.933976269050400,54.823975877450600,55.654642178624100,56.722641708704300,57.434641395424500,57.790641238784500,58.027974467691200,58.087307774917900,58.087307774917900,58.146641082144600,58.205974389371300,58.265307696598000,57.098419321140000
"..Region XI (Davao Region)","01.1.5 - Oils and fats (ND)",47.618004079717000,46.430978091152600,46.294013554010600,46.430978091152600,46.476632936866700,46.750562011150800,46.704907165436700,46.659252319722700,46.659252319722700,46.248358708296600,46.248358708296600,45.974429634012500,46.541310634961500
"..Region XI (Davao Region)","01.1.5.1 - Vegetable oils (ND)",47.644829453167300,46.291283161884100,46.155928532755800,46.246164952174700,46.246164952174700,46.516874210431300,46.426637791012500,46.381519581303000,46.381519581303000,45.885219274499200,45.885219274499200,45.569391806533100,46.302562714311500
"..Region XI (Davao Region)","01.1.5.2 - Butter and other fats and oils derived from milk (ND)",..,..,..,..,..,..,..,..,..,..,..,..,..
"..Region XI (Davao Region)","01.1.5.3 - Margarine and similar preparations (ND)",..,..,..,..,..,..,..,..,..,..,..,..,..
"..Region XI (Davao Region)","01.1.5.9 - Other animal oils and fats (ND)",53.234446316388000,51.722104091490700,51.570869869000900,51.671692683994100,51.671692683994100,51.974161128973500,51.873338313980400,51.822926906483800,51.822926906483800,51.268401424021400,51.268401424021400,50.915521571545400,51.734706943364800
"..Region XI (Davao Region)","01.1.6 - Fruits and nuts (ND)",45.374162323157100,45.131778977413800,45.713499007197800,46.925415735914600,46.828462397617300,46.392172375279200,45.519592330603100,45.277208984859800,45.471115661454500,47.458659096550000,47.458659096550000,48.137332464631400,46.307338204269100
"..Region XI (Davao Region)","01.1.6.1 - Dates, figs and tropical fruits, fresh (ND)",44.350535605208900,43.970252341713000,44.445606421082900,45.824133251255500,45.633991619507600,45.206172948074700,44.112858565524000,43.875181525839100,44.017787749650000,46.347022738562400,46.442093554436400,47.202660081428100,45.119024700190200
"..Region XI (Davao Region)","01.1.6.2 - Citrus fruits, fresh (ND)",..,..,..,..,..,..,..,..,..,..,..,..,..
"..Region XI (Davao Region)","01.1.6.3 - Stone fruits and pome fruits, fresh (ND)",..,..,..,..,..,..,..,..,..,..,..,..,..
"..Region XI (Davao Region)","01.1.6.5 - Other fruits, fresh (ND)",..,..,..,..,..,..,..,..,..,..,..,..,..
"..Region XI (Davao Region)","01.1.6.7 - Fruit, dried and dehydrated (ND)",..,..,..,..,..,..,..,..,..,..,..,..,..
"..Region XI (Davao Region)","01.1.6.8 - Nuts, in shell or shelled (ND)",44.906254097286000,45.795950476690000,47.200734233643600,47.013429732716500,47.996778362584100,47.622169360729700,48.418213489670200,48.230908988743000,48.371387364438400,47.575343235497900,46.966603607484700,46.732472981325700,47.235853827567500
"..Region XI (Davao Region)","01.1.6.9 - Fruit and nuts ground and other preparations (ND)",..,..,..,..,..,..,..,..,..,..,..,..,..
"..Region XI (Davao Region)","01.1.7 - Vegetables, tubers, plantains, cooking bananas and pulses (ND)",49.909848702605300,51.216389244558300,46.878674645274200,48.028430322192900,48.864616269042800,47.923907078836700,48.289738430583500,48.132953565549100,46.826413023596100,47.976168700514800,48.132953565549100,51.007342757845800,48.598953025512400
"..Region XI (Davao Region)","01.1.7.1 - Leafy or stem vegetables, fresh or chilled (ND)",45.256076986017700,44.486723677255400,44.577235831227400,45.889662063821900,46.659015372584200,45.980174217794000,45.663381678891900,44.124675061367200,42.269175904940500,42.948017059730800,43.083785290688800,43.988906830409200,44.577235831227400
"..Region XI (Davao Region)","01.1.7.2 - Fruit-bearing vegetables, fresh or chilled (ND)",49.352776625503900,55.521873703691900,45.204590659136100,47.172319899592600,48.448684812321200,46.800046800046800,46.374591829137300,46.959592414137900,45.098226916408700,46.853228671410500,47.544592999138500,52.703234521416300,48.169479987661800
"..Region XI (Davao Region)","01.1.7.3 - Green leguminous vegetables, fresh or chilled (ND)",..,..,..,..,..,..,..,..,..,..,..,..,..
"..Region XI (Davao Region)","01.1.7.4 - Other vegetables, fresh or chilled (ND)",54.624019102941200,51.902097426237500,50.912307725617900,48.252247905202900,48.623419042935200,49.303899462111200,52.396992276547200,53.139334552011900,53.448643833455500,55.118913953251000,55.057052096962300,57.655250061088600,52.536181453196900
"..Region XI (Davao Region)","01.1.7.5 - Tubers, plantains and cooking bananas (ND)",..,..,..,..,..,..,..,..,..,..,..,..,..
"..Region XI (Davao Region)","01.1.7.9 - Vegetables, tubers, plantains, cooking bananas and pulses ground and other preparations (ND)",45.656125045438000,45.753059493517500,45.753059493517500,45.510723373318800,46.722403974312400,46.625469526232900,46.625469526232900,46.673936750272600,46.770871198352100,46.625469526232900,46.673936750272600,46.819338422391900,46.350821923341000
"..Region XI (Davao Region)","01.1.8 - Sugar, confectionery and desserts (ND)",48.785937486572300,48.521515061170800,49.050359911973800,50.306366432630800,51.231844921536000,53.413329931098100,54.933758877156600,56.255871004164000,56.586399035915800,56.652504642266200,59.164517683580200,58.833989651828400,53.644699553324400
"..Region XI (Davao Region)","01.1.8.1 - Cane and beet sugar (ND)",40.092200233930300,39.796535040464700,40.151333272623400,41.570526201258100,42.575787859041000,45.118508522844900,46.774233606252000,48.252559573579800,48.607357805738500,48.725623883124700,51.564009740394100,51.090945430849200,45.359968430841700
"..Region XI (Davao Region)","01.1.8.3 - Jams, fruit jellies, marmalades, fruit purée and pastes, honey (ND)",..,..,..,..,..,..,..,..,..,..,..,..,..
"..Region XI (Davao Region)","01.1.8.4 - Nut purée, nut butter and nut pastes (ND)",..,..,..,..,..,..,..,..,..,..,..,..,..
"..Region XI (Davao Region)","01.1.8.5 - Chocolate, cocoa, and cocoa-based food products (ND)",..,..,..,..,..,..,..,..,..,..,..,..,..
"..Region XI (Davao Region)","01.1.8.6 - Ice, ice cream and sorbet (ND)",75.391607901317500,75.737838017971100,77.728661188729200,77.988333776219400,78.421121422036300,78.853909067853300,79.113581655343500,80.585059651121200,81.104404826101600,81.190962355265000,81.883422588572200,83.614573171840100,79.301122968530900
"..Region XI (Davao Region)","01.1.8.9 - Other sugar confectionery and desserts n.e.c. (ND)",70.587620151458400,71.095967210162300,71.095967210162300,71.676935277252500,72.112661327570100,72.112661327570100,72.112661327570100,72.112661327570100,72.403145361115200,72.403145361115200,72.185282335956400,72.185282335956400,71.840332546121600
"..Region XI (Davao Region)","01.1.9 - Ready-made food and other food products n.e.c. (ND)",57.055510404657000,56.819255703188500,57.173637755391300,56.405809975618500,57.232701430758500,57.350828781492800,57.232701430758500,57.882401859797000,57.409892456859900,57.409892456859900,58.236783911999900,59.240866393241200,57.454190213385300
"..Region XI (Davao Region)","01.1.9.2 - Baby food (ND)",..,..,..,..,..,..,..,..,..,..,..,..,..
"..Region XI (Davao Region)","01.1.9.3 - Salt, condiments and sauces (ND)",46.530744510068900,47.017772358250900,48.004698792447100,47.745239610775200,47.890448078432900,47.644387750386800,47.540380697702800,47.528822800769900,47.171894976291300,47.678036610388000,48.015605269944600,49.394599955692100,47.680219284262500
"..Region XI (Davao Region)","01.1.9.4 - Spices, culinary herbs and seeds (ND)",78.627381985776500,77.276911684494100,76.301572022456800,74.801049465476400,76.826754917400000,77.577016195890200,77.577016195890200,79.677747775662900,79.152564880719700,78.252251346531400,79.977852287059000,79.752773903511900,77.983407721739100
"..Region XI (Davao Region)","01.1.9.9 - Other food products n.e.c. (ND)",55.230023773937000,57.005501002031400,57.322550507048300,58.083469319088700,58.146879220092100,57.893239616078600,57.893239616078600,57.893239616078600,58.527338626112400,59.224847537149500,59.224847537149500,59.224847537149500,57.972501992332900
"..Region XI (Davao Region)","01.2 - NON-ALCOHOLIC BEVERAGES",61.353077543024500,61.823989322411800,61.958535545093900,62.227627990458000,62.563993547163200,62.900359103868300,63.236724660573500,63.303997771914600,64.380367553371100,64.716733110076300,65.658556668850800,65.793102891532900,63.326422142361600
"..Region XI (Davao Region)","01.2.1 - Fruit and vegetable juices (ND)",66.281855010458800,68.961890568080900,69.223357451751300,69.223357451751300,69.288724172669000,69.288724172669000,69.288724172669000,69.354090893586600,69.550191056339400,70.530691870103600,71.576559404785400,71.707292846620600,69.522954922623700
"..Region XI (Davao Region)","01.2.1.0 - Fruit and vegetable juices (ND)",66.281855010458800,68.961890568080900,69.223357451751300,69.223357451751300,69.288724172669000,69.288724172669000,69.288724172669000,69.354090893586600,69.550191056339400,70.530691870103600,71.576559404785400,71.707292846620600,69.522954922623700
"..Region XI (Davao Region)","01.2.2 - Coffee and coffee substitutes (ND)",55.256518082422200,56.938603868797300,56.938603868797300,57.863751051303600,58.620689655172400,58.536585365853600,58.620689655172400,58.536585365853600,61.312026913372600,61.900756938603900,64.423885618166500,64.676198486122800,59.468741239136500
"..Region XI (Davao Region)","01.2.2.0 - Coffee and coffee substitutes (ND)",55.253408010354600,56.973873409479400,56.973873409479400,57.834106109041800,58.628167062484000,58.495823570243600,58.628167062484000,58.561995316363800,61.275036907291400,61.870582622373100,64.451280721060300,64.715967705541000,59.471856825516400
"..Region XI (Davao Region)","01.2.3 - Tea, maté and other plant products for infusion (ND)",..,..,..,..,..,..,..,..,..,..,..,..,..
"..Region XI (Davao Region)","01.2.3.0 - Tea, maté and other plant products for infusion (ND)",..,..,..,..,..,..,..,..,..,..,..,..,..
"..Region XI (Davao Region)","01.2.4 - Cocoa drinks (ND)",64.878368990943800,65.579412270806600,65.579412270806600,66.407917965190000,65.706874685327200,71.378952131490200,65.643143478066900,66.917767623272100,66.981498830532300,69.721940742723500,62.201658286012900,61.883002249711600,66.073329127073600
"..Region XI (Davao Region)","01.2.4.0 - Cocoa drinks (ND)",64.878368990943800,65.579412270806600,65.579412270806600,66.407917965190000,65.706874685327200,71.378952131490200,65.643143478066900,66.917767623272100,66.981498830532300,69.721940742723500,62.201658286012900,61.883002249711600,66.073329127073600
"..Region XI (Davao Region)","01.2.5 - Water (ND)",..,..,..,..,..,..,..,..,..,..,..,..,..
"..Region XI (Davao Region)","01.2.5.0 - Water (ND)",..,..,..,..,..,..,..,..,..,..,..,..,..
"..Region XI (Davao Region)","01.2.6 - Soft drinks (ND)",63.700438893962500,62.807120980670700,62.944554505792500,62.944554505792500,62.944554505792500,63.700438893962500,64.799907094937000,64.731190332376100,65.555791483107000,65.624508245667900,65.761941770789700,65.761941770789700,64.273078581970000
"..Region XI (Davao Region)","01.2.6.0 - Soft drinks (ND)",63.700438893962500,62.807120980670700,62.944554505792500,62.944554505792500,62.944554505792500,63.700438893962500,64.799907094937000,64.731190332376100,65.555791483107000,65.624508245667900,65.761941770789700,65.761941770789700,64.273078581970000
"..Region XI (Davao Region)","01.2.9 - Other non-alcoholic beverages (ND)",..,..,..,..,..,..,..,..,..,..,..,..,..
"..Region XI (Davao Region)","01.2.9.0 - Other non-alcoholic beverages (ND)",..,..,..,..,..,..,..,..,..,..,..,..,..
"..Region XI (Davao Region)","02 - ALCOHOLIC BEVERAGES AND TOBACCO",44.168336210530000,46.140996106643000,46.574019010667700,46.862700946684300,47.103269226698100,47.151382882700800,47.199496538703600,47.295723850709100,47.488178474720100,47.391951162714600,47.584405786725600,47.584405786725600,46.878738832018500
"..Region XI (Davao Region)","02.1 - ALCOHOLIC BEVERAGES",50.607508234626900,52.079924961280900,52.134458914119900,52.298060772637100,52.461662631154200,52.625264489671300,52.679798442510300,52.843400301027400,53.225137970900700,53.061536112383600,53.443273782256800,53.552341687934900,52.584364025042000
"..Region XI (Davao Region)","02.1.1 - Spirits and liquors (ND)",55.070388482755300,56.705564386803200,57.055959223384900,57.114358362815200,57.172757502245500,57.172757502245500,57.172757502245500,57.464753199396900,57.406354059966600,57.523152338827100,57.698349757118000,57.815148035978600,57.114358362815200
"..Region XI (Davao Region)","02.1.1.0 - Spirits and liquors (ND)",55.070388482755300,56.705564386803200,57.055959223384900,57.114358362815200,57.172757502245500,57.172757502245500,57.172757502245500,57.464753199396900,57.406354059966600,57.523152338827100,57.698349757118000,57.815148035978600,57.114358362815200
"..Region XI (Davao Region)","02.1.2 - Wine (ND)",44.251707817490900,44.251707817490900,44.251707817490900,44.251707817490900,44.298337646592500,44.531486792100900,44.671376279405900,44.997785083117700,45.650602690541100,44.997785083117700,46.023641323354600,46.023641323354600,44.850123957629000
"..Region XI (Davao Region)","02.1.2.1 - Wine from grapes (ND)",..,..,..,..,..,..,..,..,..,..,..,..,..
"..Region XI (Davao Region)","02.1.2.2 - Wine from other sources (ND)",44.251707817490900,44.251707817490900,44.251707817490900,44.251707817490900,44.298337646592500,44.531486792100900,44.671376279405900,44.997785083117700,45.650602690541100,44.997785083117700,46.023641323354600,46.023641323354600,44.850123957629000
"..Region XI (Davao Region)","02.1.3 - Beer (ND)",52.584438473317700,55.069197653925000,55.069197653925000,55.300338042818800,55.589263528935900,55.762618820606200,55.820403917829600,55.820403917829600,56.109329403946700,56.224899598393600,56.224899598393600,56.340469792840400,55.492955033563500
"..Region XI (Davao Region)","02.1.3.0 - Beer (ND)",52.584438473317700,55.069197653925000,55.069197653925000,55.300338042818800,55.589263528935900,55.762618820606200,55.820403917829600,55.820403917829600,56.109329403946700,56.224899598393600,56.224899598393600,56.340469792840400,55.492955033563500
"..Region XI (Davao Region)","02.3 - TOBACCO",40.084570931570700,42.515278099416800,43.399171614997200,43.796923697008400,44.106286427461500,44.106286427461500,44.150481103240500,44.194675779019500,44.194675779019500,44.194675779019500,44.150481103240500,44.150481103240500,43.586998987058000
"..Region XI (Davao Region)","02.3.0 - Tobacco (ND)",40.084570931570700,42.515278099416800,43.399171614997200,43.796923697008400,44.106286427461500,44.106286427461500,44.150481103240500,44.194675779019500,44.194675779019500,44.194675779019500,44.150481103240500,44.150481103240500,43.586998987058000
"..Region XI (Davao Region)","02.3.0.1 - Cigarettes (ND)",39.255524401754500,41.684595524957000,42.595497196157900,42.985883626672600,43.289517517072900,43.289517517072900,43.332893787130100,43.376270057187300,43.376270057187300,43.376270057187300,43.376270057187300,43.332893787130100,42.772616965558100
"..Region XI (Davao Region)","02.3.0.2 - Cigars (ND)",63.789125168581000,63.789125168581000,63.789125168581000,63.789125168581000,63.916959086754500,63.916959086754500,63.916959086754500,63.916959086754500,63.916959086754500,63.916959086754500,63.916959086754500,63.916959086754500,63.874347780696600
"..Region XI (Davao Region)","02.3.0.9 - Other tobacco products (ND)",..,..,..,..,..,..,..,..,..,..,..,..,..
"..Region XI (Davao Region)","02.4 - OTHER VEGETABLE-BASED TOBACCO PRODUCTS",..,..,..,..,..,..,..,..,..,..,..,..,..
"..Region XI (Davao Region)","02.4.0 - Other vegetable-based tobacco products (ND)",..,..,..,..,..,..,..,..,..,..,..,..,..
"..Region XI (Davao Region)","02.4.0.0 - Other vegetable-based tobacco products (ND)",..,..,..,..,..,..,..,..,..,..,..,..,..
"..Region XI (Davao Region)","02.900 - NON-FOOD",64.109664912766500,64.248130711714200,64.525062309609500,64.732761008031000,65.148158404874000,65.355857103295500,65.494322902243200,65.840487399612300,66.048186098033800,66.602049293824400,66.809747992245900,67.086679590141200,65.500092310532600
"..Region XI (Davao Region)","03 - CLOTHING AND FOOTWEAR",64.916146062000000,64.983277547069200,65.251803487346400,65.453197942554200,65.520329427623500,65.721723882831400,65.923118338039300,65.923118338039300,65.990249823108500,66.124512793247100,66.191644278316400,66.527301703662800,65.710535301986500
"..Region XI (Davao Region)","03.1 - CLOTHING",67.578923779377600,67.648953752205900,67.999103616347800,68.559343398974800,68.489313426146400,68.699403344631500,68.979523235945000,68.979523235945000,69.049553208773300,69.119583181601700,69.189613154430100,69.399703072915200,68.641045033941200
"..Region XI (Davao Region)","03.1.1 - Clothing materials (SD)",73.889200256761300,73.963237531567600,73.815162981954900,73.815162981954900,73.889200256761300,73.963237531567600,73.889200256761300,73.963237531567600,73.815162981954900,73.889200256761300,73.815162981954900,73.815162981954900,73.876860710960200
"..Region XI (Davao Region)","03.1.1.0 - Clothing materials (SD)",73.949370615276600,74.023468181023300,73.875273049529800,73.875273049529800,73.949370615276600,74.023468181023300,73.949370615276600,74.023468181023300,73.875273049529800,73.949370615276600,73.875273049529800,73.875273049529800,73.937021020985400
"..Region XI (Davao Region)","03.1.2 - Garments (SD)",68.734970888927300,68.734970888927300,68.806051520663500,69.445777206289500,69.374696574553300,69.587938469762000,69.872260996706800,69.943341628443100,69.943341628443100,70.085502891915500,70.156583523651700,70.440906050596600,69.593861855739900
"..Region XI (Davao Region)","03.1.2.1 - Garments for men or boys (SD)",66.189736365560000,66.558378052932900,66.481447666870000,66.931316211737900,67.283947656169200,67.595965671852900,67.770720979745800,67.936883344774500,67.834761951512500,67.923993930478400,68.000924316541300,68.171383153002100,67.389954941764800
"..Region XI (Davao Region)","03.1.2.2 - Garments for women or girls (SD)",72.042785042262200,71.606634538668500,71.786276765933900,72.625598142771500,72.116336439310900,72.188311292057900,72.839106370444700,72.756362389968200,72.446181989791200,72.644869679684900,72.623563474205200,73.115576357930200,72.399300206919100
"..Region XI (Davao Region)","03.1.2.3 - Garments for infants (0 to under 2 years) (SD)",65.564249709290600,65.954900650954700,66.605985553728200,65.173598767626500,64.913164806517100,64.522513864853000,64.587622355130400,64.587622355130400,64.587622355130400,64.587622355130400,64.587622355130400,64.587622355130400,65.021678956979400
"..Region XI (Davao Region)","03.1.2.4 - School uniforms (SD)",..,..,..,..,..,..,..,..,..,..,..,..,..
"..Region XI (Davao Region)","03.1.3 - Other articles of clothing and clothing accessories (SD)",67.495459075135500,66.718024467987400,67.283431455004200,67.919514315398100,67.283431455004200,68.272893682283700,68.272893682283700,68.272893682283700,68.626273049169200,69.545059403071600,69.757087023202900,69.757087023202900,68.267004026168900
"..Region XI (Davao Region)","03.1.3.1 - Other articles of clothing (SD)",..,..,..,..,..,..,..,..,..,..,..,..,..
"..Region XI (Davao Region)","03.1.3.2 - Clothing accessories (SD)",48.719751678627600,48.134105557786900,48.481742862750400,49.055835755869500,48.458636407307200,49.255261878127200,49.255261878127200,49.255261878127200,49.536423809004900,50.134270568493600,50.232130026216300,50.232130026216300,49.229234360554500
"..Region XI (Davao Region)","03.1.4 - Cleaning, repair, tailoring and hire of clothing (S)",65.485170510121200,65.554247694203600,68.317335057499900,68.317335057499900,68.731798161994300,68.731798161994300,68.731798161994300,68.731798161994300,68.731798161994300,68.731798161994300,68.731798161994300,68.731798161994300,68.127372801273300
"..Region XI (Davao Region)","03.1.4.1 - Cleaning of clothing (S)",65.736919185195000,65.736919185195000,68.926685305995600,68.926685305995600,69.204056273021800,69.204056273021800,69.204056273021800,69.204056273021800,69.204056273021800,69.204056273021800,69.204056273021800,69.204056273021800,68.579971597213000
"..Region XI (Davao Region)","03.1.4.2 - Repair, tailoring and hire of clothing (S)",64.192307679340800,64.491532711007100,66.075363682278500,66.075363682278500,66.844785403636200,66.844785403636200,66.844785403636200,66.844785403636200,66.811538177895500,66.811538177895500,66.878032629376900,66.977774306599000,66.307716055101400
"..Region XI (Davao Region)","03.2 - FOOTWEAR",58.570870753611900,58.631128851095000,58.570870753611900,58.028547876263600,58.390096461162500,58.570870753611900,58.631128851095000,58.631128851095000,58.811903143544400,58.932419338510700,59.173451728443300,59.535000313342100,58.706451472948900
"..Region XI (Davao Region)","03.2.1 - Shoes and other footwear (SD)",59.033383013690700,59.094116946832300,59.033383013690700,58.486777615415700,58.851181214265700,59.033383013690700,59.094116946832300,59.094116946832300,59.276318746257300,59.397786612540600,59.640722345107200,60.005125943957100,59.170034363259400
"..Region XI (Davao Region)","03.2.1.1 - Footwear for men (SD)",62.291446103456600,62.291446103456600,62.479827492882300,61.412332952802900,60.470426005674000,60.596013598624600,60.596013598624600,60.596013598624600,60.721601191575100,60.972776377476100,61.349539156327700,61.914683324605000,61.307676625344200
"..Region XI (Davao Region)","03.2.1.2 - Footwear for women (SD)",58.033270779576200,57.972183126124000,57.544569551958700,57.483481898506500,59.377199155524300,59.621549769333000,59.682637422785200,59.926988036594000,60.049163343498300,60.171338650402700,60.232426303854900,60.476776917663600,59.214298746318500
"..Region XI (Davao Region)","03.2.1.3 - Footwear for infants and children (SD)",55.092933382407100,55.207949944792100,55.150441663599600,55.437983069562000,56.588148693411900,56.703165255796800,56.703165255796800,56.300607287449400,56.588148693411900,56.473132131026900,56.588148693411900,56.933198380566800,56.147251870936100
"..Region XI (Davao Region)","03.2.2 - Cleaning, repair, and hire of footwear (S)",..,..,..,..,..,..,..,..,..,..,..,..,..
"..Region XI (Davao Region)","03.2.2.0 - Cleaning, repair, and hire of footwear (S)",..,..,..,..,..,..,..,..,..,..,..,..,..
"..Region XI (Davao Region)","04 - HOUSING, WATER, ELECTRICITY, GAS, AND OTHER FUELS",63.808663707956100,64.148432950277500,64.556156041063100,64.692063737991700,64.895925283384500,64.963879131848800,65.031832980313100,65.167740677241700,65.439556071098800,65.575463768027300,65.779325313420100,66.255002252670100,65.026170159607700
"..Region XI (Davao Region)","04.1 - ACTUAL RENTALS FOR HOUSING",82.377707234824200,82.377707234824200,82.377707234824200,82.377707234824200,82.377707234824200,82.126300193415800,82.126300193415800,82.126300193415800,82.210102540551900,82.210102540551900,82.210102540551900,82.210102540551900,82.258987243048000
"..Region XI (Davao Region)","04.1.1 - Actual rentals paid by tenants for main residence (S)",82.377707234824200,82.377707234824200,82.377707234824200,82.377707234824200,82.377707234824200,82.126300193415800,82.126300193415800,82.126300193415800,82.210102540551900,82.210102540551900,82.210102540551900,82.210102540551900,82.258987243048000
"..Region XI (Davao Region)","04.1.1.0 - Actual rentals paid by tenants for main residence (S)",82.377707234824200,82.377707234824200,82.377707234824200,82.377707234824200,82.377707234824200,82.126300193415800,82.126300193415800,82.126300193415800,82.210102540551900,82.210102540551900,82.210102540551900,82.210102540551900,82.258987243048000
"..Region XI (Davao Region)","04.3 - MAINTENANCE, REPAIR AND SECURITY OF THE DWELLING",63.891184516649900,64.436680222235000,64.709428075027500,65.186736817414400,65.527671633405100,65.595858596603200,65.868606449395700,65.936793412593900,66.073167338990100,66.004980375792000,66.414102154980800,66.414102154980800,65.504942645672400
"..Region XI (Davao Region)","04.3.1 - Security equipment and materials for the maintenance and repair of the dwelling (ND)",63.811069671775700,64.361758514682100,64.705939041498500,65.325463989768200,65.669644516584700,65.738480621948000,66.082661148764500,66.151497254127700,66.358005570217600,66.220333359491100,66.702186097034100,66.564513886307500,65.640962806016600
"..Region XI (Davao Region)","04.3.1.1 - Materials for the maintenance and repair of the dwelling (ND)",63.811069671775700,64.361758514682100,64.705939041498500,65.325463989768200,65.669644516584700,65.738480621948000,66.082661148764500,66.151497254127700,66.358005570217600,66.220333359491100,66.702186097034100,66.564513886307500,65.640962806016600
"..Region XI (Davao Region)","04.3.2 - Services for the maintenance, repair and security of the dwelling (S)",62.644564379336900,62.837316885119500,63.030069390902100,63.030069390902100,63.158571061423800,63.287072731945500,63.608326908249800,63.608326908249800,63.608326908249800,63.608326908249800,63.929581084554100,63.993831919815000,63.362032039749900
"..Region XI (Davao Region)","04.3.2.0 - Services for the maintenance, repair and security of the dwelling (S)",62.644564379336900,62.837316885119500,63.030069390902100,63.030069390902100,63.158571061423800,63.287072731945500,63.608326908249800,63.608326908249800,63.608326908249800,63.608326908249800,63.929581084554100,63.993831919815000,63.362032039749900
"..Region XI (Davao Region)","04.4 - WATER SUPPLY AND MISCELLANEOUS SERVICES RELATING TO THE DWELLING",65.409669599848400,65.409669599848400,66.541080101035000,66.541080101035000,66.541080101035000,66.541080101035000,66.823932726331600,68.379622165463100,68.379622165463100,68.379622165463100,68.379622165463100,68.379622165463100,67.142141929790300
"..Region XI (Davao Region)","04.4.1 - Water supply (ND)",65.409669599848400,65.409669599848400,66.541080101035000,66.541080101035000,66.541080101035000,66.541080101035000,66.823932726331600,68.379622165463100,68.379622165463100,68.379622165463100,68.379622165463100,68.379622165463100,67.142141929790300
"..Region XI (Davao Region)","04.4.1.1 - Water supply through network systems (ND)",65.352642860877300,65.352642860877300,66.483066953606000,66.483066953606000,66.483066953606000,66.483066953606000,66.765672976788100,68.320006104290100,68.320006104290100,68.320006104290100,68.320006104290100,68.320006104290100,67.083604752868100
"..Region XI (Davao Region)","04.5 - ELECTRICITY, GAS AND OTHER FUELS",43.135512408948600,43.834467471130700,44.683198618066000,44.882900064403700,45.182452233910300,45.631780488170200,45.731631211339000,45.931332657676800,46.430586273521100,46.780063804612100,47.179466697287600,48.227899290560600,45.635940934968900
"..Region XI (Davao Region)","04.5.1 - Electricity (ND)",41.506385312669100,42.618163490687000,43.451997124200400,43.451997124200400,43.590969396452700,43.776265759455700,43.776265759455700,43.776265759455700,44.054210303960100,44.100534394710900,43.544645305701900,44.841719846722800,43.540784964806000
"..Region XI (Davao Region)","04.5.1.0 - Electricity (ND)",41.506385312669100,42.618163490687000,43.451997124200400,43.451997124200400,43.590969396452700,43.776265759455700,43.776265759455700,43.776265759455700,44.054210303960100,44.100534394710900,43.544645305701900,44.841719846722800,43.540784964806000
"..Region XI (Davao Region)","04.5.2 - Gas (ND)",50.188155595279500,49.788249973006400,50.254806532325000,51.654476210281000,53.254098699373600,53.720655258692300,54.253862755056500,54.653768377329600,56.320041803467700,58.452871788924500,63.451692067338800,65.117965493476900,55.092553712879300
"..Region XI (Davao Region)","04.5.2.2 - Liquefied hydrocarbons (ND)",..,..,..,..,..,..,..,..,..,..,..,..,..
"..Region XI (Davao Region)","04.5.3 - Liquid fuels (ND)",..,..,..,..,..,..,..,..,..,..,..,..,..
"..Region XI (Davao Region)","04.5.3.0 - Liquid fuels (ND)",..,..,..,..,..,..,..,..,..,..,..,..,..
"..Region XI (Davao Region)","04.5.4 - Solid fuels (ND)",45.905453630775500,46.429488489574300,47.477558207171900,47.477558207171900,47.582365178931700,48.630434896529300,48.840048840048800,49.206873241208000,49.626101128247100,49.730908100006800,49.888118557646500,49.992925529406200,48.398986167226500
"..Region XI (Davao Region)","04.5.4.2 - Wood fuel, including pellets and briquettes (ND)",48.604722647914300,48.826662020735800,49.991843728048800,49.991843728048800,50.047328571254200,51.267995121772600,51.489934494594100,51.933813240237200,52.599631358701700,52.710601045112500,52.766085888317900,52.821570731523300,51.087669381355100
"..Region XI (Davao Region)","04.5.4.3 - Charcoal (ND)",35.243954878092900,37.052367614141000,37.454237111040600,37.454237111040600,37.896293557630100,38.177602205459800,38.217789155149800,38.378536953909600,37.976667457010000,38.016854406700000,38.458910853289500,38.981341199258900,37.775732708560200
"..Region XI (Davao Region)","05 - FURNISHINGS, HOUSEHOLD EQUIPMENT AND ROUTINE HOUSEHOLD MAINTENANCE",65.036748920263700,65.878648582661900,66.369756719060900,66.510073329460600,67.422131297058700,67.562447907458400,67.702764517858100,67.913239433457700,67.983397738657500,68.193872654257100,68.404347569856600,68.684980790656000,67.305200788392300
"..Region XI (Davao Region)","05.1 - FURNITURE, FURNISHINGS, AND LOOSE CARPETS",84.689040964908700,83.687342630915100,87.329882027255300,86.783501117804200,87.238818542346800,88.149453391431800,88.058389906523300,88.331580361248900,88.422643846157300,88.422643846157300,88.422643846157300,90.334977029235900,87.489243125845200
"..Region XI (Davao Region)","05.1.1 - Furniture, furnishings and loose carpets (D)",84.853008130378000,83.849370399803700,87.498962147346800,86.951523385215300,87.407722353658200,88.320120290544000,88.228880496855400,88.502599877921200,88.593839671609700,88.593839671609700,88.593839671609700,90.509875339069900,87.658631786301800
"..Region XI (Davao Region)","05.1.1.1 - Household furniture (D)",86.320521678574100,86.502824786659800,90.148886948373600,88.690462083688100,88.963916745816600,90.422341610502100,90.513493164545000,90.513493164545000,90.513493164545000,90.513493164545000,90.513493164545000,90.513493164545000,89.510826070073700
"..Region XI (Davao Region)","05.1.1.3 - Lighting equipment (D)",..,..,..,..,..,..,..,..,..,..,..,..,..
"..Region XI (Davao Region)","05.1.1.4 - Furnishings, loose carpets and rugs (D)",..,..,..,..,..,..,..,..,..,..,..,..,..
"..Region XI (Davao Region)","05.2 - HOUSEHOLD TEXTILES",72.192339327664500,72.414242010024100,72.414242010024100,72.414242010024100,72.636144692383700,72.636144692383700,72.562177131597200,72.192339327664500,72.414242010024100,72.414242010024100,72.562177131597200,72.710112253170300,72.463553717215100
"..Region XI (Davao Region)","05.2.1 - Household textiles (SD)",72.192339327664500,72.414242010024100,72.414242010024100,72.414242010024100,72.636144692383700,72.636144692383700,72.562177131597200,72.192339327664500,72.414242010024100,72.414242010024100,72.562177131597200,72.710112253170300,72.463553717215100
"..Region XI (Davao Region)","05.2.1.1 - Furnishing fabrics and curtains (SD)",71.305471779405400,71.305471779405400,71.305471779405400,71.305471779405400,71.161855522045100,71.161855522045100,71.305471779405400,71.233663650725300,71.161855522045100,71.161855522045100,71.592704294126100,71.592704294126100,71.299487768682100
"..Region XI (Davao Region)","05.2.1.2 - Bed linen and bedding (SD)",75.810197580805600,75.886696266558100,75.886696266558100,75.963194952310700,76.116192323815900,76.116192323815900,75.580701523547800,74.815714666022000,75.274706780537500,75.351205466290100,75.351205466290100,75.427704152042700,75.631700647382900
"..Region XI (Davao Region)","05.2.1.3 - Table linen and bathroom linen (SD)",66.994819210926000,67.138430827669700,67.138430827669700,67.138430827669700,67.353848252785200,67.353848252785200,67.353848252785200,67.353848252785200,67.712877294644400,67.712877294644400,67.712877294644400,68.143712144875400,67.425654061157000
"..Region XI (Davao Region)","05.2.1.9 - Other household textiles (SD)",..,..,..,..,..,..,..,..,..,..,..,..,..
"..Region XI (Davao Region)","05.3 - HOUSEHOLD APPLIANCES",70.761381804499000,71.675414723394600,71.751584133302600,71.751584133302600,72.284770002658300,72.513278232382200,72.665617052198100,72.741786462106100,73.122633511645900,73.579649971093700,73.960497020633500,74.417513480081300,72.602142543941500
"..Region XI (Davao Region)","05.3.1 - Major household appliances, whether electric or not (D)",71.683200507820500,72.534728807589400,72.534728807589400,72.612140471204800,73.231433780127600,73.463668770973700,73.541080434589100,73.618492098204400,74.237785407127300,74.547432061588700,74.934490379665500,75.398960361357600,73.528178490653200
"..Region XI (Davao Region)","05.3.1.1 - Major kitchen appliances (D)",70.334895743832900,70.455151929094800,70.028396998539100,70.036986726057800,70.970927947073700,71.009581720907900,71.090013080812500,71.052530358501500,72.295312427857500,72.469059738944600,73.707546944541300,73.771969900931600,71.435197793091200
"..Region XI (Davao Region)","05.3.1.2 - Major laundry appliances (D)",..,..,..,..,..,..,..,..,..,..,..,..,..
"..Region XI (Davao Region)","05.3.1.3 - Heaters, air conditioners (D)",..,..,..,..,..,..,..,..,..,..,..,..,..
"..Region XI (Davao Region)","05.3.2 - Small household appliances (SD)",72.155425664011600,73.669705321178700,73.669705321178700,73.669705321178700,73.669705321178700,73.669705321178700,73.972561252612100,73.972561252612100,73.593991338320400,74.881129046912400,75.108270995487500,75.108270995487500,73.928394762611400
"..Region XI (Davao Region)","05.3.2.1 - Small appliances for cooking and processing of food (SD)",72.155425664011600,73.669705321178700,73.669705321178700,73.669705321178700,73.669705321178700,73.669705321178700,73.972561252612100,73.972561252612100,73.593991338320400,74.881129046912400,75.108270995487500,75.108270995487500,73.928394762611400
"..Region XI (Davao Region)","05.3.2.9 - Other small household appliances (SD)",..,..,..,..,..,..,..,..,..,..,..,..,..
"..Region XI (Davao Region)","05.3.3 - Repair, installation and hire of household appliances (S)",71.816667797044400,73.323838160046400,73.323838160046400,73.323838160046400,73.323838160046400,73.323838160046400,73.625272232646800,73.625272232646800,73.248479641896300,74.529574450448000,74.755650004898300,74.755650004898300,73.581313097059300
"..Region XI (Davao Region)","05.3.3.0 - Repair, installation and hire of household appliances (S)",71.816667797044400,73.323838160046400,73.323838160046400,73.323838160046400,73.323838160046400,73.323838160046400,73.625272232646800,73.625272232646800,73.248479641896300,74.529574450448000,74.755650004898300,74.755650004898300,73.581313097059300
"..Region XI (Davao Region)","05.4 - GLASSWARE, TABLEWARE AND HOUSEHOLD UTENSILS",65.023733662786900,64.888267550989400,64.888267550989400,65.362398942280600,65.497865054078100,65.701064221774300,66.107462557166700,66.378394780761700,66.378394780761700,66.513860892559100,66.513860892559100,66.581593948457900,65.819597069597100
"..Region XI (Davao Region)","05.4.0 - Glassware, tableware and household utensils (SD)",65.023733662786900,64.888267550989400,64.888267550989400,65.362398942280600,65.497865054078100,65.701064221774300,66.107462557166700,66.378394780761700,66.378394780761700,66.513860892559100,66.513860892559100,66.581593948457900,65.819597069597100
"..Region XI (Davao Region)","05.4.0.1 - Glassware, crystal-ware, ceramic ware and chinaware (SD)",59.554225819750000,60.233082279871500,60.109653832576700,61.467366752819700,61.590795200114500,60.356510727166400,61.282224081877500,61.714223647409400,60.911938739993000,60.541653398108600,60.541653398108600,60.788510292698200,60.757653180874500
"..Region XI (Davao Region)","05.4.0.2 - Cutlery, flatware and silverware (SD)",..,..,..,..,..,..,..,..,..,..,..,..,..
"..Region XI (Davao Region)","05.4.0.3 - Kitchen utensils and articles (SD)",69.927275633341300,69.285086367320800,69.213732004429700,69.427795093103200,69.356440730212000,69.356440730212000,69.641858181776700,69.784566907559000,69.998629996232500,70.141338722014800,70.212693084906000,70.069984359123700,69.701320150852600
"..Region XI (Davao Region)","05.5 - TOOLS AND EQUIPMENT FOR HOUSE AND GARDEN",72.484994858796300,72.484994858796300,72.484994858796300,72.559721657619700,72.783902054090300,72.933355651737200,73.082809249384300,73.306989645854800,73.306989645854800,73.381716444678300,73.381716444678300,73.680623639972300,72.989400750854900
"..Region XI (Davao Region)","05.5.1 - Motorized tools and equipment (D)",..,..,..,..,..,..,..,..,..,..,..,..,..
"..Region XI (Davao Region)","05.5.1.0 - Motorized tools and equipment (D)",..,..,..,..,..,..,..,..,..,..,..,..,..
"..Region XI (Davao Region)","05.5.2 - Non-motorized tools and miscellaneous accessories (SD)",72.484994858796300,72.484994858796300,72.484994858796300,72.559721657619700,72.783902054090300,72.933355651737200,73.082809249384300,73.306989645854800,73.306989645854800,73.381716444678300,73.381716444678300,73.680623639972300,72.989400750854900
"..Region XI (Davao Region)","05.5.2.1 - Non-motorized tools (SD)",73.815582203325300,73.289937162203000,73.064660716007700,73.064660716007700,73.365029310934800,73.365029310934800,73.365029310934800,74.040858649520600,74.040858649520600,74.040858649520600,74.040858649520600,74.040858649520600,73.627851831495900
"..Region XI (Davao Region)","05.5.2.2 - Miscellaneous accessories (SD)",74.243393029948000,74.474201505688700,74.551137664269000,74.628073822849300,74.858882298590000,75.089690774330800,75.166626932911100,75.320499250071600,75.320499250071600,75.397435408651800,75.397435408651800,75.859052360133400,75.025577308847200
"..Region XI (Davao Region)","05.6 - GOODS AND SERVICES FOR ROUTINE HOUSEHOLD MAINTENANCE",61.773158219858700,62.847474014986700,63.183197700964200,63.518921386941700,64.660381919265200,64.727526656460700,64.928960868047200,65.130395079633700,65.130395079633700,65.331829291220100,65.466118765611200,65.600408240002100,64.358230601885400
"..Region XI (Davao Region)","05.6.1 - Non-durable household goods (ND)",64.485487979654300,65.390791806582500,65.669346830252700,66.017540609840500,66.574650657180900,66.713928169016000,66.922844436768700,67.201399460438900,67.201399460438900,67.479954484109100,67.758509507779300,68.037064531449500,66.621076494459300
"..Region XI (Davao Region)","05.6.1.1 - Household cleaning and maintenance products (ND)",65.125610548722700,66.093559121644800,66.449610939371500,66.928391333993400,67.412963537496300,67.611535925041600,67.827483739230000,68.236878475042000,68.231684583202800,68.500838463641600,68.845443515441200,69.074905550352000,67.528242144431600
"..Region XI (Davao Region)","05.6.1.9 - Other non-durable household goods (ND)",56.100463350479400,56.637024636509500,56.338935033159500,56.279317112489500,57.292821763879600,56.935114239859600,57.113968001869600,57.113968001869600,57.173585922539600,56.875496319189600,56.875496319189600,57.233203843209600,56.830782878687100
"..Region XI (Davao Region)","05.6.2 - Domestic services and household services (S)",57.496682883679800,58.949895747772800,59.328994755797100,59.518544259809200,61.603588803942600,61.603588803942600,61.793138307954800,61.793138307954800,61.793138307954800,61.793138307954800,61.793138307954800,61.793138307954800,60.771677091889400
"..Region XI (Davao Region)","05.6.2.1 - Domestic services by paid staff (S)",57.496682883679800,58.949895747772800,59.328994755797100,59.518544259809200,61.603588803942600,61.603588803942600,61.793138307954800,61.793138307954800,61.793138307954800,61.793138307954800,61.793138307954800,61.793138307954800,60.771677091889400
"..Region XI (Davao Region)","06 - HEALTH",56.770756616094700,56.893504197967300,57.138999361712600,57.691363480139400,58.059606225757300,58.243727598566300,58.305101389502600,58.305101389502600,58.489222762311600,58.734717926056900,59.041586880738500,59.225708253547400,58.074949673491400
"..Region XI (Davao Region)","06.1 - MEDICINES AND HEALTH PRODUCTS",60.138841441011700,60.461128908541300,60.654501389059000,60.847873869576700,61.492448804635800,61.427991311129900,61.492448804635800,61.621363791647600,61.556906298141700,61.943651259177100,62.265938726706700,62.717141181248000,61.385019648792600
"..Region XI (Davao Region)","06.1.1 - Medicines (ND)",59.679487179487200,60.064102564102600,60.192307692307700,60.448717948718000,61.089743589743600,61.025641025641000,61.089743589743600,61.217948717948700,61.089743589743600,61.538461538461500,61.858974358974400,62.307692307692300,60.966880341880300
"..Region XI (Davao Region)","06.1.1.1 - Medicines, vaccines and other pharmaceutical preparations (ND)",59.679487179487200,60.064102564102600,60.192307692307700,60.448717948718000,61.089743589743600,61.025641025641000,61.089743589743600,61.217948717948700,61.089743589743600,61.538461538461500,61.858974358974400,62.307692307692300,60.966880341880300
"..Region XI (Davao Region)","06.1.2 - Medical products (ND)",70.110144052395400,70.618188574514200,69.964988474647100,70.182721841269500,70.835921941136500,70.908499730010600,70.908499730010600,71.053655307758900,70.908499730010600,71.126233096633000,71.126233096633000,72.505211085241200,70.854066388355000
"..Region XI (Davao Region)","06.1.2.1 - Medical diagnostic products (ND)",73.039722721251400,73.568996074303900,72.888501763236400,73.115333200258900,73.795827511326500,73.871437990334000,73.871437990334000,74.022658948349000,73.871437990334000,74.098269427356500,74.098269427356500,75.534868528499100,73.814730131078300
"..Region XI (Davao Region)","06.1.2.2 - Prevention and protective devices (ND)",..,..,..,..,..,..,..,..,..,..,..,..,..
"..Region XI (Davao Region)","06.1.2.3 - Treatment devices for personal use (ND)",68.080976910401000,68.574317322795200,67.940022506859800,68.151454112171600,68.785748928107000,68.856226129877600,68.856226129877600,68.997180533418800,68.856226129877600,69.067657735189400,69.067657735189400,70.406724568830900,68.803368228549700
"..Region XI (Davao Region)","06.1.3 - Assistive products (D)",79.728098596023100,79.728098596023100,79.728098596023100,79.728098596023100,79.728098596023100,79.728098596023100,79.728098596023100,79.728098596023100,79.728098596023100,79.410456768947300,79.410456768947300,79.410456768947300,79.648688139254200
"..Region XI (Davao Region)","06.1.3.1 - Assistive products for vision (D)",79.728098596023100,79.728098596023100,79.728098596023100,79.728098596023100,79.728098596023100,79.728098596023100,79.728098596023100,79.728098596023100,79.728098596023100,79.410456768947300,79.410456768947300,79.410456768947300,79.648688139254200
"..Region XI (Davao Region)","06.2 - OUTPATIENT CARE SERVICES",53.343759703945100,53.343759703945100,52.747740042448500,53.403361670094800,53.701371500843100,54.476197060788700,54.476197060788700,54.237789196190000,55.191420654584500,55.191420654584500,55.668236383781800,55.668236383781800,54.287457501314700
"..Region XI (Davao Region)","06.2.1 - Preventive care services (S)",53.496031480080800,53.496031480080800,52.837802904822500,53.496031480080800,53.795226287016400,54.573132785048900,54.573132785048900,54.393615900887500,55.291200321694300,55.291200321694300,55.829750974178300,55.829750974178300,54.408575641234300
"..Region XI (Davao Region)","06.2.1.9 - Other preventive services (S)",53.810407304759700,53.810407304759700,53.148310570584800,53.810407304759700,54.111360365748300,54.893838324318600,54.893838324318600,54.713266487725400,55.616125670691200,55.616125670691200,56.157841180470700,56.157841180470700,54.728314140774900
"..Region XI (Davao Region)","06.2.2 - Outpatient dental services (S)",50.995935472469800,50.995935472469800,51.500845724672400,51.949654837741500,52.117958255142400,52.342362811676900,52.342362811676900,52.342362811676900,53.800992429151300,53.800992429151300,54.081498124819400,54.081498124819400,52.529366608789000
"..Region XI (Davao Region)","06.2.2.1 - Dental preventive services (S)",50.995935472469800,50.995935472469800,51.500845724672400,51.949654837741500,52.117958255142400,52.342362811676900,52.342362811676900,52.342362811676900,53.800992429151300,53.800992429151300,54.081498124819400,54.081498124819400,52.529366608789000
"..Region XI (Davao Region)","06.2.3 - Other outpatient care services (S)",..,..,..,..,..,..,..,..,..,..,..,..,..
"..Region XI (Davao Region)","06.2.3.1 - Outpatient curative and rehabilitative services (S)",..,..,..,..,..,..,..,..,..,..,..,..,..
"..Region XI (Davao Region)","06.3 - INPATIENT CARE SERVICES",47.150409807285200,47.150409807285200,48.253930036817500,49.307290255916400,49.357450266349700,49.357450266349700,49.357450266349700,49.357450266349700,49.357450266349700,49.357450266349700,49.357450266349700,49.357450266349700,48.893470169841800
"..Region XI (Davao Region)","06.3.1 - Inpatient curative and rehabilitative services (S)",47.150409807285200,47.150409807285200,48.253930036817500,49.307290255916400,49.357450266349700,49.357450266349700,49.357450266349700,49.357450266349700,49.357450266349700,49.357450266349700,49.357450266349700,49.357450266349700,48.893470169841800
"..Region XI (Davao Region)","06.3.1.0 - Inpatient curative and rehabilitative services (S)",..,..,..,..,..,..,..,..,..,..,..,..,..
"..Region XI (Davao Region)","06.4 - OTHER HEALTH SERVICES",..,..,..,..,..,..,..,..,..,..,..,..,..
"..Region XI (Davao Region)","06.4.1 - Diagnostic imaging services and medical laboratory services (S)",..,..,..,..,..,..,..,..,..,..,..,..,..
"..Region XI (Davao Region)","06.4.1.0 - Diagnostic imaging services and medical laboratory services (S)",..,..,..,..,..,..,..,..,..,..,..,..,..
"..Region XI (Davao Region)","07 - TRANSPORT",59.942638623327000,59.847036328871900,60.133843212237100,61.281070745697900,62.619502868068800,62.332695984703600,63.097514340344200,64.722753346080300,65.296367112810700,67.973231357552600,69.216061185468500,68.546845124283000,63.750796685787100
"..Region XI (Davao Region)","07.1 - PURCHASE OF VEHICLES",..,..,..,..,..,..,..,..,..,..,..,..,..
"..Region XI (Davao Region)","07.1.1 - Motor cars (D)",..,..,..,..,..,..,..,..,..,..,..,..,..
"..Region XI (Davao Region)","07.1.1.1 - New motor cars (D)",..,..,..,..,..,..,..,..,..,..,..,..,..
"..Region XI (Davao Region)","07.1.2 - Motorcycles (D)",..,..,..,..,..,..,..,..,..,..,..,..,..
"..Region XI (Davao Region)","07.1.2.0 - Motorcycles (D)",..,..,..,..,..,..,..,..,..,..,..,..,..
"..Region XI (Davao Region)","07.1.3 - Bicycles (D)",..,..,..,..,..,..,..,..,..,..,..,..,..
"..Region XI (Davao Region)","07.1.3.0 - Bicycles (D)",..,..,..,..,..,..,..,..,..,..,..,..,..
"..Region XI (Davao Region)","07.2 - OPERATION OF PERSONAL TRANSPORT EQUIPMENT",62.084613376704200,61.763347589502600,62.486195610706200,65.698853482721900,66.582334397526300,66.020119269923500,68.188663333534100,70.196574503544000,71.722586992751400,73.328915928759300,76.862839587976600,74.774611971166400,68.309138003734700
"..Region XI (Davao Region)","07.2.1 - Parts and accessories for personal transport equipment (SD)",85.395325349877400,85.395325349877400,85.395325349877400,87.379166065502800,86.477420285673100,85.665849083826300,85.665849083826300,85.665849083826300,85.665849083826300,85.665849083826300,85.665849083826300,85.665849083826300,85.808625498966000
"..Region XI (Davao Region)","07.2.1.1 - Tires (SD)",..,..,..,..,..,..,..,..,..,..,..,..,..
"..Region XI (Davao Region)","07.2.1.2 - Parts for personal transport equipment (SD)",85.428386331704700,85.428386331704700,85.428386331704700,87.412995095482500,86.510900202856200,85.699014799492600,85.699014799492600,85.699014799492600,85.699014799492600,85.699014799492600,85.699014799492600,85.699014799492600,85.841846490825100
"..Region XI (Davao Region)","07.2.1.3 - Accessories for personal transport equipment (SD)",..,..,..,..,..,..,..,..,..,..,..,..,..
"..Region XI (Davao Region)","07.2.2 - Fuels and lubricants for personal transport equipment (ND)",59.586832971697400,59.191170070158900,59.982495873235900,63.385196826467000,64.413920370467100,63.859992308313200,66.233969717544200,68.449681966159700,70.111466152621400,71.931515499698500,75.809011934775700,73.514167105852500,66.372451733082600
"..Region XI (Davao Region)","07.2.2.1 - Diesel (ND)",..,..,..,..,..,..,..,..,..,..,..,..,..
"..Region XI (Davao Region)","07.2.2.2 - Gasoline (ND)",..,..,..,..,..,..,..,..,..,..,..,..,..
"..Region XI (Davao Region)","07.2.2.3 - Other fuels for personal transport equipment (ND)",..,..,..,..,..,..,..,..,..,..,..,..,..
"..Region XI (Davao Region)","07.2.2.4 - Lubricants (ND)",45.068379610443400,45.413731178339600,45.183496799742100,46.967813233872100,47.485840585716300,48.809688262651400,50.075977344937100,51.457383616521600,52.320762536261900,53.184141456002200,54.853340700833400,53.817285997145100,49.553153443538800
"..Region XI (Davao Region)","07.2.3 - Maintenance and repair of personal transport equipment (S)",..,..,..,..,..,..,..,..,..,..,..,..,..
"..Region XI (Davao Region)","07.2.3.0 - Maintenance and repair of personal transport equipment (S)",..,..,..,..,..,..,..,..,..,..,..,..,..
"..Region XI (Davao Region)","07.2.4 - Other services in respect of personal transport equipment (S)",..,..,..,..,..,..,..,..,..,..,..,..,..
"..Region XI (Davao Region)","07.2.4.2 - Toll facilities (S)",..,..,..,..,..,..,..,..,..,..,..,..,..
"..Region XI (Davao Region)","07.2.4.3 - Driving lessons, tests, licences, and road worthiness tests (S)",..,..,..,..,..,..,..,..,..,..,..,..,..
"..Region XI (Davao Region)","07.3 - PASSENGER TRANSPORT SERVICES",58.410889239571100,58.410889239571100,58.410889239571100,58.550294703150000,60.014052070728800,60.014052070728800,60.014052070728800,61.408106706518000,61.408106706518000,64.614432368833400,64.614432368833400,64.753837832412300,60.885336218097100
"..Region XI (Davao Region)","07.3.1 - Passenger transport by railway (S)",..,..,..,..,..,..,..,..,..,..,..,..,..
"..Region XI (Davao Region)","07.3.1.1 - Passenger transport by train (S)",..,..,..,..,..,..,..,..,..,..,..,..,..
"..Region XI (Davao Region)","07.3.1.2 - Passenger transport by rapid transit and tram (S)",..,..,..,..,..,..,..,..,..,..,..,..,..
"..Region XI (Davao Region)","07.3.2 - Passenger transport by road (S)",63.422385417912900,63.422385417912900,63.422385417912900,63.575764826420500,65.493007432766100,65.493007432766100,65.493007432766100,67.256870630604100,67.256870630604100,71.398114660310600,71.398114660310600,71.628183773072100,66.605008144446600
"..Region XI (Davao Region)","07.3.2.1 - Passenger transport by bus and coach (S)",..,..,..,..,..,..,..,..,..,..,..,..,..
"..Region XI (Davao Region)","07.3.2.2 - Passenger transport by taxi and hired car with driver (S)",..,..,..,..,..,..,..,..,..,..,..,..,..
"..Region XI (Davao Region)","07.3.2.9 - Other passenger transport by road (S)",..,..,..,..,..,..,..,..,..,..,..,..,..
"..Region XI (Davao Region)","07.3.3 - Passenger transport by air (S)",34.399433602167100,34.399433602167100,34.399433602167100,34.399433602167100,34.399433602167100,34.399433602167100,34.399433602167100,34.399433602167100,34.399433602167100,34.399433602167100,34.399433602167100,34.399433602167100,34.399433602167100
"..Region XI (Davao Region)","07.3.3.1 - Passenger transport by air, domestic (S)",34.399433602167100,34.399433602167100,34.399433602167100,34.399433602167100,34.399433602167100,34.399433602167100,34.399433602167100,34.399433602167100,34.399433602167100,34.399433602167100,34.399433602167100,34.399433602167100,34.399433602167100
"..Region XI (Davao Region)","07.3.4 - Passenger transport by sea and inland waterway (S)",102.067270496639000,102.067270496639000,102.067270496639000,102.067270496639000,102.067270496639000,102.067270496639000,102.067270496639000,102.067270496639000,102.067270496639000,102.067270496639000,102.067270496639000,102.067270496639000,102.067270496639000
"..Region XI (Davao Region)","07.3.4.0 - Passenger transport by sea and inland waterway (S)",102.067270496639000,102.067270496639000,102.067270496639000,102.067270496639000,102.067270496639000,102.067270496639000,102.067270496639000,102.067270496639000,102.067270496639000,102.067270496639000,102.067270496639000,102.067270496639000,102.067270496639000
"..Region XI (Davao Region)","07.4 - TRANSPORT SERVICES OF GOODS",47.204516007214200,47.204516007214200,47.204516007214200,47.204516007214200,47.204516007214200,47.204516007214200,47.204516007214200,47.204516007214200,47.204516007214200,47.204516007214200,47.204516007214200,47.204516007214200,47.204516007214200
"..Region XI (Davao Region)","07.4.1 - Postal and courier services (S)",47.204516007214200,47.204516007214200,47.204516007214200,47.204516007214200,47.204516007214200,47.204516007214200,47.204516007214200,47.204516007214200,47.204516007214200,47.204516007214200,47.204516007214200,47.204516007214200,47.204516007214200
"..Region XI (Davao Region)","07.4.1.1 - Letter handling services (S)",..,..,..,..,..,..,..,..,..,..,..,..,..
"..Region XI (Davao Region)","07.4.1.2 - Courier and parcel delivery services (S)",..,..,..,..,..,..,..,..,..,..,..,..,..
"..Region XI (Davao Region)","08 - INFORMATION AND COMMUNICATION",122.634146341463000,117.268292682927000,113.756097560976000,113.756097560976000,113.658536585366000,113.463414634146000,113.170731707317000,113.170731707317000,112.780487804878000,113.170731707317000,113.170731707317000,113.463414634146000,114.455284552846000
"..Region XI (Davao Region)","08.1 - INFORMATION AND COMMUNICATION EQUIPMENT",89.384920634920600,89.186507936508000,89.186507936508000,89.384920634920600,89.285714285714300,89.285714285714300,89.285714285714300,89.285714285714300,88.988095238095300,89.285714285714300,89.285714285714300,89.484126984127000,89.277447089947100
"..Region XI (Davao Region)","08.1.1 - Fixed telephone equipment (D)",..,..,..,..,..,..,..,..,..,..,..,..,..
"..Region XI (Davao Region)","08.1.1.0 - Fixed telephone equipment (D)",..,..,..,..,..,..,..,..,..,..,..,..,..
"..Region XI (Davao Region)","08.1.2 - Mobile telephone equipment (D)",..,..,..,..,..,..,..,..,..,..,..,..,..
"..Region XI (Davao Region)","08.1.2.0 - Mobile telephone equipment (D)",..,..,..,..,..,..,..,..,..,..,..,..,..
"..Region XI (Davao Region)","08.1.3 - Information processing equipment (D)",..,..,..,..,..,..,..,..,..,..,..,..,..
"..Region XI (Davao Region)","08.1.3.1 - Computers, laptops and tablets (D)",..,..,..,..,..,..,..,..,..,..,..,..,..
"..Region XI (Davao Region)","08.1.3.2 - Peripheral equipment and its consumable components (D)",..,..,..,..,..,..,..,..,..,..,..,..,..
"..Region XI (Davao Region)","08.1.4 - Equipment for the reception, recording and reproduction of sound and vision (D)",86.411467722904300,86.236012966106500,86.148285587707600,86.411467722904300,86.323740344505400,86.323740344505400,86.323740344505400,86.323740344505400,85.972830830909900,86.323740344505400,86.323740344505400,86.499195101303200,86.301808499905700
"..Region XI (Davao Region)","08.1.4.0 - Equipment for the reception, recording and reproduction of sound and vision (D)",86.411467722904300,86.236012966106500,86.148285587707600,86.411467722904300,86.323740344505400,86.323740344505400,86.323740344505400,86.323740344505400,85.972830830909900,86.323740344505400,86.323740344505400,86.499195101303200,86.301808499905700
"..Region XI (Davao Region)","08.1.5 - Unrecorded recording media (SD)",93.254061139459800,93.254061139459800,93.254061139459800,93.347689714901000,93.628575441224700,93.628575441224700,93.628575441224700,93.628575441224700,93.628575441224700,93.628575441224700,93.628575441224700,93.628575441224700,93.511539721923200
"..Region XI (Davao Region)","08.1.5.0 - Unrecorded recording media (SD)",93.254061139459800,93.254061139459800,93.254061139459800,93.347689714901000,93.628575441224700,93.628575441224700,93.628575441224700,93.628575441224700,93.628575441224700,93.628575441224700,93.628575441224700,93.628575441224700,93.511539721923200
"..Region XI (Davao Region)","08.3 - INFORMATION AND COMMUNICATION SERVICES",138.684719535783000,130.851063829787000,125.531914893617000,125.531914893617000,125.338491295938000,125.145067698259000,124.661508704062000,124.661508704062000,124.274661508704000,124.661508704062000,124.661508704062000,124.951644100580000,126.579626047711000
"..Region XI (Davao Region)","08.3.1 - Fixed communication services (S)",88.788897559125800,89.062374656330400,89.062374656330400,89.062374656330400,89.062374656330400,89.062374656330400,86.692239813889700,86.692239813889700,86.692239813889700,86.692239813889700,86.692239813889700,88.059625299913200,87.968466267511700
"..Region XI (Davao Region)","08.3.1.0 - Fixed communication services (S)",88.788897559125800,89.062374656330400,89.062374656330400,89.062374656330400,89.062374656330400,89.062374656330400,86.692239813889700,86.692239813889700,86.692239813889700,86.692239813889700,86.692239813889700,88.059625299913200,87.968466267511700
"..Region XI (Davao Region)","08.3.2 - Mobile communication services (S)",..,..,..,..,..,..,..,..,..,..,..,..,..
"..Region XI (Davao Region)","08.3.2.0 - Mobile communication services (S)",..,..,..,..,..,..,..,..,..,..,..,..,..
"..Region XI (Davao Region)","08.3.3 - Internet access provision services and net storage services (S)",86.830335902559700,81.913915056935300,80.645161290322600,80.645161290322600,80.090081517429500,79.455704634123100,79.455704634123100,79.455704634123100,78.266247977923700,79.455704634123100,79.455704634123100,79.455704634123100,80.427094236686000
"..Region XI (Davao Region)","08.3.3.0 - Internet access provision services and net storage services (S)",86.830335902559700,81.913915056935300,80.645161290322600,80.645161290322600,80.090081517429500,79.455704634123100,79.455704634123100,79.455704634123100,78.266247977923700,79.455704634123100,79.455704634123100,79.455704634123100,80.427094236686000
"..Region XI (Davao Region)","08.3.5 - Repair and rental of information and communication equipment (S)",167.340339531124000,155.780113177041000,146.806790622474000,146.806790622474000,146.806790622474000,146.806790622474000,146.806790622474000,146.806790622474000,146.806790622474000,146.806790622474000,146.806790622474000,146.806790622474000,149.265696577742000
"..Region XI (Davao Region)","08.3.5.0 - Repair and rental of information and communication equipment (S)",167.340339531124000,155.780113177041000,146.806790622474000,146.806790622474000,146.806790622474000,146.806790622474000,146.806790622474000,146.806790622474000,146.806790622474000,146.806790622474000,146.806790622474000,146.806790622474000,149.265696577742000
"..Region XI (Davao Region)","09 - RECREATION, SPORT AND CULTURE",58.256880733945000,58.333333333333300,58.562691131498500,58.944954128440400,58.409785932721700,59.556574923547400,60.168195718654400,60.244648318042800,60.474006116207900,60.474006116207900,60.474006116207900,60.550458715596300,59.537461773700300
"..Region XI (Davao Region)","09.1 - RECREATIONAL DURABLES",..,..,..,..,..,..,..,..,..,..,..,..,..
"..Region XI (Davao Region)","09.1.1 - Photographic and cinematographic equipment and optical instruments (D)",..,..,..,..,..,..,..,..,..,..,..,..,..
"..Region XI (Davao Region)","09.1.1.1 - Cameras (D)",..,..,..,..,..,..,..,..,..,..,..,..,..
"..Region XI (Davao Region)","09.2 - OTHER RECREATIONAL GOODS",..,..,..,..,..,..,..,..,..,..,..,..,..
"..Region XI (Davao Region)","09.2.1 - Games, toys and hobbies (SD)",..,..,..,..,..,..,..,..,..,..,..,..,..
"..Region XI (Davao Region)","09.2.1.2 - Other games, toys and hobbies (SD)",..,..,..,..,..,..,..,..,..,..,..,..,..
"..Region XI (Davao Region)","09.2.2 - Equipment for sport, camping and open-air recreation (SD)",..,..,..,..,..,..,..,..,..,..,..,..,..
"..Region XI (Davao Region)","09.2.2.1 - Equipment for sport (SD)",..,..,..,..,..,..,..,..,..,..,..,..,..
"..Region XI (Davao Region)","09.2.2.2 - Equipment for camping and open-air recreation (SD)",..,..,..,..,..,..,..,..,..,..,..,..,..
"..Region XI (Davao Region)","09.3 - GARDEN PRODUCTS AND PETS",..,..,..,..,..,..,..,..,..,..,..,..,..
"..Region XI (Davao Region)","09.3.1 - Garden products, plants and flowers (ND)",..,..,..,..,..,..,..,..,..,..,..,..,..
"..Region XI (Davao Region)","09.3.1.1 - Garden products (ND)",..,..,..,..,..,..,..,..,..,..,..,..,..
"..Region XI (Davao Region)","09.3.1.2 - Plants, seeds and flowers (ND)",..,..,..,..,..,..,..,..,..,..,..,..,..
"..Region XI (Davao Region)","09.3.2 - Pets and products for pets (ND)",..,..,..,..,..,..,..,..,..,..,..,..,..
"..Region XI (Davao Region)","09.3.2.2 - Products for pets and other household animals (ND)",..,..,..,..,..,..,..,..,..,..,..,..,..
"..Region XI (Davao Region)","09.4 - RECREATIONAL SERVICES",49.389623601220800,49.389623601220800,49.389623601220800,49.389623601220800,49.389623601220800,49.389623601220800,49.389623601220800,49.389623601220800,49.389623601220800,49.389623601220800,49.389623601220800,49.440488301119000,49.393862326212300
"..Region XI (Davao Region)","09.4.6 - Recreational and sporting services (S)",74.113918441071000,74.113918441071000,74.113918441071000,74.113918441071000,72.967826918786400,73.808294035128500,73.808294035128500,73.808294035128500,73.808294035128500,73.808294035128500,73.808294035128500,75.336416064841300,73.967473413223600
"..Region XI (Davao Region)","09.4.6.2 - Sporting services - practice (S)",68.689085235590600,68.689085235590600,68.689085235590600,68.689085235590600,68.689085235590600,68.689085235590600,68.689085235590600,68.689085235590600,68.689085235590600,68.689085235590600,68.689085235590600,73.273451324729000,69.071115743018800
"..Region XI (Davao Region)","09.4.7 - Games of chance (S)",49.149106100632800,49.149106100632800,49.149106100632800,49.149106100632800,49.149106100632800,49.149106100632800,49.149106100632800,49.149106100632800,49.149106100632800,49.149106100632800,49.149106100632800,49.149106100632800,49.149106100632800
"..Region XI (Davao Region)","09.4.7.0 - Games of chance (S)",49.101202488448900,49.101202488448900,49.101202488448900,49.101202488448900,49.101202488448900,49.101202488448900,49.101202488448900,49.101202488448900,49.101202488448900,49.101202488448900,49.101202488448900,49.101202488448900,49.101202488449000
"..Region XI (Davao Region)","09.5 - CULTURAL GOODS",95.680751173708900,95.680751173708900,95.680751173708900,95.774647887324000,96.150234741784000,96.150234741784000,96.150234741784000,96.150234741784000,96.150234741784000,96.150234741784000,96.150234741784000,96.150234741784000,96.001564945226900
"..Region XI (Davao Region)","09.5.1 - Musical instruments (D)",95.722750010812000,95.722750010812000,95.722750010812000,95.818857189537800,96.107178725714900,96.107178725714900,96.107178725714900,96.107178725714900,96.107178725714900,96.107178725714900,96.107178725714900,96.107178725714900,95.987044752307800
"..Region XI (Davao Region)","09.5.1.0 - Musical instruments (D)",95.722750010812000,95.722750010812000,95.722750010812000,95.818857189537800,96.107178725714900,96.107178725714900,96.107178725714900,96.107178725714900,96.107178725714900,96.107178725714900,96.107178725714900,96.107178725714900,95.987044752307800
"..Region XI (Davao Region)","09.6 - CULTURAL SERVICES",58.053691275167800,58.053691275167800,58.053691275167800,58.053691275167800,58.053691275167800,58.053691275167800,58.053691275167800,58.053691275167800,58.053691275167800,58.053691275167800,58.053691275167800,59.228187919463100,58.151565995525700
"..Region XI (Davao Region)","09.6.1 - Services provided by cinemas, theatres and concert venues (S)",58.019751811698100,58.019751811698100,58.019751811698100,58.019751811698100,58.019751811698100,58.019751811698100,58.019751811698100,58.019751811698100,58.019751811698100,58.019751811698100,58.019751811698100,59.214803342320100,58.119339439250000
"..Region XI (Davao Region)","09.6.1.0 - Services provided by cinemas, theatres and concert venues (S)",58.019751811698100,58.019751811698100,58.019751811698100,58.019751811698100,58.019751811698100,58.019751811698100,58.019751811698100,58.019751811698100,58.019751811698100,58.019751811698100,58.019751811698100,59.214803342320100,58.119339439250000
"..Region XI (Davao Region)","09.6.3 - Photographic services (S)",..,..,..,..,..,..,..,..,..,..,..,..,..
"..Region XI (Davao Region)","09.6.3.0 - Photographic services (S)",..,..,..,..,..,..,..,..,..,..,..,..,..
"..Region XI (Davao Region)","09.6.9 - Other cultural services (S)",..,..,..,..,..,..,..,..,..,..,..,..,..
"..Region XI (Davao Region)","09.6.9.0 - Other cultural services (S)",..,..,..,..,..,..,..,..,..,..,..,..,..
"..Region XI (Davao Region)","09.7 - NEWSPAPERS, BOOKS AND STATIONERY",58.972198820556000,59.140690817186200,59.477674810446500,59.983150800337000,59.224936815501300,60.825610783487800,61.752316764953700,61.920808761583800,62.257792754844100,62.257792754844100,62.257792754844100,62.257792754844100,60.860713282785700
"..Region XI (Davao Region)","09.7.1 - Books (SD)",62.208314188421000,62.208314188421000,63.085437924266500,63.085437924266500,63.085437924266500,63.962561660111900,65.581867018595700,64.569801169543300,65.581867018595700,65.581867018595700,65.581867018595700,65.581867018595700,64.176220006022900
"..Region XI (Davao Region)","09.7.1.1 - Educational and textbooks in printed or electronic copy (SD)",..,..,..,..,..,..,..,..,..,..,..,..,..
"..Region XI (Davao Region)","09.7.1.9 - Other books (SD) in printed or electronic copy",..,..,..,..,..,..,..,..,..,..,..,..,..
"..Region XI (Davao Region)","09.7.2 - Newspapers and periodicals (ND)",81.425085264741200,81.506347824885700,79.474783821274400,79.799834061852200,79.637308941563300,79.637308941563300,80.774984783585600,80.937509903874500,80.937509903874500,80.937509903874500,81.018772464019000,81.018772464019000,80.592144023260600
"..Region XI (Davao Region)","09.7.2.1 - Newspapers (ND)",81.414679693015400,81.577346385708800,79.544012727042000,79.869346112428700,79.706679419735400,79.706679419735400,80.845346268588700,81.008012961282100,81.008012961282100,81.008012961282100,81.089346307628800,81.089346307628800,80.655568460446500
"..Region XI (Davao Region)","09.7.2.2 - Magazines and periodicals (ND)",..,..,..,..,..,..,..,..,..,..,..,..,..
"..Region XI (Davao Region)","09.7.4 - Stationery and drawing materials (ND)",55.248584981562400,55.554501841925400,55.676868586070600,56.533435795087100,55.370951725707600,57.451186376176200,57.940653352757000,58.919587305918700,58.797220561773500,58.797220561773500,58.797220561773500,58.858403933846100,57.328819632031000
"..Region XI (Davao Region)","09.7.4.0 - Stationery and drawing materials (ND)",55.248584981562400,55.554501841925400,55.676868586070600,56.533435795087100,55.370951725707600,57.451186376176200,57.940653352757000,58.919587305918700,58.797220561773500,58.797220561773500,58.797220561773500,58.858403933846100,57.328819632031000
"..Region XI (Davao Region)","09.8 - PACKAGE HOLIDAYS (S)",..,..,..,..,..,..,..,..,..,..,..,..,..
"..Region XI (Davao Region)","09.8.0 - Package holidays (S)",..,..,..,..,..,..,..,..,..,..,..,..,..
"..Region XI (Davao Region)","09.8.0.0 - Package holidays (S)",..,..,..,..,..,..,..,..,..,..,..,..,..
"..Region XI (Davao Region)","10 - EDUCATION SERVICES",52.874006175133400,52.874006175133400,52.874006175133400,52.874006175133400,52.874006175133400,55.225236384656700,55.225236384656700,55.282583462937700,55.282583462937700,55.339930541218800,55.339930541218800,55.339930541218800,54.283788516209300
"..Region XI (Davao Region)","10.1 - EARLY CHILDHOOD AND PRIMARY EDUCATION",51.986384846141000,51.986384846141000,51.986384846141000,51.986384846141000,52.101145077589400,54.511109938006500,54.511109938006500,54.625870169454900,54.625870169454900,54.625870169454900,54.625870169454900,54.625870169454900,53.516521265453400
"..Region XI (Davao Region)","10.1.0 - Early chilhood and primary education (S)",52.843055541784200,52.843055541784200,52.843055541784200,52.843055541784200,52.959706878521000,55.409384949994500,55.409384949994500,55.526036286731300,55.526036286731300,55.526036286731300,55.526036286731300,55.526036286731300,54.398406698275300
"..Region XI (Davao Region)","10.1.0.1 - Early childhood education services (S)",52.843055541784200,52.843055541784200,52.843055541784200,52.843055541784200,52.959706878521000,55.409384949994500,55.409384949994500,55.526036286731300,55.526036286731300,55.526036286731300,55.526036286731300,55.526036286731300,54.398406698275300
"..Region XI (Davao Region)","10.1.0.2 - Primary education (S)",51.677729465375100,51.677729465375100,51.677729465375100,51.677729465375100,51.791808338367100,54.187464671199000,54.187464671199000,54.301543544191000,54.301543544191000,54.301543544191000,54.301543544191000,54.301543544191000,53.198781105268400
"..Region XI (Davao Region)","10.2 - SECONDARY EDUCATION  (S)",48.710811992219000,48.710811992219000,48.710811992219000,48.710811992219000,48.817167476918200,51.316521367348600,51.369699109698200,51.369699109698200,51.369699109698200,51.529232336747000,51.529232336747000,51.529232336747000,50.306144262706600
"..Region XI (Davao Region)","10.2.0 - Secondary education (S)",..,..,..,..,..,..,..,..,..,..,..,..,..
"..Region XI (Davao Region)","10.2.0.1 - Lower secondary general education services",..,..,..,..,..,..,..,..,..,..,..,..,..
"..Region XI (Davao Region)","10.2.0.2 - Lower secondary technical-vocational livelihood programs services",51.421674572655600,51.421674572655600,51.421674572655600,51.421674572655600,51.533948971285800,54.172397339096700,54.228534538411900,54.228534538411900,54.228534538411900,54.396946136357300,54.396946136357300,54.396946136357300,53.105790552109300
"..Region XI (Davao Region)","10.4 - TERTIARY EDUCATION (S)",62.446078632759500,62.446078632759500,62.446078632759500,62.446078632759500,62.256465033672200,62.698896764876000,62.698896764876000,62.698896764876000,62.698896764876000,62.698896764876000,62.698896764876000,62.698896764876000,62.577754743236900
"..Region XI (Davao Region)","10.4.0 - Tertiary education (s)",62.446078632759500,62.446078632759500,62.446078632759500,62.446078632759500,62.256465033672200,62.698896764876000,62.698896764876000,62.698896764876000,62.698896764876000,62.698896764876000,62.698896764876000,62.698896764876000,62.577754743236900
"..Region XI (Davao Region)","10.4.0.0 - Tertiary education (s)",62.446078632759500,62.446078632759500,62.446078632759500,62.446078632759500,62.256465033672200,62.698896764876000,62.698896764876000,62.698896764876000,62.698896764876000,62.698896764876000,62.698896764876000,62.698896764876000,62.577754743236900
"..Region XI (Davao Region)","10.5 - EDUCATION NOT DEFINED BY LEVEL (S)",..,..,..,..,..,..,..,..,..,..,..,..,..
"..Region XI (Davao Region)","10.5.0 - Education not defined by level (s)",..,..,..,..,..,..,..,..,..,..,..,..,..
"..Region XI (Davao Region)","10.5.0.2 - Review classes for professional and licensure examination (S)",..,..,..,..,..,..,..,..,..,..,..,..,..
"..Region XI (Davao Region)","10.5.0.9 - Other education not defined by level (S)",..,..,..,..,..,..,..,..,..,..,..,..,..
"..Region XI (Davao Region)","11 - RESTAURANTS AND ACCOMMODATION SERVICES",68.985750209555700,68.985750209555700,69.069572506286700,69.069572506286700,69.237217099748500,69.404861693210400,69.488683989941300,69.907795473596000,69.907795473596000,69.907795473596000,69.907795473596000,70.662196144174400,69.544565521095300
"..Region XI (Davao Region)","11.1 - FOOD AND BEVERAGE SERVING SERVICES",68.945984683120300,68.945984683120300,69.089026145118400,69.089026145118400,69.232067607116600,69.446629800113900,69.518150531113000,69.875754186108400,69.875754186108400,69.875754186108400,69.947274917107500,70.662482227098400,69.541990774779300
"..Region XI (Davao Region)","11.1.1 - Restaurants, café and the like (S)",68.945984683120300,68.945984683120300,69.089026145118400,69.089026145118400,69.232067607116600,69.446629800113900,69.518150531113000,69.875754186108400,69.875754186108400,69.875754186108400,69.947274917107500,70.662482227098400,69.541990774779300
"..Region XI (Davao Region)","11.1.1.1 - Restaurants, café and the like - with full service (S)",69.003825274297400,69.003825274297400,69.146986737522000,69.146986737522000,69.290148200746700,69.504890395583700,69.576471127196100,69.934374785257800,69.934374785257800,69.934374785257800,70.005955516870100,70.721762832993600,69.600331371066900
"..Region XI (Davao Region)","11.2 - ACCOMMODATION SERVICES",..,..,..,..,..,..,..,..,..,..,..,..,..
"..Region XI (Davao Region)","11.2.0 - Accommodation services (S)",..,..,..,..,..,..,..,..,..,..,..,..,..
"..Region XI (Davao Region)","11.2.0.1 - Hotels, motels, inns and similar accommodation services (S)",..,..,..,..,..,..,..,..,..,..,..,..,..
"..Region XI (Davao Region)","12 - FINANCIAL SERVICES",..,..,..,..,..,..,..,..,..,..,..,..,..
"..Region XI (Davao Region)","12.2 - FINANCIAL SERVICES",..,..,..,..,..,..,..,..,..,..,..,..,..
"..Region XI (Davao Region)","12.2.1 - Financial intermediation services indirectly measured (S)",..,..,..,..,..,..,..,..,..,..,..,..,..
"..Region XI (Davao Region)","12.2.1.0 - Financial intermediation services indirectly measured (S)",..,..,..,..,..,..,..,..,..,..,..,..,..
"..Region XI (Davao Region)","12.2.9 - Other financial services (S)",..,..,..,..,..,..,..,..,..,..,..,..,..
"..Region XI (Davao Region)","12.2.9.1 - Remittances fees (S)",..,..,..,..,..,..,..,..,..,..,..,..,..
"..Region XI (Davao Region)","13 - PERSONAL CARE, AND MISCELLANEOUS GOODS AND SERVICES",63.808738664468300,64.056059356966200,64.633140972794700,64.798021434460000,64.962901896125300,64.962901896125300,65.292662819455900,65.375103050288500,65.457543281121200,65.704863973619100,65.952184666117100,66.117065127782400,65.093432261610300
"..Region XI (Davao Region)","13.1 - PERSONAL CARE",63.274201205235700,63.543166991442900,64.148340010409000,64.282822903512600,64.417305796616100,64.350064350064400,64.551788689719700,64.686271582823300,64.753513029375100,65.022478815582300,65.291444601789400,65.493168941444800,64.484547243167900
"..Region XI (Davao Region)","13.1.1 - Electric appliances for personal care (SD)",..,..,..,..,..,..,..,..,..,..,..,..,..
"..Region XI (Davao Region)","13.1.1.1 - Electric appliances for personal care (SD)",..,..,..,..,..,..,..,..,..,..,..,..,..
"..Region XI (Davao Region)","13.1.2 - Other appliances, articles and products for personal care (ND)",65.512657100174100,65.581184984170100,65.718240752162100,65.718240752162100,65.786768636158100,65.786768636158100,65.992352288146000,66.129408056138000,66.129408056138000,66.403519592122000,66.746159012102000,67.020270548086000,66.043748201143000
"..Region XI (Davao Region)","13.1.2.0 - Other appliances, articles and products for personal care (ND)",65.512657100174100,65.581184984170100,65.718240752162100,65.718240752162100,65.786768636158100,65.786768636158100,65.992352288146000,66.129408056138000,66.129408056138000,66.403519592122000,66.746159012102000,67.020270548086000,66.043748201143000
"..Region XI (Davao Region)","13.1.3 - Hairdressing salons and personal grooming establishments (S)",52.774082440917100,53.627243127028900,56.552365479412300,57.405526165524100,57.588346312548100,57.527406263540100,57.588346312548100,57.588346312548100,58.136806753620000,58.075866704612000,58.075866704612000,58.075866704612000,56.918005773460200
"..Region XI (Davao Region)","13.1.3.1 - Hairdressing (S)",..,..,..,..,..,..,..,..,..,..,..,..,..
"..Region XI (Davao Region)","13.1.3.2 - Personal grooming treatments (S)",..,..,..,..,..,..,..,..,..,..,..,..,..
"..Region XI (Davao Region)","13.2 - OTHER PERSONAL EFFECTS",68.657250134096200,68.728768102985900,68.800286071875600,68.800286071875600,69.730019667441400,69.944573574110500,71.374932951904200,71.374932951904200,71.374932951904200,71.374932951904200,71.517968889683500,71.732522796352600,70.284283926336500
"..Region XI (Davao Region)","13.2.1 - Jewellery and watches (D)",76.531573986804900,76.531573986804900,76.625824693685200,76.625824693685200,77.851083883129100,78.039585296889700,80.018850141376100,80.018850141376100,80.018850141376100,79.924599434495800,80.113100848256400,80.301602262017000,78.550109959158100
"..Region XI (Davao Region)","13.2.1.1 - Jewellery and watches (D)",78.014545990141400,78.014545990141400,78.095473942413300,78.095473942413300,79.309393226492200,79.552177083308000,81.575375890106300,81.575375890106300,81.575375890106300,81.413519985562400,81.656303842378200,81.818159746922100,80.057976785007600
"..Region XI (Davao Region)","13.2.1.2 - Repair and hire of jewellery, clocks and watches (S)",73.763072094220800,73.763072094220800,73.839589803862200,73.839589803862200,74.987355448481800,75.216908577405700,77.129851318438400,77.129851318438400,77.129851318438400,76.976815899155800,77.206369028079700,77.359404447362300,75.695144262663900
"..Region XI (Davao Region)","13.2.9 - Other personal effects n.e.c. (SD)",65.871183068800800,66.220447029929100,66.220447029929100,66.220447029929100,66.430005406606100,66.639563783283100,66.709416575508800,66.709416575508800,66.709416575508800,67.058680536637100,67.058680536637100,67.547650082216700,66.616279519207900
"..Region XI (Davao Region)","13.2.9.1 - Travel goods and articles for babies and other personal effects n.e.c. (SD)",65.871183068800800,66.220447029929100,66.220447029929100,66.220447029929100,66.430005406606100,66.639563783283100,66.709416575508800,66.709416575508800,66.709416575508800,67.058680536637100,67.058680536637100,67.547650082216700,66.616279519207900
"..Region XI (Davao Region)","13.9 - OTHER SERVICES",..,..,..,..,..,..,..,..,..,..,..,..,..
"..Region XI (Davao Region)","13.9.0 - Other services (S)",..,..,..,..,..,..,..,..,..,..,..,..,..
"..Region XI (Davao Region)","13.9.0.9 - Other services n.e.c. (S)",..,..,..,..,..,..,..,..,..,..,..,..,..
