"Geolocation","Commodity Description","2007 Jan","2007 Feb","2007 Mar","2007 Apr","2007 May","2007 Jun","2007 Jul","2007 Aug","2007 Sep","2007 Oct","2007 Nov","2007 Dec","2007 Ave"
"....Zamboanga del Norte","0 - ALL ITEMS",60.115721291504700,60.233479805298100,60.351238319091400,60.410117575988100,60.527876089781400,60.763393117368200,60.881151631161500,60.940030888058200,61.116668658748200,61.293306429438200,62.824167108751800,63.354080420821800,61.067602611334300
"....Zamboanga del Norte","01 - FOOD AND NON-ALCOHOLIC BEVERAGES",59.853825195692600,60.142138419178600,60.142138419178600,60.315126353270200,60.430451642664600,60.776427510847800,60.949415444939400,60.834090155545000,61.122403379031000,61.353053957819800,63.371246522221700,64.120860903285300,61.117598158639500
"....Zamboanga del Norte","01.1 - FOOD",59.190137635584700,59.474979491386400,59.474979491386400,59.588916233707000,59.759821347188000,60.101631574150000,60.272536687631000,60.158599945310400,60.443441801112000,60.671315285753300,62.722176647525300,63.519733843769900,60.448189165375400
"....Zamboanga del Norte","01.1.1 - Cereals and cereal products (ND)",59.812315495945700,59.695494567242700,59.812315495945700,59.812315495945700,59.812315495945700,59.929136424648800,59.929136424648800,59.929136424648800,60.571651532515300,60.863703854272900,62.849659642224200,63.492174750090800,60.542446300339600
"....Zamboanga del Norte","01.1.1.1 - Cereals (ND)",60.890914975347200,60.790870453948000,60.917303148187700,60.917303148187700,60.917303148187700,61.010387668627700,61.010387668627700,61.010387668627700,61.828570603696000,62.180028682578600,63.470444643795600,63.987191760680700,61.577591130874400
"....Zamboanga del Norte","01.1.1.12 - Rice",60.775370856252100,60.775370856252100,60.835604127665600,60.835604127665600,60.835604127665600,60.895837399079100,60.895837399079100,60.895837399079100,62.040269555936200,62.461902455830900,64.570066955304500,65.292866212266900,61.759180956006400
"....Zamboanga del Norte","01.1.1.16 - Corn",61.180681878001300,60.829741064169500,61.122191742362700,61.122191742362700,61.122191742362700,61.297662149278500,61.297662149278500,61.297662149278500,61.297662149278500,61.473132556194400,60.712760792892300,60.712760792892300,61.122191742362600
"....Zamboanga del Norte","01.1.1.20 - Flour, Bread and Other Bakery Products, Pasta Products,  and Other Cereals",59.855789307621600,59.855789307621600,59.855789307621600,59.913789103462400,59.913789103462400,59.913789103462400,59.913789103462400,59.913789103462400,60.087788490984500,60.261787878506700,67.511762358596500,69.309756029658800,61.358950683160300
"....Zamboanga del Norte","01.1.2 - Meat and other parts of slaughtered land animals (ND)",67.947913636222700,68.871477510889800,68.871477510889800,68.673570966318300,68.673570966318300,68.937446359080300,68.211789028984700,67.815975939841700,67.815975939841700,68.277757877175200,69.861010233747400,71.774106831272100,68.811006066715200
"....Zamboanga del Norte","01.1.2.2 - Meat, fresh, chilled or frozen (ND)",66.493629191473400,67.584740867395300,67.584740867395300,67.392191748115000,67.392191748115000,67.648923907155400,66.814544390274000,66.301080072193100,66.301080072193100,66.878727430034100,68.675852543317100,70.922258934921000,67.499163481048500
"....Zamboanga del Norte","01.1.2.3 - Meat, dried, salted, in brine or smoked (ND)",..,..,..,..,..,..,..,..,..,..,..,..,..
"....Zamboanga del Norte","01.1.2.4 - Offal, blood and other parts of slaughtered animals, fresh, chilled or frozen, dried, salted, in brine or smoked (ND)",84.514579580755500,85.901401832563200,85.901401832563200,85.656668494008900,85.656668494008900,85.982979612081400,84.922468478346000,84.269846242201200,84.269846242201200,85.004046257864100,87.288224084371000,90.143446367504600,85.792631459872500
"....Zamboanga del Norte","01.1.2.5 - Meat, offal, blood and other parts of slaughtered animals' preparations (ND)",85.016663266000100,85.016663266000100,85.016663266000100,85.016663266000100,85.016663266000100,85.016663266000100,85.016663266000100,85.016663266000100,85.016663266000100,85.016663266000100,85.016663266000100,85.016663266000100,85.016663266000100
"....Zamboanga del Norte","01.1.3 - Fish and other seafood (ND)",54.791120125685400,55.904976391551200,55.692813293291100,55.533690969596000,55.692813293291100,56.011057940681300,56.647547235461800,55.958017166116300,56.117139489811400,56.382343362636600,60.095197582189300,60.890809200664900,56.643127170914700
"....Zamboanga del Norte","01.1.3.1 - Fish, live, fresh, chilled or frozen (ND)",51.645297229445000,51.959114139693400,51.600466242266600,51.107325383304900,51.286649332018300,52.003945126871700,54.604142383215300,54.200663498610200,55.007621267820300,55.455931139603700,60.208015780507500,62.180579216354300,54.271645894975900
"....Zamboanga del Norte","01.1.3.2 - Fish, dried, salted, in brine or smoked (ND)",40.271961981281200,39.154446078409000,38.781940777451700,38.243877564957700,39.030277644756600,39.775288246671400,39.899456680323800,41.803372662994900,41.720593707226600,42.341435875488900,43.045056999519500,44.742025592769800,40.734144484320900
"....Zamboanga del Norte","01.1.3.3 - Fish preparations (ND)",63.962596406052100,64.068232403419600,65.018956379727600,65.018956379727600,65.018956379727600,66.339406346822000,66.709132337608400,66.867586333659700,66.867586333659700,67.342948321813700,68.716216287591900,68.716216287591900,66.220565849783500
"....Zamboanga del Norte","01.1.3.4 - Other seafood, live, fresh, chilled or frozen (ND)",44.898295893293500,46.611283086009500,46.476047255005700,46.476047255005700,46.476047255005700,46.476047255005700,46.476047255005700,45.168767555301300,45.168767555301300,45.168767555301300,48.639820551068000,48.729977771737300,46.397159686920000
"....Zamboanga del Norte","01.1.3.6 - Other seafood preparations (ND)",..,..,..,..,..,..,..,..,..,..,..,..,..
"....Zamboanga del Norte","01.1.4 - Milk, other dairy products and eggs (ND)",64.339779605519300,64.749587118930200,65.686290006726700,65.861921798188500,65.861921798188500,65.861921798188500,65.920465728675800,66.037553589650400,66.213185381112200,66.213185381112200,66.447361103061300,67.384063990857800,65.881436441684300
"....Zamboanga del Norte","01.1.4.1 - Raw and whole milk (ND)",..,..,..,..,..,..,..,..,..,..,..,..,..
"....Zamboanga del Norte","01.1.4.3 - Other milk and cream (ND)",..,..,..,..,..,..,..,..,..,..,..,..,..
"....Zamboanga del Norte","01.1.4.4 - Non-animal milk (ND)",..,..,..,..,..,..,..,..,..,..,..,..,..
"....Zamboanga del Norte","01.1.4.5 - Cheese (ND)",64.651295274646200,64.651295274646200,64.651295274646200,64.651295274646200,64.651295274646200,64.651295274646200,64.651295274646200,64.651295274646200,64.651295274646200,64.651295274646200,64.651295274646200,64.651295274646200,64.651295274646200
"....Zamboanga del Norte","01.1.4.6 - Yoghurt and similar products (ND)",..,..,..,..,..,..,..,..,..,..,..,..,..
"....Zamboanga del Norte","01.1.4.7 - Milk-based dessert and beverages (ND)",..,..,..,..,..,..,..,..,..,..,..,..,..
"....Zamboanga del Norte","01.1.4.8 - Eggs (ND)",55.662149738178000,55.662149738178000,55.662149738178000,55.662149738178000,55.662149738178000,55.662149738178000,55.662149738178000,55.662149738178000,55.662149738178000,55.662149738178000,55.662149738178000,55.662149738178000,55.662149738178000
"....Zamboanga del Norte","01.1.5 - Oils and fats (ND)",55.050922102945200,55.050922102945200,55.050922102945200,55.050922102945200,55.050922102945200,55.050922102945200,55.050922102945200,55.050922102945200,55.050922102945200,55.050922102945200,55.157609936478100,55.157609936478100,55.068703408534000
"....Zamboanga del Norte","01.1.5.1 - Vegetable oils (ND)",54.856208230555400,54.856208230555400,54.856208230555400,54.856208230555400,54.856208230555400,54.856208230555400,54.856208230555400,54.856208230555400,54.856208230555400,54.856208230555400,54.856208230555400,54.856208230555400,54.856208230555400
"....Zamboanga del Norte","01.1.5.2 - Butter and other fats and oils derived from milk (ND)",..,..,..,..,..,..,..,..,..,..,..,..,..
"....Zamboanga del Norte","01.1.5.3 - Margarine and similar preparations (ND)",..,..,..,..,..,..,..,..,..,..,..,..,..
"....Zamboanga del Norte","01.1.5.9 - Other animal oils and fats (ND)",..,..,..,..,..,..,..,..,..,..,..,..,..
"....Zamboanga del Norte","01.1.6 - Fruits and nuts (ND)",66.476676325727700,67.806209852242300,67.806209852242300,67.806209852242300,67.806209852242300,70.731183610574300,70.731183610574300,70.731183610574300,70.731183610574300,70.731183610574300,72.127193813414600,72.127193813414600,69.634318451199800
"....Zamboanga del Norte","01.1.6.1 - Dates, figs and tropical fruits, fresh (ND)",70.302603800140700,71.921182266009900,71.921182266009900,71.921182266009900,71.921182266009900,75.299085151301900,75.299085151301900,75.299085151301900,75.299085151301900,75.299085151301900,76.917663617171000,76.917663617171000,74.026507154586000
"....Zamboanga del Norte","01.1.6.2 - Citrus fruits, fresh (ND)",0.000000000000000,0.000000000000000,0.000000000000000,0.000000000000000,0.000000000000000,0.000000000000000,0.000000000000000,0.000000000000000,0.000000000000000,0.000000000000000,0.000000000000000,0.000000000000000,0.000000000000000
"....Zamboanga del Norte","01.1.6.3 - Stone fruits and pome fruits, fresh (ND)",0.000000000000000,0.000000000000000,0.000000000000000,0.000000000000000,0.000000000000000,0.000000000000000,0.000000000000000,0.000000000000000,0.000000000000000,0.000000000000000,0.000000000000000,0.000000000000000,0.000000000000000
"....Zamboanga del Norte","01.1.6.5 - Other fruits, fresh (ND)",0.000000000000000,0.000000000000000,0.000000000000000,0.000000000000000,0.000000000000000,0.000000000000000,0.000000000000000,0.000000000000000,0.000000000000000,0.000000000000000,0.000000000000000,0.000000000000000,0.000000000000000
"....Zamboanga del Norte","01.1.6.7 - Fruit, dried and dehydrated (ND)",53.502742618067500,54.734537493158200,54.734537493158200,54.734537493158200,54.734537493158200,57.305239841173400,57.305239841173400,57.305239841173400,57.305239841173400,57.305239841173400,58.537034716264100,58.537034716264100,56.336763435758000
"....Zamboanga del Norte","01.1.6.8 - Nuts, in shell or shelled (ND)",55.717403103780600,55.717403103780600,55.717403103780600,55.717403103780600,55.717403103780600,55.717403103780600,55.717403103780600,55.717403103780600,55.717403103780600,55.717403103780600,56.492794399459400,56.492794399459400,55.846634986393700
"....Zamboanga del Norte","01.1.6.9 - Fruit and nuts ground and other preparations (ND)",..,..,..,..,..,..,..,..,..,..,..,..,..
"....Zamboanga del Norte","01.1.7 - Vegetables, tubers, plantains, cooking bananas and pulses (ND)",47.126939778503400,46.393278628105400,46.220652475070600,46.781687472433800,47.946914005418700,48.680575155816700,49.371079767955900,49.845801688801700,49.759488612284300,49.802645150543000,49.673175535766800,50.277367071388700,48.489967111840800
"....Zamboanga del Norte","01.1.7.1 - Leafy or stem vegetables, fresh or chilled (ND)",57.999054505979400,57.068880990317400,57.068880990317400,59.148092378267600,57.068880990317400,57.068880990317400,57.068880990317400,57.068880990317400,57.068880990317400,57.068880990317400,57.068880990317400,57.068880990317400,57.319663065618500
"....Zamboanga del Norte","01.1.7.2 - Fruit-bearing vegetables, fresh or chilled (ND)",43.427994840121700,41.515839267144300,43.611855952908000,42.692550388976600,43.906033733366100,44.236983736381400,45.965278196572600,44.825339297297500,45.597555971000000,42.324828163404000,44.494389294282200,45.156289300312900,43.979578178480600
"....Zamboanga del Norte","01.1.7.3 - Green leguminous vegetables, fresh or chilled (ND)",0.000000000000000,0.000000000000000,0.000000000000000,0.000000000000000,0.000000000000000,0.000000000000000,0.000000000000000,0.000000000000000,0.000000000000000,0.000000000000000,0.000000000000000,0.000000000000000,0.000000000000000
"....Zamboanga del Norte","01.1.7.4 - Other vegetables, fresh or chilled (ND)",46.479693036240000,44.454741870527500,37.673510059769000,39.981012550929900,45.396579622021700,45.302395846872300,45.066936408998700,49.069746852849200,50.482503480090500,50.576687255239900,48.693011752251500,49.258114403148000,46.036244428244800
"....Zamboanga del Norte","01.1.7.5 - Tubers, plantains and cooking bananas (ND)",0.000000000000000,0.000000000000000,0.000000000000000,0.000000000000000,0.000000000000000,0.000000000000000,0.000000000000000,0.000000000000000,0.000000000000000,0.000000000000000,0.000000000000000,0.000000000000000,0.000000000000000
"....Zamboanga del Norte","01.1.7.9 - Vegetables, tubers, plantains, cooking bananas and pulses ground and other preparations (ND)",..,..,..,..,..,..,..,..,..,..,..,..,..
"....Zamboanga del Norte","01.1.8 - Sugar, confectionery and desserts (ND)",83.068191730190600,82.660595107373200,81.437805238920900,81.763882537174800,81.763882537174800,81.845401861738300,81.845401861738300,81.845401861738300,81.845401861738300,81.845401861738300,83.149711054754100,83.394269028444500,82.205445545227100
"....Zamboanga del Norte","01.1.8.1 - Cane and beet sugar (ND)",85.426966670029900,84.838395049271900,83.072680186997600,83.493088487539100,83.493088487539100,83.577170147647400,83.577170147647400,83.577170147647400,83.577170147647400,83.577170147647400,84.670231729055300,85.006558369488400,83.990571643179900
"....Zamboanga del Norte","01.1.8.3 - Jams, fruit jellies, marmalades, fruit purée and pastes, honey (ND)",..,..,..,..,..,..,..,..,..,..,..,..,..
"....Zamboanga del Norte","01.1.8.4 - Nut purée, nut butter and nut pastes (ND)",0.000000000000000,0.000000000000000,0.000000000000000,0.000000000000000,0.000000000000000,0.000000000000000,0.000000000000000,0.000000000000000,0.000000000000000,0.000000000000000,0.000000000000000,0.000000000000000,0.000000000000000
"....Zamboanga del Norte","01.1.8.5 - Chocolate, cocoa, and cocoa-based food products (ND)",75.434123380052200,75.434123380052200,75.434123380052200,75.434123380052200,75.434123380052200,75.434123380052200,75.434123380052200,75.434123380052200,75.434123380052200,75.434123380052200,75.434123380052200,75.434123380052200,75.434123380052200
"....Zamboanga del Norte","01.1.8.6 - Ice, ice cream and sorbet (ND)",87.623488985702900,87.623488985702900,89.177967315047800,89.177967315047800,89.177967315047800,89.177967315047800,89.177967315047800,89.177967315047800,89.177967315047800,89.177967315047800,89.177967315047800,89.177967315047800,88.918887593490300
"....Zamboanga del Norte","01.1.8.9 - Other sugar confectionery and desserts n.e.c. (ND)",54.457374281495500,54.457374281495500,54.457374281495500,54.457374281495500,54.457374281495500,54.457374281495500,54.457374281495500,54.457374281495500,54.457374281495500,54.457374281495500,60.132291040288600,60.132291040288600,55.403193741294400
"....Zamboanga del Norte","01.1.9 - Ready-made food and other food products n.e.c. (ND)",53.263105685849100,53.313306539464400,53.363507393079700,54.216921904540100,54.216921904540100,54.618528733462600,54.417725319001300,54.518127026232000,54.769131294308500,55.170738123231100,65.110507139063400,65.411712260755300,56.032519443627300
"....Zamboanga del Norte","01.1.9.2 - Baby food (ND)",0.000000000000000,0.000000000000000,0.000000000000000,0.000000000000000,0.000000000000000,0.000000000000000,0.000000000000000,0.000000000000000,0.000000000000000,0.000000000000000,0.000000000000000,0.000000000000000,0.000000000000000
"....Zamboanga del Norte","01.1.9.3 - Salt, condiments and sauces (ND)",55.259513274193900,55.307275056841100,55.590527170503500,55.501043811764700,55.545449924103300,56.371642396753800,55.979303920215200,55.979303920215200,56.918543619941200,56.695170790125200,57.541661356727900,58.040195603377600,56.227469237063600
"....Zamboanga del Norte","01.1.9.4 - Spices, culinary herbs and seeds (ND)",52.967325810369400,52.872993974554000,52.872993974554000,54.665298855047300,54.665298855047300,54.665298855047300,54.665298855047300,54.853962526678200,54.853962526678200,55.750114966924900,74.805145801643700,74.805145801643700,57.703570066936300
"....Zamboanga del Norte","01.1.9.9 - Other food products n.e.c. (ND)",53.483727813399100,53.108591445970500,53.805273271195100,53.590909632664500,53.751682361562400,54.769909644583100,54.287591457889100,54.287591457889100,56.592000572093700,56.002500566134400,56.431227843195700,56.592000572093700,54.725250553222500
"....Zamboanga del Norte","01.2 - NON-ALCOHOLIC BEVERAGES",77.436196430826600,77.436196430826600,77.587439001980500,78.343651857750300,78.343651857750300,78.419273143327300,78.494894428904300,78.494894428904300,78.570515714481200,78.570515714481200,80.007320140443900,80.082941426020800,78.482290881308100
"....Zamboanga del Norte","01.2.1 - Fruit and vegetable juices (ND)",78.540772532188800,78.540772532188800,78.540772532188800,78.540772532188800,78.540772532188800,78.540772532188800,78.540772532188800,78.540772532188800,78.540772532188800,78.540772532188800,78.540772532188800,78.540772532188800,78.540772532188800
"....Zamboanga del Norte","01.2.1.0 - Fruit and vegetable juices (ND)",78.521060290313500,78.521060290313500,78.521060290313500,78.521060290313500,78.521060290313500,78.521060290313500,78.521060290313500,78.521060290313500,78.521060290313500,78.521060290313500,78.521060290313500,78.521060290313500,78.521060290313500
"....Zamboanga del Norte","01.2.2 - Coffee and coffee substitutes (ND)",78.774805867126800,78.774805867126800,78.774805867126800,81.363244176013800,81.363244176013800,81.363244176013800,81.363244176013800,81.363244176013800,81.363244176013800,81.363244176013800,85.159620362381400,85.504745470232900,81.377624388841000
"....Zamboanga del Norte","01.2.2.0 - Coffee and coffee substitutes (ND)",78.805642857810300,78.805642857810300,78.805642857810300,81.375392081434600,81.375392081434600,81.375392081434600,81.375392081434600,81.375392081434600,81.375392081434600,81.375392081434600,85.191080322573600,85.502565076952300,81.394859878583300
"....Zamboanga del Norte","01.2.3 - Tea, maté and other plant products for infusion (ND)",..,..,..,..,..,..,..,..,..,..,..,..,..
"....Zamboanga del Norte","01.2.3.0 - Tea, maté and other plant products for infusion (ND)",..,..,..,..,..,..,..,..,..,..,..,..,..
"....Zamboanga del Norte","01.2.4 - Cocoa drinks (ND)",68.069306930693100,68.069306930693100,68.069306930693100,68.234323432343200,68.316831683168300,68.481848184818500,68.646864686468600,68.646864686468600,68.976897689769000,68.976897689769000,69.966996699670000,69.966996699670000,68.701870187018700
"....Zamboanga del Norte","01.2.4.0 - Cocoa drinks (ND)",68.105151747402200,68.105151747402200,68.105151747402200,68.235496535435500,68.300668929452200,68.496186111502200,68.626530899535500,68.626530899535500,68.952392869618700,68.952392869618700,69.929978779868500,69.929978779868500,68.697134326386800
"....Zamboanga del Norte","01.2.5 - Water (ND)",96.711798839458400,96.711798839458400,96.711798839458400,96.711798839458400,96.711798839458400,96.711798839458400,96.711798839458400,96.711798839458400,96.711798839458400,96.711798839458400,96.711798839458400,96.711798839458400,96.711798839458400
"....Zamboanga del Norte","01.2.5.0 - Water (ND)",96.711798839458400,96.711798839458400,96.711798839458400,96.711798839458400,96.711798839458400,96.711798839458400,96.711798839458400,96.711798839458400,96.711798839458400,96.711798839458400,96.711798839458400,96.711798839458400,96.711798839458400
"....Zamboanga del Norte","01.2.6 - Soft drinks (ND)",82.363530639392700,82.363530639392700,82.921117403876000,82.921117403876000,82.921117403876000,82.921117403876000,82.921117403876000,82.921117403876000,82.921117403876000,82.921117403876000,82.921117403876000,82.921117403876000,82.828186276462100
"....Zamboanga del Norte","01.2.6.0 - Soft drinks (ND)",82.363530639392700,82.363530639392700,82.921117403876000,82.921117403876000,82.921117403876000,82.921117403876000,82.921117403876000,82.921117403876000,82.921117403876000,82.921117403876000,82.921117403876000,82.921117403876000,82.828186276462100
"....Zamboanga del Norte","01.2.9 - Other non-alcoholic beverages (ND)",..,..,..,..,..,..,..,..,..,..,..,..,..
"....Zamboanga del Norte","01.2.9.0 - Other non-alcoholic beverages (ND)",..,..,..,..,..,..,..,..,..,..,..,..,..
"....Zamboanga del Norte","02 - ALCOHOLIC BEVERAGES AND TOBACCO",34.241746731927400,34.275886060673100,34.583140019384300,34.549000690638600,34.549000690638600,34.514861361892900,34.412443375655900,34.412443375655900,34.549000690638600,34.412443375655900,34.480722033147300,34.685558005621400,34.472187200960800
"....Zamboanga del Norte","02.1 - ALCOHOLIC BEVERAGES",40.606564619662700,40.647171184282300,40.850204007380600,40.768990878141300,40.768990878141300,40.728384313521700,40.565958055043000,40.565958055043000,40.768990878141300,40.565958055043000,40.687777748902000,41.012630265859300,40.711464911596800
"....Zamboanga del Norte","02.1.1 - Spirits and liquors (ND)",62.316481191723600,62.316481191723600,62.445634520618400,62.445634520618400,62.445634520618400,62.251904527276200,62.251904527276200,62.251904527276200,62.445634520618400,62.445634520618400,63.220554493987000,63.349707822881700,62.515592573769700
"....Zamboanga del Norte","02.1.1.0 - Spirits and liquors (ND)",62.316481191723600,62.316481191723600,62.445634520618400,62.445634520618400,62.445634520618400,62.251904527276200,62.251904527276200,62.251904527276200,62.445634520618400,62.445634520618400,63.220554493987000,63.349707822881700,62.515592573769700
"....Zamboanga del Norte","02.1.2 - Wine (ND)",22.128104019791400,22.172360227831000,22.083847811751800,21.951079187633000,21.951079187633000,21.951079187633000,21.597029523316400,21.619157627336200,21.973207291652800,21.597029523316400,21.597029523316400,22.172360227831000,21.899446944920200
"....Zamboanga del Norte","02.1.2.1 - Wine from grapes (ND)",0.000000000000000,0.000000000000000,0.000000000000000,0.000000000000000,0.000000000000000,0.000000000000000,0.000000000000000,0.000000000000000,0.000000000000000,0.000000000000000,0.000000000000000,0.000000000000000,0.000000000000000
"....Zamboanga del Norte","02.1.2.2 - Wine from other sources (ND)",22.128104019791400,22.172360227831000,22.083847811751800,21.951079187633000,21.951079187633000,21.951079187633000,21.597029523316400,21.619157627336200,21.973207291652800,21.597029523316400,21.597029523316400,22.172360227831000,21.899446944920200
"....Zamboanga del Norte","02.1.3 - Beer (ND)",63.583662945195300,63.583662945195300,64.272746977113600,64.272746977113600,64.272746977113600,64.272746977113600,64.272746977113600,64.272746977113600,64.272746977113600,64.272746977113600,64.272746977113600,64.272746977113600,64.157899638460600
"....Zamboanga del Norte","02.1.3.0 - Beer (ND)",63.583662945195300,63.583662945195300,64.272746977113600,64.272746977113600,64.272746977113600,64.272746977113600,64.272746977113600,64.272746977113600,64.272746977113600,64.272746977113600,64.272746977113600,64.272746977113600,64.157899638460600
"....Zamboanga del Norte","02.3 - TOBACCO",32.085282617599400,32.085282617599400,32.657666252006500,32.657666252006500,32.657666252006500,32.657666252006500,32.657666252006500,32.657666252006500,32.657666252006500,32.657666252006500,32.657666252006500,32.657666252006500,32.562268979605300
"....Zamboanga del Norte","02.3.0 - Tobacco (ND)",32.085282617599400,32.085282617599400,32.657666252006500,32.657666252006500,32.657666252006500,32.657666252006500,32.657666252006500,32.657666252006500,32.657666252006500,32.657666252006500,32.657666252006500,32.657666252006500,32.562268979605300
"....Zamboanga del Norte","02.3.0.1 - Cigarettes (ND)",32.410188479686200,32.410188479686200,33.084063685699500,33.084063685699500,33.084063685699500,33.084063685699500,33.084063685699500,33.084063685699500,33.084063685699500,33.084063685699500,33.084063685699500,33.084063685699500,32.971751151363900
"....Zamboanga del Norte","02.3.0.2 - Cigars (ND)",..,..,..,..,..,..,..,..,..,..,..,..,..
"....Zamboanga del Norte","02.3.0.9 - Other tobacco products (ND)",..,..,..,..,..,..,..,..,..,..,..,..,..
"....Zamboanga del Norte","02.4 - OTHER VEGETABLE-BASED TOBACCO PRODUCTS",..,..,..,..,..,..,..,..,..,..,..,..,..
"....Zamboanga del Norte","02.4.0 - Other vegetable-based tobacco products (ND)",..,..,..,..,..,..,..,..,..,..,..,..,..
"....Zamboanga del Norte","02.4.0.0 - Other vegetable-based tobacco products (ND)",..,..,..,..,..,..,..,..,..,..,..,..,..
"....Zamboanga del Norte","02.900 - NON-FOOD",62.164358853503700,62.102503770067300,62.349924103812600,62.349924103812600,62.473634270685300,62.597344437557900,62.659199520994200,62.906619854739500,62.906619854739500,63.092185105048500,64.205576606902300,64.514852024083900,62.860228542162300
"....Zamboanga del Norte","03 - CLOTHING AND FOOTWEAR",71.764008829447700,71.764008829447700,71.764008829447700,71.764008829447700,71.764008829447700,71.834712286422500,71.834712286422500,71.905415743397400,71.905415743397400,71.976119200372200,71.976119200372200,72.117526114321800,71.864172060162100
"....Zamboanga del Norte","03.1 - CLOTHING",79.360752642113400,79.360752642113400,79.360752642113400,79.360752642113400,79.360752642113400,79.438633655501100,79.438633655501100,79.594395682276600,79.594395682276600,79.594395682276600,79.594395682276600,79.594395682276600,79.471084077746000
"....Zamboanga del Norte","03.1.1 - Clothing materials (SD)",76.182814376001800,76.182814376001800,76.182814376001800,76.182814376001800,76.182814376001800,76.182814376001800,76.182814376001800,76.182814376001800,76.182814376001800,76.182814376001800,76.182814376001800,76.182814376001800,76.182814376001800
"....Zamboanga del Norte","03.1.1.0 - Clothing materials (SD)",76.182814376001800,76.182814376001800,76.182814376001800,76.182814376001800,76.182814376001800,76.182814376001800,76.182814376001800,76.182814376001800,76.182814376001800,76.182814376001800,76.182814376001800,76.182814376001800,76.182814376001800
"....Zamboanga del Norte","03.1.2 - Garments (SD)",77.287136738898900,77.287136738898900,77.287136738898900,77.287136738898900,77.287136738898900,77.441248676563700,77.441248676563700,77.595360614228600,77.595360614228600,77.595360614228600,77.595360614228600,77.595360614228600,77.441248676563700
"....Zamboanga del Norte","03.1.2.1 - Garments for men or boys (SD)",75.189755770971600,75.189755770971600,75.189755770971600,75.189755770971600,75.189755770971600,75.300301569929200,75.300301569929200,75.496829307180000,75.496829307180000,75.496829307180000,75.496829307180000,75.496829307180000,75.336127377551400
"....Zamboanga del Norte","03.1.2.2 - Garments for women or girls (SD)",73.785383583641000,73.785383583641000,73.785383583641000,73.785383583641000,73.785383583641000,73.898141333229400,73.898141333229400,74.069657474175300,74.069657474175300,74.069657474175300,74.069657474175300,74.069657474175300,73.922623996295000
"....Zamboanga del Norte","03.1.2.3 - Garments for infants (0 to under 2 years) (SD)",56.234472571006500,56.234472571006500,56.234472571006500,56.234472571006500,56.234472571006500,56.234472571006500,56.234472571006500,57.689294746972800,57.689294746972800,57.689294746972800,57.689294746972800,57.689294746972800,56.840648477659100
"....Zamboanga del Norte","03.1.2.4 - School uniforms (SD)",0.000000000000000,0.000000000000000,0.000000000000000,0.000000000000000,0.000000000000000,0.000000000000000,0.000000000000000,0.000000000000000,0.000000000000000,0.000000000000000,0.000000000000000,0.000000000000000,0.000000000000000
"....Zamboanga del Norte","03.1.3 - Other articles of clothing and clothing accessories (SD)",84.012004586737200,84.012004586737200,84.012004586737200,84.012004586737200,84.012004586737200,84.095765309156600,84.179526031576100,84.179526031576100,84.179526031576100,84.179526031576100,84.179526031576100,84.179526031576100,84.102745369358200
"....Zamboanga del Norte","03.1.3.1 - Other articles of clothing (SD)",83.361660783699300,83.361660783699300,83.361660783699300,83.361660783699300,83.361660783699300,83.444773107511600,83.527885431323900,83.527885431323900,83.527885431323900,83.527885431323900,83.527885431323900,83.527885431323900,83.451699134496000
"....Zamboanga del Norte","03.1.3.2 - Clothing accessories (SD)",72.899005720382000,72.872900485184300,72.951216190777300,72.951216190777300,72.951216190777300,73.003426661172600,73.003426661172600,73.003426661172600,73.003426661172600,73.003426661172600,73.003426661172600,76.236777407464800,73.240241012699900
"....Zamboanga del Norte","03.1.4 - Cleaning, repair, tailoring and hire of clothing (S)",107.630627766144000,107.630627766144000,107.630627766144000,107.630627766144000,107.630627766144000,107.630627766144000,107.630627766144000,107.630627766144000,107.630627766144000,107.630627766144000,107.630627766144000,107.721995022312000,107.638241704158000
"....Zamboanga del Norte","03.1.4.1 - Cleaning of clothing (S)",112.739571589628000,112.739571589628000,112.739571589628000,112.739571589628000,112.739571589628000,112.739571589628000,112.739571589628000,112.739571589628000,112.739571589628000,112.739571589628000,112.739571589628000,112.739571589628000,112.739571589628000
"....Zamboanga del Norte","03.1.4.2 - Repair, tailoring and hire of clothing (S)",57.292631550057300,57.349809825057300,57.349809825057300,57.349809825057300,57.349809825057300,57.406988100057400,57.349809825057300,57.349809825057300,57.349809825057300,57.349809825057300,57.464166375057500,57.578522925057600,57.378398962557400
"....Zamboanga del Norte","03.2 - FOOTWEAR",56.697593652577500,56.641178136505200,56.697593652577500,56.697593652577500,56.641178136505200,56.641178136505200,56.641178136505200,56.641178136505200,56.641178136505200,56.810424684721900,56.810424684721900,57.148917781155200,56.725801410613600
"....Zamboanga del Norte","03.2.1 - Shoes and other footwear (SD)",71.119284767407500,71.048659857012800,71.119284767407500,71.119284767407500,70.978034946618200,70.978034946618200,70.978034946618200,70.978034946618200,70.978034946618200,71.260534588196700,71.260534588196700,71.825533871353900,71.136940995006100
"....Zamboanga del Norte","03.2.1.1 - Footwear for men (SD)",67.263317202593400,67.129858239889800,67.196587721241600,67.196587721241600,66.929669795834500,66.929669795834500,66.929669795834500,66.929669795834500,66.929669795834500,67.129858239889800,67.129858239889800,67.463505646648700,67.096493499213900
"....Zamboanga del Norte","03.2.1.2 - Footwear for women (SD)",76.215127983894100,76.215127983894100,76.290813314563300,76.290813314563300,76.290813314563300,76.290813314563300,76.290813314563300,76.290813314563300,76.290813314563300,76.290813314563300,76.290813314563300,76.744925298578600,76.316041758119800
"....Zamboanga del Norte","03.2.1.3 - Footwear for infants and children (SD)",69.201478414037300,69.201478414037300,69.201478414037300,69.270472908966600,69.270472908966600,69.270472908966600,69.270472908966600,69.270472908966600,69.270472908966600,70.236395837976100,70.236395837976100,71.271313261914800,69.580948136148200
"....Zamboanga del Norte","03.2.2 - Cleaning, repair, and hire of footwear (S)",45.087288991487500,45.087288991487500,45.087288991487500,45.087288991487500,45.087288991487500,45.087288991487500,45.087288991487500,45.087288991487500,45.087288991487500,45.087288991487500,45.087288991487500,45.087288991487500,45.087288991487500
"....Zamboanga del Norte","03.2.2.0 - Cleaning, repair, and hire of footwear (S)",45.087288991487500,45.087288991487500,45.087288991487500,45.087288991487500,45.087288991487500,45.087288991487500,45.087288991487500,45.087288991487500,45.087288991487500,45.087288991487500,45.087288991487500,45.087288991487500,45.087288991487500
"....Zamboanga del Norte","04 - HOUSING, WATER, ELECTRICITY, GAS, AND OTHER FUELS",51.731011071566500,51.679639660373300,52.193353772305500,52.090610949919000,52.090610949919000,52.141982361112300,52.090610949919000,52.141982361112300,52.141982361112300,52.244725183498700,53.066667762590100,53.529010463329000,52.261848987229700
"....Zamboanga del Norte","04.1 - ACTUAL RENTALS FOR HOUSING",58.559890533590800,58.559890533590800,58.559890533590800,58.559890533590800,58.559890533590800,58.559890533590800,58.559890533590800,58.559890533590800,58.559890533590800,58.559890533590800,58.559890533590800,58.559890533590800,58.559890533590800
"....Zamboanga del Norte","04.1.1 - Actual rentals paid by tenants for main residence (S)",58.559890533590800,58.559890533590800,58.559890533590800,58.559890533590800,58.559890533590800,58.559890533590800,58.559890533590800,58.559890533590800,58.559890533590800,58.559890533590800,58.559890533590800,58.559890533590800,58.559890533590800
"....Zamboanga del Norte","04.1.1.0 - Actual rentals paid by tenants for main residence (S)",58.559890533590800,58.559890533590800,58.559890533590800,58.559890533590800,58.559890533590800,58.559890533590800,58.559890533590800,58.559890533590800,58.559890533590800,58.559890533590800,58.559890533590800,58.559890533590800,58.559890533590800
"....Zamboanga del Norte","04.3 - MAINTENANCE, REPAIR AND SECURITY OF THE DWELLING",65.933501917796300,66.065105714039400,66.065105714039400,66.065105714039400,66.065105714039400,66.065105714039400,66.065105714039400,66.065105714039400,66.065105714039400,66.065105714039400,67.446945574592000,67.841756963321300,66.317346323505400
"....Zamboanga del Norte","04.3.1 - Security equipment and materials for the maintenance and repair of the dwelling (ND)",66.410744489631400,66.410744489631400,66.410744489631400,66.410744489631400,66.410744489631400,66.410744489631400,66.410744489631400,66.410744489631400,66.410744489631400,66.410744489631400,68.133977380580000,68.597924697373800,66.736612247855700
"....Zamboanga del Norte","04.3.1.1 - Materials for the maintenance and repair of the dwelling (ND)",66.410744489631400,66.410744489631400,66.410744489631400,66.410744489631400,66.410744489631400,66.410744489631400,66.410744489631400,66.410744489631400,66.410744489631400,66.410744489631400,68.133977380580000,68.597924697373800,66.736612247855700
"....Zamboanga del Norte","04.3.2 - Services for the maintenance, repair and security of the dwelling (S)",64.178315799586900,64.754767737906500,64.754767737906500,64.754767737906500,64.754767737906500,64.754767737906500,64.754767737906500,64.754767737906500,64.754767737906500,64.754767737906500,64.882868168644200,64.882868168644200,64.728080148169500
"....Zamboanga del Norte","04.3.2.0 - Services for the maintenance, repair and security of the dwelling (S)",64.178315799586900,64.754767737906500,64.754767737906500,64.754767737906500,64.754767737906500,64.754767737906500,64.754767737906500,64.754767737906500,64.754767737906500,64.754767737906500,64.882868168644200,64.882868168644200,64.728080148169500
"....Zamboanga del Norte","04.4 - WATER SUPPLY AND MISCELLANEOUS SERVICES RELATING TO THE DWELLING",96.318369701047800,96.318369701047800,111.986926848025000,111.986926848025000,111.986926848025000,111.986926848025000,111.986926848025000,111.986926848025000,111.986926848025000,111.986926848025000,112.467557435355000,121.215034124772000,110.184562145535000
"....Zamboanga del Norte","04.4.1 - Water supply (ND)",96.318369701047800,96.318369701047800,111.986926848025000,111.986926848025000,111.986926848025000,111.986926848025000,111.986926848025000,111.986926848025000,111.986926848025000,111.986926848025000,112.467557435355000,121.215034124772000,110.184562145535000
"....Zamboanga del Norte","04.4.1.1 - Water supply through network systems (ND)",96.318369701047800,96.318369701047800,111.986926848025000,111.986926848025000,111.986926848025000,111.986926848025000,111.986926848025000,111.986926848025000,111.986926848025000,111.986926848025000,112.467557435355000,121.215034124772000,110.184562145535000
"....Zamboanga del Norte","04.5 - ELECTRICITY, GAS AND OTHER FUELS",42.885749629234800,42.757604959027900,42.843034739165800,42.629460288821000,42.586745398752100,42.714890068958900,42.672175178890000,42.714890068958900,42.757604959027900,42.971179409372700,44.893349462475800,45.448643033372300,43.156277266338200
"....Zamboanga del Norte","04.5.1 - Electricity (ND)",39.673188145334000,39.673188145334000,39.673188145334000,39.673188145334000,39.673188145334000,39.673188145334000,39.673188145334000,39.673188145334000,39.673188145334000,39.673188145334000,39.673188145334000,39.673188145334000,39.673188145334000
"....Zamboanga del Norte","04.5.1.0 - Electricity (ND)",39.673188145334000,39.673188145334000,39.673188145334000,39.673188145334000,39.673188145334000,39.673188145334000,39.673188145334000,39.673188145334000,39.673188145334000,39.673188145334000,39.673188145334000,39.673188145334000,39.673188145334000
"....Zamboanga del Norte","04.5.2 - Gas (ND)",..,..,..,..,..,..,..,..,..,..,..,..,..
"....Zamboanga del Norte","04.5.2.2 - Liquefied hydrocarbons (ND)",..,..,..,..,..,..,..,..,..,..,..,..,..
"....Zamboanga del Norte","04.5.3 - Liquid fuels (ND)",..,..,..,..,..,..,..,..,..,..,..,..,..
"....Zamboanga del Norte","04.5.3.0 - Liquid fuels (ND)",..,..,..,..,..,..,..,..,..,..,..,..,..
"....Zamboanga del Norte","04.5.4 - Solid fuels (ND)",37.424802322416900,37.424802322416900,37.424802322416900,37.424802322416900,37.424802322416900,37.424802322416900,37.424802322416900,37.424802322416900,37.276291202089900,37.424802322416900,42.140030392800800,42.288541513127800,38.210673667480900
"....Zamboanga del Norte","04.5.4.2 - Wood fuel, including pellets and briquettes (ND)",36.753992306795700,36.753992306795700,36.753992306795700,36.753992306795700,36.753992306795700,36.753992306795700,36.753992306795700,36.753992306795700,36.753992306795700,36.753992306795700,41.744375801375500,41.744375801375500,37.585722889225600
"....Zamboanga del Norte","04.5.4.3 - Charcoal (ND)",47.867750709742500,47.867750709742500,47.867750709742500,47.867750709742500,47.867750709742500,47.867750709742500,47.867750709742500,47.867750709742500,44.989930025790100,47.867750709742500,47.100331860688500,49.738334154311600,47.719862702372700
"....Zamboanga del Norte","05 - FURNISHINGS, HOUSEHOLD EQUIPMENT AND ROUTINE HOUSEHOLD MAINTENANCE",65.398708731634100,65.398708731634100,65.528211125162100,65.333957534870100,65.398708731634100,65.398708731634100,65.398708731634100,65.463459928398100,65.463459928398100,65.528211125162100,65.528211125162100,65.398708731634100,65.436480263079800
"....Zamboanga del Norte","05.1 - FURNITURE, FURNISHINGS, AND LOOSE CARPETS",101.320202235124000,101.320202235124000,101.320202235124000,101.320202235124000,101.320202235124000,101.320202235124000,101.320202235124000,101.320202235124000,101.320202235124000,101.320202235124000,101.320202235124000,101.320202235124000,101.320202235124000
"....Zamboanga del Norte","05.1.1 - Furniture, furnishings and loose carpets (D)",101.398601398601000,101.398601398601000,101.398601398601000,101.398601398601000,101.398601398601000,101.398601398601000,101.398601398601000,101.398601398601000,101.398601398601000,101.398601398601000,101.398601398601000,101.398601398601000,101.398601398601000
"....Zamboanga del Norte","05.1.1.1 - Household furniture (D)",101.421421218376000,101.421421218376000,101.421421218376000,101.421421218376000,101.421421218376000,101.421421218376000,101.421421218376000,101.421421218376000,101.421421218376000,101.421421218376000,101.421421218376000,101.421421218376000,101.421421218376000
"....Zamboanga del Norte","05.1.1.3 - Lighting equipment (D)",..,..,..,..,..,..,..,..,..,..,..,..,..
"....Zamboanga del Norte","05.1.1.4 - Furnishings, loose carpets and rugs (D)",..,..,..,..,..,..,..,..,..,..,..,..,..
"....Zamboanga del Norte","05.2 - HOUSEHOLD TEXTILES",74.855902387903300,74.855902387903300,74.930758290291200,74.855902387903300,74.930758290291200,74.855902387903300,74.855902387903300,74.930758290291200,74.930758290291200,74.855902387903300,74.855902387903300,74.855902387903300,74.880854355365900
"....Zamboanga del Norte","05.2.1 - Household textiles (SD)",74.855902387903300,74.855902387903300,74.930758290291200,74.855902387903300,74.930758290291200,74.855902387903300,74.855902387903300,74.930758290291200,74.930758290291200,74.855902387903300,74.855902387903300,74.855902387903300,74.880854355365900
"....Zamboanga del Norte","05.2.1.1 - Furnishing fabrics and curtains (SD)",79.021336551082200,79.021336551082200,79.021336551082200,79.021336551082200,79.021336551082200,79.021336551082200,79.021336551082200,79.021336551082200,79.021336551082200,79.021336551082200,79.021336551082200,79.021336551082200,79.021336551082200
"....Zamboanga del Norte","05.2.1.2 - Bed linen and bedding (SD)",73.760129109730000,73.833889238839700,73.907649367949400,73.833889238839700,73.907649367949400,73.760129109730000,73.833889238839700,73.907649367949400,73.907649367949400,73.833889238839700,73.760129109730000,73.833889238839700,73.840035916265500
"....Zamboanga del Norte","05.2.1.3 - Table linen and bathroom linen (SD)",68.572854886810200,68.572854886810200,68.572854886810200,68.572854886810200,68.572854886810200,68.572854886810200,68.572854886810200,68.572854886810200,68.572854886810200,68.572854886810200,68.572854886810200,68.572854886810200,68.572854886810200
"....Zamboanga del Norte","05.2.1.9 - Other household textiles (SD)",..,..,..,..,..,..,..,..,..,..,..,..,..
"....Zamboanga del Norte","05.3 - HOUSEHOLD APPLIANCES",83.412218015039200,83.412218015039200,83.412218015039200,83.412218015039200,83.412218015039200,83.412218015039200,83.412218015039200,83.412218015039200,83.412218015039200,83.412218015039200,83.412218015039200,83.412218015039200,83.412218015039200
"....Zamboanga del Norte","05.3.1 - Major household appliances, whether electric or not (D)",82.900179893390400,82.900179893390400,82.900179893390400,82.900179893390400,82.900179893390400,82.900179893390400,82.900179893390400,82.900179893390400,82.900179893390400,82.900179893390400,82.900179893390400,82.900179893390400,82.900179893390400
"....Zamboanga del Norte","05.3.1.1 - Major kitchen appliances (D)",83.812845580784900,83.812845580784900,83.812845580784900,83.812845580784900,83.812845580784900,83.812845580784900,83.812845580784900,83.812845580784900,83.812845580784900,83.812845580784900,83.812845580784900,83.812845580784900,83.812845580784900
"....Zamboanga del Norte","05.3.1.2 - Major laundry appliances (D)",..,..,..,..,..,..,..,..,..,..,..,..,..
"....Zamboanga del Norte","05.3.1.3 - Heaters, air conditioners (D)",81.531088619401500,81.531088619401500,81.531088619401500,81.531088619401500,81.531088619401500,81.531088619401500,81.531088619401500,81.531088619401500,81.531088619401500,81.531088619401500,81.531088619401500,81.531088619401500,81.531088619401400
"....Zamboanga del Norte","05.3.2 - Small household appliances (SD)",72.426018377830800,72.426018377830800,72.426018377830800,72.426018377830800,72.426018377830800,72.426018377830800,72.426018377830800,72.426018377830800,72.426018377830800,72.426018377830800,72.426018377830800,72.426018377830800,72.426018377830800
"....Zamboanga del Norte","05.3.2.1 - Small appliances for cooking and processing of food (SD)",72.426018377830800,72.426018377830800,72.426018377830800,72.426018377830800,72.426018377830800,72.426018377830800,72.426018377830800,72.426018377830800,72.426018377830800,72.426018377830800,72.426018377830800,72.426018377830800,72.426018377830800
"....Zamboanga del Norte","05.3.2.9 - Other small household appliances (SD)",0.000000000000000,0.000000000000000,0.000000000000000,0.000000000000000,0.000000000000000,0.000000000000000,0.000000000000000,0.000000000000000,0.000000000000000,0.000000000000000,0.000000000000000,0.000000000000000,0.000000000000000
"....Zamboanga del Norte","05.3.3 - Repair, installation and hire of household appliances (S)",91.875453635052300,91.875453635052300,91.875453635052300,91.875453635052300,91.875453635052300,91.875453635052300,91.875453635052300,91.875453635052300,91.875453635052300,91.875453635052300,91.875453635052300,91.875453635052300,91.875453635052300
"....Zamboanga del Norte","05.3.3.0 - Repair, installation and hire of household appliances (S)",91.875453635052300,91.875453635052300,91.875453635052300,91.875453635052300,91.875453635052300,91.875453635052300,91.875453635052300,91.875453635052300,91.875453635052300,91.875453635052300,91.875453635052300,91.875453635052300,91.875453635052300
"....Zamboanga del Norte","05.4 - GLASSWARE, TABLEWARE AND HOUSEHOLD UTENSILS",79.241686351747600,79.241686351747600,79.241686351747600,79.241686351747600,79.241686351747600,79.241686351747600,79.162523827919700,79.162523827919700,79.162523827919700,79.162523827919700,79.162523827919700,79.162523827919700,79.202105089833600
"....Zamboanga del Norte","05.4.0 - Glassware, tableware and household utensils (SD)",79.241686351747600,79.241686351747600,79.241686351747600,79.241686351747600,79.241686351747600,79.241686351747600,79.162523827919700,79.162523827919700,79.162523827919700,79.162523827919700,79.162523827919700,79.162523827919700,79.202105089833600
"....Zamboanga del Norte","05.4.0.1 - Glassware, crystal-ware, ceramic ware and chinaware (SD)",74.585092509334300,74.585092509334300,74.585092509334300,74.585092509334300,74.585092509334300,74.585092509334300,74.510656289265100,74.510656289265100,74.510656289265100,74.510656289265100,74.510656289265100,74.510656289265100,74.547874399299700
"....Zamboanga del Norte","05.4.0.2 - Cutlery, flatware and silverware (SD)",0.000000000000000,0.000000000000000,0.000000000000000,0.000000000000000,0.000000000000000,0.000000000000000,0.000000000000000,0.000000000000000,0.000000000000000,0.000000000000000,0.000000000000000,0.000000000000000,0.000000000000000
"....Zamboanga del Norte","05.4.0.3 - Kitchen utensils and articles (SD)",83.753987736741100,83.753987736741100,83.753987736741100,83.753987736741100,83.753987736741100,83.753987736741100,83.753987736741100,83.753987736741100,83.753987736741100,83.753987736741100,83.753987736741100,83.753987736741100,83.753987736741100
"....Zamboanga del Norte","05.5 - TOOLS AND EQUIPMENT FOR HOUSE AND GARDEN",75.608020688968800,75.608020688968800,75.459478408636800,75.459478408636800,75.533749548802800,75.533749548802800,75.533749548802800,75.533749548802800,75.459478408636800,75.533749548802800,75.533749548802800,75.682291829134800,75.539938810483300
"....Zamboanga del Norte","05.5.1 - Motorized tools and equipment (D)",71.123854717300100,71.123854717300100,70.984122193297600,70.984122193297600,71.053988455298900,71.053988455298900,71.053988455298900,71.053988455298900,70.984122193297600,71.053988455298900,71.053988455298900,71.193720979301400,71.059810643799000
"....Zamboanga del Norte","05.5.1.0 - Motorized tools and equipment (D)",71.123854717300100,71.123854717300100,70.984122193297600,70.984122193297600,71.053988455298900,71.053988455298900,71.053988455298900,71.053988455298900,70.984122193297600,71.053988455298900,71.053988455298900,71.193720979301400,71.059810643799000
"....Zamboanga del Norte","05.5.2 - Non-motorized tools and miscellaneous accessories (SD)",80.695663202619000,80.695663202619000,80.537125553890900,80.537125553890900,80.616394378255000,80.616394378255000,80.616394378255000,80.616394378255000,80.537125553890900,80.616394378255000,80.616394378255000,80.774932026983100,80.623000113618700
"....Zamboanga del Norte","05.5.2.1 - Non-motorized tools (SD)",83.714653580392000,83.882082887552800,83.882082887552800,83.882082887552800,83.882082887552800,83.882082887552800,83.965797541133200,83.965797541133200,83.965797541133200,83.882082887552800,83.882082887552800,83.882082887552800,83.889059108684500
"....Zamboanga del Norte","05.5.2.2 - Miscellaneous accessories (SD)",76.280905369756500,76.280905369756500,76.131188185517600,76.131188185517600,76.206046777637000,76.206046777637000,76.131188185517600,76.131188185517600,76.056329593398100,76.206046777637000,76.206046777637000,76.355763961876000,76.193570345617100
"....Zamboanga del Norte","05.6 - GOODS AND SERVICES FOR ROUTINE HOUSEHOLD MAINTENANCE",56.778579204160100,56.778579204160100,57.002337151762700,56.722639717259500,56.778579204160100,56.834518691060800,56.834518691060800,56.890458177961400,56.890458177961400,57.002337151762700,57.002337151762700,56.834518691060800,56.862488434511100
"....Zamboanga del Norte","05.6.1 - Non-durable household goods (ND)",69.363990737115200,69.296712375585500,69.834939267823000,69.229434014055800,69.363990737115200,69.431269098644900,69.498547460174600,69.565825821704300,69.633104183234000,69.834939267823000,69.902217629352700,69.431269098644900,69.532186640939400
"....Zamboanga del Norte","05.6.1.1 - Household cleaning and maintenance products (ND)",71.193354764559000,71.127725693643100,71.718387331887200,71.062096622727100,71.193354764559000,71.258983835475100,71.324612906391100,71.390241977307100,71.521500119139100,71.718387331887200,71.849645473719200,71.258983835475100,71.384772888064100
"....Zamboanga del Norte","05.6.1.9 - Other non-durable household goods (ND)",57.439719511751500,57.439719511751500,57.439719511751500,57.439719511751500,57.439719511751500,57.439719511751500,57.439719511751500,57.439719511751500,57.439719511751500,57.439719511751500,57.494010361951700,57.711173762752300,57.466864936851600
"....Zamboanga del Norte","05.6.2 - Domestic services and household services (S)",42.734823582101300,42.734823582101300,42.734823582101300,42.734823582101300,42.734823582101300,42.734823582101300,42.734823582101300,42.734823582101300,42.734823582101300,42.734823582101300,42.734823582101300,42.734823582101300,42.734823582101300
"....Zamboanga del Norte","05.6.2.1 - Domestic services by paid staff (S)",42.734823582101300,42.734823582101300,42.734823582101300,42.734823582101300,42.734823582101300,42.734823582101300,42.734823582101300,42.734823582101300,42.734823582101300,42.734823582101300,42.734823582101300,42.734823582101300,42.734823582101300
"....Zamboanga del Norte","06 - HEALTH",74.952969233731800,74.952969233731800,74.952969233731800,74.952969233731800,74.952969233731800,75.323290227969600,75.323290227969600,75.323290227969600,75.619547023359800,75.619547023359800,75.841739619902500,76.212060614140300,75.335634261110900
"....Zamboanga del Norte","06.1 - MEDICINES AND HEALTH PRODUCTS",67.673889607873600,67.673889607873600,67.673889607873600,67.673889607873600,67.673889607873600,68.464626390049400,68.464626390049400,68.464626390049400,68.991784244833200,68.991784244833200,69.387152635921100,70.243784149944800,68.448152707087400
"....Zamboanga del Norte","06.1.1 - Medicines (ND)",67.364405356618100,67.364405356618100,67.364405356618100,67.364405356618100,67.364405356618100,68.151525964485100,68.151525964485100,68.151525964485100,68.676273036396500,68.676273036396500,69.135426724318900,69.988140716174800,68.146059849152700
"....Zamboanga del Norte","06.1.1.1 - Medicines, vaccines and other pharmaceutical preparations (ND)",67.364405356618100,67.364405356618100,67.364405356618100,67.364405356618100,67.364405356618100,68.151525964485100,68.151525964485100,68.151525964485100,68.676273036396500,68.676273036396500,69.135426724318900,69.988140716174800,68.146059849152700
"....Zamboanga del Norte","06.1.2 - Medical products (ND)",73.983929968616400,73.983929968616400,73.983929968616400,73.983929968616400,73.983929968616400,73.983929968616400,73.983929968616400,73.983929968616400,73.983929968616400,73.983929968616400,73.983929968616400,73.983929968616400,73.983929968616400
"....Zamboanga del Norte","06.1.2.1 - Medical diagnostic products (ND)",97.361352197903500,97.361352197903500,97.361352197903500,97.361352197903500,97.361352197903500,97.361352197903500,97.361352197903500,97.361352197903500,97.361352197903500,97.361352197903500,97.361352197903500,97.361352197903500,97.361352197903500
"....Zamboanga del Norte","06.1.2.2 - Prevention and protective devices (ND)",0.000000000000000,0.000000000000000,0.000000000000000,0.000000000000000,0.000000000000000,0.000000000000000,0.000000000000000,0.000000000000000,0.000000000000000,0.000000000000000,0.000000000000000,0.000000000000000,0.000000000000000
"....Zamboanga del Norte","06.1.2.3 - Treatment devices for personal use (ND)",64.758491108566200,64.758491108566200,64.758491108566200,64.758491108566200,64.758491108566200,64.758491108566200,64.758491108566200,64.758491108566200,64.758491108566200,64.758491108566200,64.758491108566200,64.758491108566200,64.758491108566200
"....Zamboanga del Norte","06.1.3 - Assistive products (D)",80.499363073332200,80.499363073332200,80.499363073332200,80.499363073332200,80.734970965254100,80.734970965254100,80.734970965254100,80.734970965254100,81.049114821150000,81.127650785124000,81.834474460889900,81.834474460889900,80.898587556866600
"....Zamboanga del Norte","06.1.3.1 - Assistive products for vision (D)",80.499363073332200,80.499363073332200,80.499363073332200,80.499363073332200,80.734970965254100,80.734970965254100,80.734970965254100,80.734970965254100,81.049114821150000,81.127650785124000,81.834474460889900,81.834474460889900,80.898587556866600
"....Zamboanga del Norte","06.2 - OUTPATIENT CARE SERVICES",67.960914318956900,67.960914318956900,67.960914318956900,67.960914318956900,67.960914318956900,67.960914318956900,67.960914318956900,67.960914318956900,67.960914318956900,67.960914318956900,67.960914318956900,67.960914318956900,67.960914318956900
"....Zamboanga del Norte","06.2.1 - Preventive care services (S)",59.825930472696600,59.825930472696600,59.825930472696600,59.825930472696600,59.825930472696600,59.825930472696600,59.825930472696600,59.825930472696600,59.825930472696600,59.825930472696600,59.825930472696600,59.825930472696600,59.825930472696600
"....Zamboanga del Norte","06.2.1.9 - Other preventive services (S)",54.348788361348500,54.348788361348500,54.348788361348500,54.348788361348500,54.348788361348500,54.348788361348500,54.348788361348500,54.348788361348500,54.348788361348500,54.348788361348500,54.348788361348500,54.348788361348500,54.348788361348500
"....Zamboanga del Norte","06.2.2 - Outpatient dental services (S)",69.676117535249100,69.676117535249100,69.676117535249100,69.676117535249100,69.676117535249100,69.676117535249100,69.676117535249100,69.676117535249100,69.676117535249100,69.676117535249100,69.676117535249100,69.676117535249100,69.676117535249200
"....Zamboanga del Norte","06.2.2.1 - Dental preventive services (S)",69.676117535249100,69.676117535249100,69.676117535249100,69.676117535249100,69.676117535249100,69.676117535249100,69.676117535249100,69.676117535249100,69.676117535249100,69.676117535249100,69.676117535249100,69.676117535249100,69.676117535249200
"....Zamboanga del Norte","06.2.3 - Other outpatient care services (S)",..,..,..,..,..,..,..,..,..,..,..,..,..
"....Zamboanga del Norte","06.2.3.1 - Outpatient curative and rehabilitative services (S)",..,..,..,..,..,..,..,..,..,..,..,..,..
"....Zamboanga del Norte","06.3 - INPATIENT CARE SERVICES",90.909090909090900,90.909090909090900,90.909090909090900,90.909090909090900,90.909090909090900,90.909090909090900,90.909090909090900,90.909090909090900,90.909090909090900,90.909090909090900,90.909090909090900,90.909090909090900,90.909090909090900
"....Zamboanga del Norte","06.3.1 - Inpatient curative and rehabilitative services (S)",90.909090909090900,90.909090909090900,90.909090909090900,90.909090909090900,90.909090909090900,90.909090909090900,90.909090909090900,90.909090909090900,90.909090909090900,90.909090909090900,90.909090909090900,90.909090909090900,90.909090909090900
"....Zamboanga del Norte","06.3.1.0 - Inpatient curative and rehabilitative services (S)",..,..,..,..,..,..,..,..,..,..,..,..,..
"....Zamboanga del Norte","06.4 - OTHER HEALTH SERVICES",0.000000000000000,0.000000000000000,0.000000000000000,0.000000000000000,0.000000000000000,0.000000000000000,0.000000000000000,0.000000000000000,0.000000000000000,0.000000000000000,0.000000000000000,0.000000000000000,0.000000000000000
"....Zamboanga del Norte","06.4.1 - Diagnostic imaging services and medical laboratory services (S)",0.000000000000000,0.000000000000000,0.000000000000000,0.000000000000000,0.000000000000000,0.000000000000000,0.000000000000000,0.000000000000000,0.000000000000000,0.000000000000000,0.000000000000000,0.000000000000000,0.000000000000000
"....Zamboanga del Norte","06.4.1.0 - Diagnostic imaging services and medical laboratory services (S)",0.000000000000000,0.000000000000000,0.000000000000000,0.000000000000000,0.000000000000000,0.000000000000000,0.000000000000000,0.000000000000000,0.000000000000000,0.000000000000000,0.000000000000000,0.000000000000000,0.000000000000000
"....Zamboanga del Norte","07 - TRANSPORT",78.963110667996000,78.065802592223300,78.165503489531400,79.062811565304100,79.860418743768700,81.056829511465600,81.455633100697900,82.751744765702900,82.652043868394800,84.147557328016000,84.446660019940200,85.443668993020900,81.339315387171800
"....Zamboanga del Norte","07.1 - PURCHASE OF VEHICLES",0.000000000000000,0.000000000000000,0.000000000000000,0.000000000000000,0.000000000000000,0.000000000000000,0.000000000000000,0.000000000000000,0.000000000000000,0.000000000000000,0.000000000000000,0.000000000000000,0.000000000000000
"....Zamboanga del Norte","07.1.1 - Motor cars (D)",0.000000000000000,0.000000000000000,0.000000000000000,0.000000000000000,0.000000000000000,0.000000000000000,0.000000000000000,0.000000000000000,0.000000000000000,0.000000000000000,0.000000000000000,0.000000000000000,0.000000000000000
"....Zamboanga del Norte","07.1.1.1 - New motor cars (D)",0.000000000000000,0.000000000000000,0.000000000000000,0.000000000000000,0.000000000000000,0.000000000000000,0.000000000000000,0.000000000000000,0.000000000000000,0.000000000000000,0.000000000000000,0.000000000000000,0.000000000000000
"....Zamboanga del Norte","07.1.2 - Motorcycles (D)",..,..,..,..,..,..,..,..,..,..,..,..,..
"....Zamboanga del Norte","07.1.2.0 - Motorcycles (D)",..,..,..,..,..,..,..,..,..,..,..,..,..
"....Zamboanga del Norte","07.1.3 - Bicycles (D)",..,..,..,..,..,..,..,..,..,..,..,..,..
"....Zamboanga del Norte","07.1.3.0 - Bicycles (D)",..,..,..,..,..,..,..,..,..,..,..,..,..
"....Zamboanga del Norte","07.2 - OPERATION OF PERSONAL TRANSPORT EQUIPMENT",83.401976935749600,81.771691378363500,81.857495881383900,83.659390444810600,85.032262493135600,87.434788577704600,87.692202086765500,88.464442613948400,88.378638110928100,91.038577704557900,91.639209225700200,93.526908292147200,86.991465312099600
"....Zamboanga del Norte","07.2.1 - Parts and accessories for personal transport equipment (SD)",78.916540384848600,78.916540384848600,78.916540384848600,78.916540384848600,78.916540384848600,78.916540384848600,78.916540384848600,78.916540384848600,78.916540384848600,78.916540384848600,78.916540384848600,80.835716950628000,79.076471765330300
"....Zamboanga del Norte","07.2.1.1 - Tires (SD)",0.000000000000000,0.000000000000000,0.000000000000000,0.000000000000000,0.000000000000000,0.000000000000000,0.000000000000000,0.000000000000000,0.000000000000000,0.000000000000000,0.000000000000000,0.000000000000000,0.000000000000000
"....Zamboanga del Norte","07.2.1.2 - Parts for personal transport equipment (SD)",78.916540384848600,78.916540384848600,78.916540384848600,78.916540384848600,78.916540384848600,78.916540384848600,78.916540384848600,78.916540384848600,78.916540384848600,78.916540384848600,78.916540384848600,80.835716950628000,79.076471765330300
"....Zamboanga del Norte","07.2.1.3 - Accessories for personal transport equipment (SD)",..,..,..,..,..,..,..,..,..,..,..,..,..
"....Zamboanga del Norte","07.2.2 - Fuels and lubricants for personal transport equipment (ND)",87.000626332309900,84.924885247617900,85.105384472373700,87.271375169443700,88.986117804624000,91.964355013095200,92.235103850229000,93.227849586386000,93.137599974008100,96.386586019613100,97.108582918636400,99.094074390950500,91.370211731607300
"....Zamboanga del Norte","07.2.2.1 - Diesel (ND)",0.000000000000000,0.000000000000000,0.000000000000000,0.000000000000000,0.000000000000000,0.000000000000000,0.000000000000000,0.000000000000000,0.000000000000000,0.000000000000000,0.000000000000000,0.000000000000000,0.000000000000000
"....Zamboanga del Norte","07.2.2.2 - Gasoline (ND)",0.000000000000000,0.000000000000000,0.000000000000000,0.000000000000000,0.000000000000000,0.000000000000000,0.000000000000000,0.000000000000000,0.000000000000000,0.000000000000000,0.000000000000000,0.000000000000000,0.000000000000000
"....Zamboanga del Norte","07.2.2.3 - Other fuels for personal transport equipment (ND)",..,..,..,..,..,..,..,..,..,..,..,..,..
"....Zamboanga del Norte","07.2.2.4 - Lubricants (ND)",73.592681490874500,72.535966064338900,72.988844104282700,74.271998550790300,75.328713977325900,77.744063523693100,77.895022870341000,78.498860256932800,78.423380583608800,80.461331763356100,80.838730129976000,82.121884576483600,77.058456491000300
"....Zamboanga del Norte","07.2.3 - Maintenance and repair of personal transport equipment (S)",69.657674325295800,69.657674325295800,69.657674325295800,69.657674325295800,69.657674325295800,69.657674325295800,69.657674325295800,69.657674325295800,69.657674325295800,69.657674325295800,69.657674325295800,69.657674325295800,69.657674325295700
"....Zamboanga del Norte","07.2.3.0 - Maintenance and repair of personal transport equipment (S)",69.657674325295800,69.657674325295800,69.657674325295800,69.657674325295800,69.657674325295800,69.657674325295800,69.657674325295800,69.657674325295800,69.657674325295800,69.657674325295800,69.657674325295800,69.657674325295800,69.657674325295700
"....Zamboanga del Norte","07.2.4 - Other services in respect of personal transport equipment (S)",..,..,..,..,..,..,..,..,..,..,..,..,..
"....Zamboanga del Norte","07.2.4.2 - Toll facilities (S)",..,..,..,..,..,..,..,..,..,..,..,..,..
"....Zamboanga del Norte","07.2.4.3 - Driving lessons, tests, licences, and road worthiness tests (S)",..,..,..,..,..,..,..,..,..,..,..,..,..
"....Zamboanga del Norte","07.3 - PASSENGER TRANSPORT SERVICES",73.565735862029800,73.565735862029800,73.565735862029800,73.565735862029800,73.565735862029800,73.347007212291300,73.857374061681000,75.680112809501400,75.680112809501400,75.680112809501400,75.680112809501400,75.680112809501400,74.452802052635700
"....Zamboanga del Norte","07.3.1 - Passenger transport by railway (S)",..,..,..,..,..,..,..,..,..,..,..,..,..
"....Zamboanga del Norte","07.3.1.1 - Passenger transport by train (S)",..,..,..,..,..,..,..,..,..,..,..,..,..
"....Zamboanga del Norte","07.3.1.2 - Passenger transport by rapid transit and tram (S)",..,..,..,..,..,..,..,..,..,..,..,..,..
"....Zamboanga del Norte","07.3.2 - Passenger transport by road (S)",82.390501552178200,82.390501552178200,82.390501552178200,82.390501552178200,82.390501552178200,82.390501552178200,82.390501552178200,82.390501552178200,82.390501552178200,82.390501552178200,82.390501552178200,82.390501552178200,82.390501552178200
"....Zamboanga del Norte","07.3.2.1 - Passenger transport by bus and coach (S)",..,..,..,..,..,..,..,..,..,..,..,..,..
"....Zamboanga del Norte","07.3.2.2 - Passenger transport by taxi and hired car with driver (S)",..,..,..,..,..,..,..,..,..,..,..,..,..
"....Zamboanga del Norte","07.3.2.9 - Other passenger transport by road (S)",..,..,..,..,..,..,..,..,..,..,..,..,..
"....Zamboanga del Norte","07.3.3 - Passenger transport by air (S)",40.167298201460100,40.167298201460100,40.167298201460100,40.167298201460100,40.167298201460100,40.167298201460100,40.167298201460100,46.387009711176700,46.387009711176700,46.387009711176700,46.387009711176700,46.387009711176700,42.758844663842000
"....Zamboanga del Norte","07.3.3.1 - Passenger transport by air, domestic (S)",40.167298201460100,40.167298201460100,40.167298201460100,40.167298201460100,40.167298201460100,40.167298201460100,40.167298201460100,46.387009711176700,46.387009711176700,46.387009711176700,46.387009711176700,46.387009711176700,42.758844663842000
"....Zamboanga del Norte","07.3.4 - Passenger transport by sea and inland waterway (S)",..,..,..,..,..,..,..,..,..,..,..,..,..
"....Zamboanga del Norte","07.3.4.0 - Passenger transport by sea and inland waterway (S)",..,..,..,..,..,..,..,..,..,..,..,..,..
"....Zamboanga del Norte","07.4 - TRANSPORT SERVICES OF GOODS",..,..,..,..,..,..,..,..,..,..,..,..,..
"....Zamboanga del Norte","07.4.1 - Postal and courier services (S)",..,..,..,..,..,..,..,..,..,..,..,..,..
"....Zamboanga del Norte","07.4.1.1 - Letter handling services (S)",..,..,..,..,..,..,..,..,..,..,..,..,..
"....Zamboanga del Norte","07.4.1.2 - Courier and parcel delivery services (S)",..,..,..,..,..,..,..,..,..,..,..,..,..
"....Zamboanga del Norte","08 - INFORMATION AND COMMUNICATION",96.480938416422300,96.480938416422300,96.480938416422300,96.480938416422300,96.480938416422300,96.480938416422300,96.480938416422300,96.480938416422300,96.480938416422300,96.480938416422300,96.480938416422300,96.480938416422300,96.480938416422300
"....Zamboanga del Norte","08.1 - INFORMATION AND COMMUNICATION EQUIPMENT",95.200000000000000,95.200000000000000,95.200000000000000,95.200000000000000,95.200000000000000,95.200000000000000,95.200000000000000,95.200000000000000,95.200000000000000,95.200000000000000,95.200000000000000,95.200000000000000,95.200000000000000
"....Zamboanga del Norte","08.1.1 - Fixed telephone equipment (D)",..,..,..,..,..,..,..,..,..,..,..,..,..
"....Zamboanga del Norte","08.1.1.0 - Fixed telephone equipment (D)",..,..,..,..,..,..,..,..,..,..,..,..,..
"....Zamboanga del Norte","08.1.2 - Mobile telephone equipment (D)",..,..,..,..,..,..,..,..,..,..,..,..,..
"....Zamboanga del Norte","08.1.2.0 - Mobile telephone equipment (D)",..,..,..,..,..,..,..,..,..,..,..,..,..
"....Zamboanga del Norte","08.1.3 - Information processing equipment (D)",98.120672601384800,98.120672601384800,98.120672601384800,98.120672601384800,98.120672601384800,98.120672601384800,98.120672601384800,98.120672601384800,98.120672601384800,98.120672601384800,98.120672601384800,98.120672601384800,98.120672601384800
"....Zamboanga del Norte","08.1.3.1 - Computers, laptops and tablets (D)",98.120672601384800,98.120672601384800,98.120672601384800,98.120672601384800,98.120672601384800,98.120672601384800,98.120672601384800,98.120672601384800,98.120672601384800,98.120672601384800,98.120672601384800,98.120672601384800,98.120672601384800
"....Zamboanga del Norte","08.1.3.2 - Peripheral equipment and its consumable components (D)",97.827191028299900,97.827191028299900,97.827191028299900,97.827191028299900,97.827191028299900,97.827191028299900,97.827191028299900,97.827191028299900,97.827191028299900,97.827191028299900,97.827191028299900,97.827191028299900,97.827191028299900
"....Zamboanga del Norte","08.1.4 - Equipment for the reception, recording and reproduction of sound and vision (D)",93.450184501845000,93.450184501845000,93.450184501845000,93.450184501845000,93.450184501845000,93.450184501845000,93.450184501845000,93.450184501845000,93.450184501845000,93.450184501845000,93.450184501845000,93.450184501845000,93.450184501845000
"....Zamboanga del Norte","08.1.4.0 - Equipment for the reception, recording and reproduction of sound and vision (D)",93.450184501845000,93.450184501845000,93.450184501845000,93.450184501845000,93.450184501845000,93.450184501845000,93.450184501845000,93.450184501845000,93.450184501845000,93.450184501845000,93.450184501845000,93.450184501845000,93.450184501845000
"....Zamboanga del Norte","08.1.5 - Unrecorded recording media (SD)",70.028011204481800,70.028011204481800,70.028011204481800,70.028011204481800,70.028011204481800,70.028011204481800,70.028011204481800,70.028011204481800,70.028011204481800,70.028011204481800,70.028011204481800,70.028011204481800,70.028011204481800
"....Zamboanga del Norte","08.1.5.0 - Unrecorded recording media (SD)",70.028011204481800,70.028011204481800,70.028011204481800,70.028011204481800,70.028011204481800,70.028011204481800,70.028011204481800,70.028011204481800,70.028011204481800,70.028011204481800,70.028011204481800,70.028011204481800,70.028011204481800
"....Zamboanga del Norte","08.3 - INFORMATION AND COMMUNICATION SERVICES",97.098646034816200,97.098646034816200,97.098646034816200,97.098646034816200,97.098646034816200,97.098646034816200,97.098646034816200,97.098646034816200,97.098646034816200,97.098646034816200,97.098646034816200,97.098646034816200,97.098646034816300
"....Zamboanga del Norte","08.3.1 - Fixed communication services (S)",0.000000000000000,0.000000000000000,0.000000000000000,0.000000000000000,0.000000000000000,0.000000000000000,0.000000000000000,0.000000000000000,0.000000000000000,0.000000000000000,0.000000000000000,0.000000000000000,0.000000000000000
"....Zamboanga del Norte","08.3.1.0 - Fixed communication services (S)",0.000000000000000,0.000000000000000,0.000000000000000,0.000000000000000,0.000000000000000,0.000000000000000,0.000000000000000,0.000000000000000,0.000000000000000,0.000000000000000,0.000000000000000,0.000000000000000,0.000000000000000
"....Zamboanga del Norte","08.3.2 - Mobile communication services (S)",97.006383020002700,97.006383020002700,97.006383020002700,97.006383020002700,97.006383020002700,97.006383020002700,97.006383020002700,97.006383020002700,97.006383020002700,97.006383020002700,97.006383020002700,97.006383020002700,97.006383020002700
"....Zamboanga del Norte","08.3.2.0 - Mobile communication services (S)",97.006383020002700,97.006383020002700,97.006383020002700,97.006383020002700,97.006383020002700,97.006383020002700,97.006383020002700,97.006383020002700,97.006383020002700,97.006383020002700,97.006383020002700,97.006383020002700,97.006383020002700
"....Zamboanga del Norte","08.3.3 - Internet access provision services and net storage services (S)",100.000000000000000,100.000000000000000,100.000000000000000,100.000000000000000,100.000000000000000,100.000000000000000,100.000000000000000,100.000000000000000,100.000000000000000,100.000000000000000,100.000000000000000,100.000000000000000,100.000000000000000
"....Zamboanga del Norte","08.3.3.0 - Internet access provision services and net storage services (S)",100.000000000000000,100.000000000000000,100.000000000000000,100.000000000000000,100.000000000000000,100.000000000000000,100.000000000000000,100.000000000000000,100.000000000000000,100.000000000000000,100.000000000000000,100.000000000000000,100.000000000000000
"....Zamboanga del Norte","08.3.5 - Repair and rental of information and communication equipment (S)",46.999154691462400,46.999154691462400,46.999154691462400,46.999154691462400,46.999154691462400,46.999154691462400,46.999154691462400,46.999154691462400,46.999154691462400,46.999154691462400,46.999154691462400,46.999154691462400,46.999154691462400
"....Zamboanga del Norte","08.3.5.0 - Repair and rental of information and communication equipment (S)",46.961585423123900,46.961585423123900,46.961585423123900,46.961585423123900,46.961585423123900,46.961585423123900,46.961585423123900,46.961585423123900,46.961585423123900,46.961585423123900,46.961585423123900,46.961585423123900,46.961585423123900
"....Zamboanga del Norte","09 - RECREATION, SPORT AND CULTURE",66.868381240544600,66.868381240544600,66.792738275340400,66.868381240544600,66.565809379727700,66.792738275340400,66.868381240544600,66.792738275340400,67.019667170953100,67.170953101361600,67.095310136157400,67.170953101361600,66.906202723146700
"....Zamboanga del Norte","09.1 - RECREATIONAL DURABLES",..,..,..,..,..,..,..,..,..,..,..,..,..
"....Zamboanga del Norte","09.1.1 - Photographic and cinematographic equipment and optical instruments (D)",..,..,..,..,..,..,..,..,..,..,..,..,..
"....Zamboanga del Norte","09.1.1.1 - Cameras (D)",..,..,..,..,..,..,..,..,..,..,..,..,..
"....Zamboanga del Norte","09.2 - OTHER RECREATIONAL GOODS",73.890260198752400,73.890260198752400,73.890260198752400,73.890260198752400,73.890260198752400,73.890260198752400,73.890260198752400,73.890260198752400,73.890260198752400,73.890260198752400,73.890260198752400,73.890260198752400,73.890260198752400
"....Zamboanga del Norte","09.2.1 - Games, toys and hobbies (SD)",71.028780862005300,71.028780862005300,71.028780862005300,71.028780862005300,71.028780862005300,71.028780862005300,71.028780862005300,71.028780862005300,71.028780862005300,71.028780862005300,71.028780862005300,71.028780862005300,71.028780862005300
"....Zamboanga del Norte","09.2.1.2 - Other games, toys and hobbies (SD)",71.028780862005300,71.028780862005300,71.028780862005300,71.028780862005300,71.028780862005300,71.028780862005300,71.028780862005300,71.028780862005300,71.028780862005300,71.028780862005300,71.028780862005300,71.028780862005300,71.028780862005300
"....Zamboanga del Norte","09.2.2 - Equipment for sport, camping and open-air recreation (SD)",63.442034915958400,63.442034915958400,63.442034915958400,63.442034915958400,63.442034915958400,63.442034915958400,63.442034915958400,63.442034915958400,63.442034915958400,63.442034915958400,63.442034915958400,63.442034915958400,63.442034915958400
"....Zamboanga del Norte","09.2.2.1 - Equipment for sport (SD)",63.442034915958400,63.442034915958400,63.442034915958400,63.442034915958400,63.442034915958400,63.442034915958400,63.442034915958400,63.442034915958400,63.442034915958400,63.442034915958400,63.442034915958400,63.442034915958400,63.442034915958400
"....Zamboanga del Norte","09.2.2.2 - Equipment for camping and open-air recreation (SD)",..,..,..,..,..,..,..,..,..,..,..,..,..
"....Zamboanga del Norte","09.3 - GARDEN PRODUCTS AND PETS",76.976542137271900,76.976542137271900,76.976542137271900,76.976542137271900,76.976542137271900,76.976542137271900,76.976542137271900,76.976542137271900,76.976542137271900,76.976542137271900,76.976542137271900,76.976542137271900,76.976542137271900
"....Zamboanga del Norte","09.3.1 - Garden products, plants and flowers (ND)",70.950118841449100,70.950118841449100,70.950118841449100,70.950118841449100,70.950118841449100,70.950118841449100,70.950118841449100,70.950118841449100,70.950118841449100,70.950118841449100,70.950118841449100,70.950118841449100,70.950118841449000
"....Zamboanga del Norte","09.3.1.1 - Garden products (ND)",65.579504218948100,65.579504218948100,65.579504218948100,65.579504218948100,65.579504218948100,65.579504218948100,65.579504218948100,65.579504218948100,65.579504218948100,65.579504218948100,65.579504218948100,65.579504218948100,65.579504218948100
"....Zamboanga del Norte","09.3.1.2 - Plants, seeds and flowers (ND)",77.277483350566200,77.277483350566200,77.277483350566200,77.277483350566200,77.277483350566200,77.277483350566200,77.277483350566200,77.277483350566200,77.277483350566200,77.277483350566200,77.277483350566200,77.277483350566200,77.277483350566200
"....Zamboanga del Norte","09.3.2 - Pets and products for pets (ND)",83.451834938946600,83.451834938946600,83.451834938946600,83.451834938946600,83.451834938946600,83.451834938946600,83.451834938946600,83.451834938946600,83.451834938946600,83.451834938946600,83.451834938946600,83.451834938946600,83.451834938946600
"....Zamboanga del Norte","09.3.2.2 - Products for pets and other household animals (ND)",83.526279037910900,83.526279037910900,83.526279037910900,83.526279037910900,83.526279037910900,83.526279037910900,83.526279037910900,83.526279037910900,83.526279037910900,83.526279037910900,83.526279037910900,83.526279037910900,83.526279037910900
"....Zamboanga del Norte","09.4 - RECREATIONAL SERVICES",48.007681228996600,48.007681228996600,48.007681228996600,48.007681228996600,48.007681228996600,48.007681228996600,48.007681228996600,48.007681228996600,48.007681228996600,48.007681228996600,48.007681228996600,48.007681228996600,48.007681228996600
"....Zamboanga del Norte","09.4.6 - Recreational and sporting services (S)",95.147478591817300,95.147478591817300,95.147478591817300,95.147478591817300,95.147478591817300,95.147478591817300,95.147478591817300,95.147478591817300,95.147478591817300,95.147478591817300,95.147478591817300,95.147478591817300,95.147478591817300
"....Zamboanga del Norte","09.4.6.2 - Sporting services - practice (S)",95.147478591817300,95.147478591817300,95.147478591817300,95.147478591817300,95.147478591817300,95.147478591817300,95.147478591817300,95.147478591817300,95.147478591817300,95.147478591817300,95.147478591817300,95.147478591817300,95.147478591817300
"....Zamboanga del Norte","09.4.7 - Games of chance (S)",46.146746654360900,46.146746654360900,46.146746654360900,46.146746654360900,46.146746654360900,46.146746654360900,46.146746654360900,46.146746654360900,46.146746654360900,46.146746654360900,46.146746654360900,46.146746654360900,46.146746654360900
"....Zamboanga del Norte","09.4.7.0 - Games of chance (S)",46.146746654360900,46.146746654360900,46.146746654360900,46.146746654360900,46.146746654360900,46.146746654360900,46.146746654360900,46.146746654360900,46.146746654360900,46.146746654360900,46.146746654360900,46.146746654360900,46.146746654360900
"....Zamboanga del Norte","09.5 - CULTURAL GOODS",44.874899112187300,44.874899112187300,44.874899112187300,44.874899112187300,44.874899112187300,44.874899112187300,44.874899112187300,44.874899112187300,44.874899112187300,44.874899112187300,44.874899112187300,44.874899112187300,44.874899112187200
"....Zamboanga del Norte","09.5.1 - Musical instruments (D)",44.839027889875300,44.839027889875300,44.839027889875300,44.839027889875300,44.839027889875300,44.839027889875300,44.839027889875300,44.839027889875300,44.839027889875300,44.839027889875300,44.839027889875300,44.839027889875300,44.839027889875300
"....Zamboanga del Norte","09.5.1.0 - Musical instruments (D)",44.839027889875300,44.839027889875300,44.839027889875300,44.839027889875300,44.839027889875300,44.839027889875300,44.839027889875300,44.839027889875300,44.839027889875300,44.839027889875300,44.839027889875300,44.839027889875300,44.839027889875300
"....Zamboanga del Norte","09.6 - CULTURAL SERVICES",0.000000000000000,0.000000000000000,0.000000000000000,0.000000000000000,0.000000000000000,0.000000000000000,0.000000000000000,0.000000000000000,0.000000000000000,0.000000000000000,0.000000000000000,0.000000000000000,0.000000000000000
"....Zamboanga del Norte","09.6.1 - Services provided by cinemas, theatres and concert venues (S)",0.000000000000000,0.000000000000000,0.000000000000000,0.000000000000000,0.000000000000000,0.000000000000000,0.000000000000000,0.000000000000000,0.000000000000000,0.000000000000000,0.000000000000000,0.000000000000000,0.000000000000000
"....Zamboanga del Norte","09.6.1.0 - Services provided by cinemas, theatres and concert venues (S)",0.000000000000000,0.000000000000000,0.000000000000000,0.000000000000000,0.000000000000000,0.000000000000000,0.000000000000000,0.000000000000000,0.000000000000000,0.000000000000000,0.000000000000000,0.000000000000000,0.000000000000000
"....Zamboanga del Norte","09.6.3 - Photographic services (S)",..,..,..,..,..,..,..,..,..,..,..,..,..
"....Zamboanga del Norte","09.6.3.0 - Photographic services (S)",..,..,..,..,..,..,..,..,..,..,..,..,..
"....Zamboanga del Norte","09.6.9 - Other cultural services (S)",0.000000000000000,0.000000000000000,0.000000000000000,0.000000000000000,0.000000000000000,0.000000000000000,0.000000000000000,0.000000000000000,0.000000000000000,0.000000000000000,0.000000000000000,0.000000000000000,0.000000000000000
"....Zamboanga del Norte","09.6.9.0 - Other cultural services (S)",0.000000000000000,0.000000000000000,0.000000000000000,0.000000000000000,0.000000000000000,0.000000000000000,0.000000000000000,0.000000000000000,0.000000000000000,0.000000000000000,0.000000000000000,0.000000000000000,0.000000000000000
"....Zamboanga del Norte","09.7 - NEWSPAPERS, BOOKS AND STATIONERY",74.891398783666400,74.891398783666400,74.804517810599500,74.891398783666400,74.283231972198100,74.804517810599500,74.891398783666400,74.804517810599500,75.238922675934000,75.586446568201600,75.325803649000900,75.586446568201600,75.000000000000000
"....Zamboanga del Norte","09.7.1 - Books (SD)",97.650242221425900,97.650242221425900,97.650242221425900,97.650242221425900,97.650242221425900,97.650242221425900,97.650242221425900,97.650242221425900,97.650242221425900,97.650242221425900,97.650242221425900,97.650242221425900,97.650242221425900
"....Zamboanga del Norte","09.7.1.1 - Educational and textbooks in printed or electronic copy (SD)",0.000000000000000,0.000000000000000,0.000000000000000,0.000000000000000,0.000000000000000,0.000000000000000,0.000000000000000,0.000000000000000,0.000000000000000,0.000000000000000,0.000000000000000,0.000000000000000,0.000000000000000
"....Zamboanga del Norte","09.7.1.9 - Other books (SD) in printed or electronic copy",..,..,..,..,..,..,..,..,..,..,..,..,..
"....Zamboanga del Norte","09.7.2 - Newspapers and periodicals (ND)",85.468989713807100,85.468989713807100,85.468989713807100,85.468989713807100,85.468989713807100,85.468989713807100,85.468989713807100,85.468989713807100,85.468989713807100,85.468989713807100,85.468989713807100,85.468989713807100,85.468989713807100
"....Zamboanga del Norte","09.7.2.1 - Newspapers (ND)",85.468989713807100,85.468989713807100,85.468989713807100,85.468989713807100,85.468989713807100,85.468989713807100,85.468989713807100,85.468989713807100,85.468989713807100,85.468989713807100,85.468989713807100,85.468989713807100,85.468989713807100
"....Zamboanga del Norte","09.7.2.2 - Magazines and periodicals (ND)",0.000000000000000,0.000000000000000,0.000000000000000,0.000000000000000,0.000000000000000,0.000000000000000,0.000000000000000,0.000000000000000,0.000000000000000,0.000000000000000,0.000000000000000,0.000000000000000,0.000000000000000
"....Zamboanga del Norte","09.7.4 - Stationery and drawing materials (ND)",71.151975010585200,71.151975010585200,71.081874542594400,71.151975010585200,70.450970330677900,71.081874542594400,71.151975010585200,71.081874542594400,71.572577818529500,71.923080158483100,71.642678286520200,71.923080158483100,71.280492535234800
"....Zamboanga del Norte","09.7.4.0 - Stationery and drawing materials (ND)",71.151975010585200,71.151975010585200,71.081874542594400,71.151975010585200,70.450970330677900,71.081874542594400,71.151975010585200,71.081874542594400,71.572577818529500,71.923080158483100,71.642678286520200,71.923080158483100,71.280492535234800
"....Zamboanga del Norte","09.8 - PACKAGE HOLIDAYS (S)",..,..,..,..,..,..,..,..,..,..,..,..,..
"....Zamboanga del Norte","09.8.0 - Package holidays (S)",..,..,..,..,..,..,..,..,..,..,..,..,..
"....Zamboanga del Norte","09.8.0.0 - Package holidays (S)",..,..,..,..,..,..,..,..,..,..,..,..,..
"....Zamboanga del Norte","10 - EDUCATION SERVICES",79.221725766074100,79.221725766074100,79.221725766074100,79.221725766074100,79.221725766074100,79.221725766074100,79.221725766074100,79.221725766074100,79.221725766074100,79.221725766074100,80.330829926799100,80.330829926799100,79.406576459528300
"....Zamboanga del Norte","10.1 - EARLY CHILDHOOD AND PRIMARY EDUCATION",..,..,..,..,..,..,..,..,..,..,..,..,..
"....Zamboanga del Norte","10.1.0 - Early chilhood and primary education (S)",..,..,..,..,..,..,..,..,..,..,..,..,..
"....Zamboanga del Norte","10.1.0.1 - Early childhood education services (S)",..,..,..,..,..,..,..,..,..,..,..,..,..
"....Zamboanga del Norte","10.1.0.2 - Primary education (S)",..,..,..,..,..,..,..,..,..,..,..,..,..
"....Zamboanga del Norte","10.2 - SECONDARY EDUCATION  (S)",65.018829453009600,65.018829453009600,65.018829453009600,65.018829453009600,65.018829453009600,65.018829453009600,65.018829453009600,65.018829453009600,65.018829453009600,65.018829453009600,65.929093065351700,65.929093065351700,65.170540055066600
"....Zamboanga del Norte","10.2.0 - Secondary education (S)",..,..,..,..,..,..,..,..,..,..,..,..,..
"....Zamboanga del Norte","10.2.0.1 - Lower secondary general education services",0.000000000000000,0.000000000000000,0.000000000000000,0.000000000000000,0.000000000000000,0.000000000000000,0.000000000000000,0.000000000000000,0.000000000000000,0.000000000000000,0.000000000000000,0.000000000000000,0.000000000000000
"....Zamboanga del Norte","10.2.0.2 - Lower secondary technical-vocational livelihood programs services",..,..,..,..,..,..,..,..,..,..,..,..,..
"....Zamboanga del Norte","10.4 - TERTIARY EDUCATION (S)",80.003968196822600,80.003968196822600,80.003968196822600,80.003968196822600,80.003968196822600,80.003968196822600,80.003968196822600,80.003968196822600,80.003968196822600,80.003968196822600,81.124023751578100,81.124023751578100,80.190644122615200
"....Zamboanga del Norte","10.4.0 - Tertiary education (s)",80.003968196822600,80.003968196822600,80.003968196822600,80.003968196822600,80.003968196822600,80.003968196822600,80.003968196822600,80.003968196822600,80.003968196822600,80.003968196822600,81.124023751578100,81.124023751578100,80.190644122615200
"....Zamboanga del Norte","10.4.0.0 - Tertiary education (s)",80.003968196822600,80.003968196822600,80.003968196822600,80.003968196822600,80.003968196822600,80.003968196822600,80.003968196822600,80.003968196822600,80.003968196822600,80.003968196822600,81.124023751578100,81.124023751578100,80.190644122615200
"....Zamboanga del Norte","10.5 - EDUCATION NOT DEFINED BY LEVEL (S)",..,..,..,..,..,..,..,..,..,..,..,..,..
"....Zamboanga del Norte","10.5.0 - Education not defined by level (s)",..,..,..,..,..,..,..,..,..,..,..,..,..
"....Zamboanga del Norte","10.5.0.2 - Review classes for professional and licensure examination (S)",..,..,..,..,..,..,..,..,..,..,..,..,..
"....Zamboanga del Norte","10.5.0.9 - Other education not defined by level (S)",..,..,..,..,..,..,..,..,..,..,..,..,..
"....Zamboanga del Norte","11 - RESTAURANTS AND ACCOMMODATION SERVICES",62.212765957446800,62.212765957446800,62.212765957446800,62.212765957446800,63.319148936170200,63.319148936170200,63.744680851063800,63.744680851063800,63.744680851063800,63.744680851063800,71.659574468085100,71.659574468085100,64.482269503546100
"....Zamboanga del Norte","11.1 - FOOD AND BEVERAGE SERVING SERVICES",62.212268259300700,62.212268259300700,62.212268259300700,62.212268259300700,63.332089087968100,63.332089087968100,63.705362697524000,63.705362697524000,63.705362697524000,63.705362697524000,71.668533034714400,71.668533034714400,64.472647339388600
"....Zamboanga del Norte","11.1.1 - Restaurants, café and the like (S)",62.212268259300700,62.212268259300700,62.212268259300700,62.212268259300700,63.332089087968100,63.332089087968100,63.705362697524000,63.705362697524000,63.705362697524000,63.705362697524000,71.668533034714400,71.668533034714400,64.472647339388600
"....Zamboanga del Norte","11.1.1.1 - Restaurants, café and the like - with full service (S)",62.212268259300700,62.212268259300700,62.212268259300700,62.212268259300700,63.332089087968100,63.332089087968100,63.705362697524000,63.705362697524000,63.705362697524000,63.705362697524000,71.668533034714400,71.668533034714400,64.472647339388600
"....Zamboanga del Norte","11.2 - ACCOMMODATION SERVICES",0.000000000000000,0.000000000000000,0.000000000000000,0.000000000000000,0.000000000000000,0.000000000000000,0.000000000000000,0.000000000000000,0.000000000000000,0.000000000000000,0.000000000000000,0.000000000000000,0.000000000000000
"....Zamboanga del Norte","11.2.0 - Accommodation services (S)",0.000000000000000,0.000000000000000,0.000000000000000,0.000000000000000,0.000000000000000,0.000000000000000,0.000000000000000,0.000000000000000,0.000000000000000,0.000000000000000,0.000000000000000,0.000000000000000,0.000000000000000
"....Zamboanga del Norte","11.2.0.1 - Hotels, motels, inns and similar accommodation services (S)",0.000000000000000,0.000000000000000,0.000000000000000,0.000000000000000,0.000000000000000,0.000000000000000,0.000000000000000,0.000000000000000,0.000000000000000,0.000000000000000,0.000000000000000,0.000000000000000,0.000000000000000
"....Zamboanga del Norte","12 - FINANCIAL SERVICES",0.000000000000000,0.000000000000000,0.000000000000000,0.000000000000000,0.000000000000000,0.000000000000000,0.000000000000000,0.000000000000000,0.000000000000000,0.000000000000000,0.000000000000000,0.000000000000000,0.000000000000000
"....Zamboanga del Norte","12.2 - FINANCIAL SERVICES",0.000000000000000,0.000000000000000,0.000000000000000,0.000000000000000,0.000000000000000,0.000000000000000,0.000000000000000,0.000000000000000,0.000000000000000,0.000000000000000,0.000000000000000,0.000000000000000,0.000000000000000
"....Zamboanga del Norte","12.2.1 - Financial intermediation services indirectly measured (S)",0.000000000000000,0.000000000000000,0.000000000000000,0.000000000000000,0.000000000000000,0.000000000000000,0.000000000000000,0.000000000000000,0.000000000000000,0.000000000000000,0.000000000000000,0.000000000000000,0.000000000000000
"....Zamboanga del Norte","12.2.1.0 - Financial intermediation services indirectly measured (S)",0.000000000000000,0.000000000000000,0.000000000000000,0.000000000000000,0.000000000000000,0.000000000000000,0.000000000000000,0.000000000000000,0.000000000000000,0.000000000000000,0.000000000000000,0.000000000000000,0.000000000000000
"....Zamboanga del Norte","12.2.9 - Other financial services (S)",0.000000000000000,0.000000000000000,0.000000000000000,0.000000000000000,0.000000000000000,0.000000000000000,0.000000000000000,0.000000000000000,0.000000000000000,0.000000000000000,0.000000000000000,0.000000000000000,0.000000000000000
"....Zamboanga del Norte","12.2.9.1 - Remittances fees (S)",0.000000000000000,0.000000000000000,0.000000000000000,0.000000000000000,0.000000000000000,0.000000000000000,0.000000000000000,0.000000000000000,0.000000000000000,0.000000000000000,0.000000000000000,0.000000000000000,0.000000000000000
"....Zamboanga del Norte","13 - PERSONAL CARE, AND MISCELLANEOUS GOODS AND SERVICES",73.281786941580700,73.367697594501700,73.367697594501700,73.367697594501700,73.453608247422700,73.797250859106500,74.054982817869400,74.484536082474200,74.398625429553200,74.570446735395200,74.570446735395200,74.914089347079000,73.969072164948500
"....Zamboanga del Norte","13.1 - PERSONAL CARE",71.318850120693400,71.389184292410100,71.389184292410100,71.389184292410100,71.529852635843400,71.881523494426700,72.162860181293400,72.655199383310000,72.514531039876700,72.725533555026600,72.725533555026600,73.077204413609900,72.063220104694800
"....Zamboanga del Norte","13.1.1 - Electric appliances for personal care (SD)",..,..,..,..,..,..,..,..,..,..,..,..,..
"....Zamboanga del Norte","13.1.1.1 - Electric appliances for personal care (SD)",..,..,..,..,..,..,..,..,..,..,..,..,..
"....Zamboanga del Norte","13.1.2 - Other appliances, articles and products for personal care (ND)",74.029728703676700,74.102736325672400,74.102736325672400,74.102736325672400,74.248751569663900,74.467774435651100,74.759804923634000,75.270858277604200,75.124843033612700,75.343865899599900,75.343865899599900,75.781911631574300,74.723301112636200
"....Zamboanga del Norte","13.1.2.0 - Other appliances, articles and products for personal care (ND)",74.029728703676700,74.102736325672400,74.102736325672400,74.102736325672400,74.248751569663900,74.467774435651100,74.759804923634000,75.270858277604200,75.124843033612700,75.343865899599900,75.343865899599900,75.781911631574300,74.723301112636200
"....Zamboanga del Norte","13.1.3 - Hairdressing salons and personal grooming establishments (S)",58.087680380542900,58.087680380542900,58.087680380542900,58.316372035584400,58.316372035584400,59.745694879593800,60.031559448395700,60.031559448395700,60.031559448395700,60.031559448395700,60.031559448395700,60.031559448395700,59.235903065230500
"....Zamboanga del Norte","13.1.3.1 - Hairdressing (S)",0.000000000000000,0.000000000000000,0.000000000000000,0.000000000000000,0.000000000000000,0.000000000000000,0.000000000000000,0.000000000000000,0.000000000000000,0.000000000000000,0.000000000000000,0.000000000000000,0.000000000000000
"....Zamboanga del Norte","13.1.3.2 - Personal grooming treatments (S)",0.000000000000000,0.000000000000000,0.000000000000000,0.000000000000000,0.000000000000000,0.000000000000000,0.000000000000000,0.000000000000000,0.000000000000000,0.000000000000000,0.000000000000000,0.000000000000000,0.000000000000000
"....Zamboanga del Norte","13.2 - OTHER PERSONAL EFFECTS",86.586036283672300,86.586036283672300,86.586036283672300,86.586036283672300,86.671935129191900,86.843732820230900,87.015530511269900,87.273227047828500,87.273227047828500,87.359125893348000,87.359125893348000,87.530923584387000,86.972581088510200
"....Zamboanga del Norte","13.2.1 - Jewellery and watches (D)",80.192461908580600,80.192461908580600,80.192461908580600,80.192461908580600,80.192461908580600,80.192461908580600,80.192461908580600,80.192461908580600,80.192461908580600,80.192461908580600,80.192461908580600,80.192461908580600,80.192461908580600
"....Zamboanga del Norte","13.2.1.1 - Jewellery and watches (D)",71.377083283964600,71.377083283964600,71.377083283964600,71.377083283964600,71.377083283964600,71.377083283964600,71.377083283964600,71.377083283964600,71.377083283964600,71.377083283964600,71.377083283964600,71.377083283964600,71.377083283964600
"....Zamboanga del Norte","13.2.1.2 - Repair and hire of jewellery, clocks and watches (S)",106.382978723404000,106.382978723404000,106.382978723404000,106.382978723404000,106.382978723404000,106.382978723404000,106.382978723404000,106.382978723404000,106.382978723404000,106.382978723404000,106.382978723404000,106.382978723404000,106.382978723404000
"....Zamboanga del Norte","13.2.9 - Other personal effects n.e.c. (SD)",86.125967106866000,86.125967106866000,86.125967106866000,86.125967106866000,86.211155996190300,86.466722664163200,86.637100442811800,86.977856000109000,86.977856000109000,87.148233778757600,87.148233778757600,87.403800446730500,86.622902294591100
"....Zamboanga del Norte","13.2.9.1 - Travel goods and articles for babies and other personal effects n.e.c. (SD)",86.125967106866000,86.125967106866000,86.125967106866000,86.125967106866000,86.211155996190300,86.466722664163200,86.637100442811800,86.977856000109000,86.977856000109000,87.148233778757600,87.148233778757600,87.403800446730500,86.622902294591100
"....Zamboanga del Norte","13.9 - OTHER SERVICES",0.000000000000000,0.000000000000000,0.000000000000000,0.000000000000000,0.000000000000000,0.000000000000000,0.000000000000000,0.000000000000000,0.000000000000000,0.000000000000000,0.000000000000000,0.000000000000000,0.000000000000000
"....Zamboanga del Norte","13.9.0 - Other services (S)",0.000000000000000,0.000000000000000,0.000000000000000,0.000000000000000,0.000000000000000,0.000000000000000,0.000000000000000,0.000000000000000,0.000000000000000,0.000000000000000,0.000000000000000,0.000000000000000,0.000000000000000
"....Zamboanga del Norte","13.9.0.9 - Other services n.e.c. (S)",0.000000000000000,0.000000000000000,0.000000000000000,0.000000000000000,0.000000000000000,0.000000000000000,0.000000000000000,0.000000000000000,0.000000000000000,0.000000000000000,0.000000000000000,0.000000000000000,0.000000000000000
