"Geolocation","Commodity Description","2008 Jan","2008 Feb","2008 Mar","2008 Apr","2008 May","2008 Jun","2008 Jul","2008 Aug","2008 Sep","2008 Oct","2008 Nov","2008 Dec","2008 Ave"
"....Cotabato","0 - ALL ITEMS",59.275703757400000,59.707192046807800,60.624104661799500,62.350057819430800,63.590586651478300,67.042492966740900,66.233452424101200,65.748028098517400,65.478347917637500,64.723243411173800,65.046859628229700,65.370475845285600,63.765878769050200
"....Cotabato","01 - FOOD AND NON-ALCOHOLIC BEVERAGES",60.351025307856200,60.515918819626300,60.790741339243100,63.319108519718000,64.473363102108700,69.969813494445300,67.716268833587300,66.397120739426500,65.847475700192800,64.308469590338600,63.758824551104900,64.638256613878800,64.340532217627200
"....Cotabato","01.1 - FOOD",60.013614703880200,60.176991150442500,60.394826412525500,63.008849557522100,64.206943498978900,70.034036759700500,67.637848876786900,66.221919673247100,65.622872702518700,63.989108236895900,63.335602450646700,64.261402314499700,64.075334694803700
"....Cotabato","01.1.1 - Cereals and cereal products (ND)",58.378571757672000,58.107547747655000,59.083234183716300,65.533605622122100,66.726111266197100,78.813782112957400,72.797049090578900,67.213954484227800,64.666328790067500,61.576655075873200,62.552341511934600,62.389727105924300,64.819909062410500
"....Cotabato","01.1.1.1 - Cereals (ND)",58.203236401199400,57.814881657391400,58.753737774373400,66.198629072796300,67.451369177563900,81.414891373687900,74.311609864134100,67.679763737319800,64.699346133290100,61.027998762631600,62.018001540326000,61.808210262002700,65.115139646393000
"....Cotabato","01.1.1.12 - Rice",58.415219918186300,57.983314410473300,58.955101802827600,66.783389130126100,67.971129276336900,81.900081900081900,74.341735515104000,67.539223768623900,64.461897026168600,60.682723833679700,61.708499414498100,61.492546660641600,65.186238554729000
"....Cotabato","01.1.1.16 - Corn",54.387595672725100,54.783141823072200,55.129244704625900,55.673120661353200,58.095840832229100,72.681605126278100,73.769357039732600,70.209441686608800,68.973359966774100,67.242845559005600,67.588948440559300,67.490061902972500,63.835380284661400
"....Cotabato","01.1.1.20 - Flour, Bread and Other Bakery Products, Pasta Products,  and Other Cereals",58.689796624410000,58.914446563642200,60.150021229419300,60.936296016731900,61.778733288852600,63.014307954629700,63.182795409053800,63.519770317902100,63.632095287518200,63.744420257134300,64.643020014063100,64.811507468487200,62.251434202653700
"....Cotabato","01.1.2 - Meat and other parts of slaughtered land animals (ND)",62.508798155236300,62.620520761411900,63.067411186114200,63.849469429343300,65.134279400362400,65.748753734328100,66.698395886820500,66.754257189908300,68.094928464015300,67.648038039313000,68.206651070190800,68.430096282542000,65.730133299965500
"....Cotabato","01.1.2.2 - Meat, fresh, chilled or frozen (ND)",61.071763880153500,61.286238906949500,61.286238906949500,62.197757770832400,63.699082958404200,63.913557985200200,65.039551875879000,64.878695605782000,66.648114576848800,65.897451983062900,66.433639550052800,66.701733333547800,64.087818944471900
"....Cotabato","01.1.2.3 - Meat, dried, salted, in brine or smoked (ND)",..,..,..,..,..,..,..,..,..,..,..,..,..
"....Cotabato","01.1.2.4 - Offal, blood and other parts of slaughtered animals, fresh, chilled or frozen, dried, salted, in brine or smoked (ND)",67.372732907537700,67.372732907537700,73.503651602123600,73.503651602123600,73.503651602123600,73.503651602123600,73.503651602123600,73.503651602123600,73.503651602123600,73.503651602123600,73.503651602123600,73.503651602123600,72.481831819692600
"....Cotabato","01.1.2.5 - Meat, offal, blood and other parts of slaughtered animals' preparations (ND)",64.394338195146700,64.455549543240900,64.455549543240900,65.251297068466100,67.148848859387800,71.127586485513700,71.739699966456200,74.065731194037500,74.065731194037500,74.065731194037500,74.310576586414500,74.494210630697300,69.964570871723100
"....Cotabato","01.1.3 - Fish and other seafood (ND)",51.359283286994100,52.566033364226100,53.821053444547400,52.421223354958300,53.869323447636700,55.269153537225800,55.220883534136500,58.117083719493400,59.613453815261000,58.406703738029000,53.338353413654600,58.648053753475400,55.220883534136500
"....Cotabato","01.1.3.1 - Fish, live, fresh, chilled or frozen (ND)",54.643123118888400,57.923669040900600,58.560192876514900,60.861471359120400,60.518727755328100,62.281409146260000,62.771042865963300,63.211713213696200,69.038354478165500,63.015859725814900,62.868969609903900,63.260676585666500,61.579600814685200
"....Cotabato","01.1.3.2 - Fish, dried, salted, in brine or smoked (ND)",48.527069471114500,49.760448099214700,49.505266314090500,51.716841785166700,52.950220413266900,54.608902016574100,56.607826000046800,57.075659272774400,57.330841057898600,57.756144033105600,59.499886231454100,60.180370991785300,54.626622973874400
"....Cotabato","01.1.3.3 - Fish preparations (ND)",68.267381925705700,68.671330931183200,68.671330931183200,68.671330931183200,69.007955102414500,69.007955102414500,69.007955102414500,71.027700129802300,72.239547146234900,72.508846483219900,72.980120322943700,72.980120322943700,70.253464535970300
"....Cotabato","01.1.3.4 - Other seafood, live, fresh, chilled or frozen (ND)",50.031796587085600,50.758298957662800,52.986239560766400,48.869392794162000,51.145766888637400,52.647205121163700,51.726968785099200,56.521884430908900,57.054652835998900,56.618751413652500,46.641452191058500,56.037549517190800,52.586663256948900
"....Cotabato","01.1.3.6 - Other seafood preparations (ND)",61.285580176063200,61.462706130329300,61.757916054106100,62.053125977882900,62.466419871170400,62.584503840681100,62.702587810191800,64.178637429075800,65.241393154672300,65.477561093693700,66.186064910758000,66.717442773556300,63.509494935181700
"....Cotabato","01.1.4 - Milk, other dairy products and eggs (ND)",74.338305086644000,74.828293914898800,75.528277955262600,75.878269975444600,76.508255611772000,77.068242844063200,76.998244440026800,77.348236460208700,77.138241248099500,77.348236460208700,76.788249227917600,76.858247631954000,76.385758404708400
"....Cotabato","01.1.4.1 - Raw and whole milk (ND)",..,..,..,..,..,..,..,..,..,..,..,..,..
"....Cotabato","01.1.4.3 - Other milk and cream (ND)",..,..,..,..,..,..,..,..,..,..,..,..,..
"....Cotabato","01.1.4.4 - Non-animal milk (ND)",..,..,..,..,..,..,..,..,..,..,..,..,..
"....Cotabato","01.1.4.5 - Cheese (ND)",76.545000402868400,76.545000402868400,76.545000402868400,76.545000402868400,76.545000402868400,76.545000402868400,76.545000402868400,76.545000402868400,76.545000402868400,76.545000402868400,76.545000402868400,76.545000402868400,76.545000402868400
"....Cotabato","01.1.4.6 - Yoghurt and similar products (ND)",..,..,..,..,..,..,..,..,..,..,..,..,..
"....Cotabato","01.1.4.7 - Milk-based dessert and beverages (ND)",..,..,..,..,..,..,..,..,..,..,..,..,..
"....Cotabato","01.1.4.8 - Eggs (ND)",75.601939354096500,76.218259511874400,76.697619634590600,77.040019722245000,78.272660037801000,79.436820335826000,79.368340318295100,79.368340318295100,78.820500178048000,79.231380283233300,78.067219985208300,78.752020160517200,78.072926653335900
"....Cotabato","01.1.5 - Oils and fats (ND)",55.287511303886400,56.912021920063300,59.240487136583400,63.789116861878700,66.550784909379400,71.316016050164900,72.290722419871000,74.673337990263800,74.944089759626600,74.294285513155800,73.806932328302800,72.723925250851500,67.985769287002300
"....Cotabato","01.1.5.1 - Vegetable oils (ND)",56.529550670354100,58.190556076926700,60.626697339899800,65.332879325188900,68.267322210133800,73.250338429851600,74.246941673795100,76.738449783654000,77.015284018082800,76.295515008568000,75.686479692824700,74.468409061338200,69.720701940884800
"....Cotabato","01.1.5.2 - Butter and other fats and oils derived from milk (ND)",..,..,..,..,..,..,..,..,..,..,..,..,..
"....Cotabato","01.1.5.3 - Margarine and similar preparations (ND)",..,..,..,..,..,..,..,..,..,..,..,..,..
"....Cotabato","01.1.5.9 - Other animal oils and fats (ND)",60.048226783508800,61.812621302123100,64.400399929424200,69.399517732164900,72.516614715050300,77.809798270893400,78.868434982062000,81.515026759983500,81.809092513085900,81.044521555019700,80.397576898194400,79.103687584543900,74.060459918837900
"....Cotabato","01.1.6 - Fruits and nuts (ND)",66.179304028281200,67.631339390927000,63.833708442468700,65.564981374854100,65.955913972489500,65.676676402749900,66.402694084072800,67.184559279343700,67.072864251447900,67.463796849083300,68.189814530406200,67.017016737499900,66.514389111968700
"....Cotabato","01.1.6.1 - Dates, figs and tropical fruits, fresh (ND)",68.810811554711500,70.473739500617000,66.115721435485300,68.065361096202100,68.524099839900200,68.180045782126600,68.982838583598300,69.785631385069900,69.670946699145400,70.129685442843400,70.875135901352800,69.498919670258600,69.092744740942600
"....Cotabato","01.1.6.2 - Citrus fruits, fresh (ND)",0.000000000000000,0.000000000000000,0.000000000000000,0.000000000000000,0.000000000000000,0.000000000000000,0.000000000000000,0.000000000000000,0.000000000000000,0.000000000000000,0.000000000000000,0.000000000000000,0.000000000000000
"....Cotabato","01.1.6.3 - Stone fruits and pome fruits, fresh (ND)",0.000000000000000,0.000000000000000,0.000000000000000,0.000000000000000,0.000000000000000,0.000000000000000,0.000000000000000,0.000000000000000,0.000000000000000,0.000000000000000,0.000000000000000,0.000000000000000,0.000000000000000
"....Cotabato","01.1.6.5 - Other fruits, fresh (ND)",0.000000000000000,0.000000000000000,0.000000000000000,0.000000000000000,0.000000000000000,0.000000000000000,0.000000000000000,0.000000000000000,0.000000000000000,0.000000000000000,0.000000000000000,0.000000000000000,0.000000000000000
"....Cotabato","01.1.6.7 - Fruit, dried and dehydrated (ND)",70.134096392302100,71.829003721782700,67.387177616936900,69.374310348052200,69.841870990667500,69.491200508706000,70.309431633282800,71.127662757859700,71.010772597205900,71.478333239821200,72.238119284071100,70.835437356225100,70.421451370576100
"....Cotabato","01.1.6.8 - Nuts, in shell or shelled (ND)",45.608432451859200,45.608432451859200,45.608432451859200,45.608432451859200,45.608432451859200,45.608432451859200,45.608432451859200,45.608432451859200,45.608432451859200,45.608432451859200,45.608432451859200,45.608432451859200,45.608432451859200
"....Cotabato","01.1.6.9 - Fruit and nuts ground and other preparations (ND)",..,..,..,..,..,..,..,..,..,..,..,..,..
"....Cotabato","01.1.7 - Vegetables, tubers, plantains, cooking bananas and pulses (ND)",59.929653107817500,58.990316852209100,55.843540395920800,55.279938642555800,56.829843464309700,59.600885418354500,58.520648724404800,59.459984980013300,59.553918605574100,58.943350039428600,58.708515975526500,59.600885418354500,58.438456802039100
"....Cotabato","01.1.7.1 - Leafy or stem vegetables, fresh or chilled (ND)",62.872270019854400,61.734778292521500,61.476257445400400,61.424553275976200,61.941594970218400,63.234199205824000,61.217736598279300,61.734778292521500,62.045003309066900,60.700694904037100,60.442174056916000,59.046161482461900,61.489183487756500
"....Cotabato","01.1.7.2 - Fruit-bearing vegetables, fresh or chilled (ND)",50.489658536933300,49.261103266411400,49.855565494083300,48.904425929808300,51.242644025317800,53.224184784224100,50.410396906577100,51.203013210139600,52.114521959236500,51.004859134249000,50.053719569974000,52.391937665483400,50.846335873536500
"....Cotabato","01.1.7.3 - Green leguminous vegetables, fresh or chilled (ND)",0.000000000000000,0.000000000000000,0.000000000000000,0.000000000000000,0.000000000000000,0.000000000000000,0.000000000000000,0.000000000000000,0.000000000000000,0.000000000000000,0.000000000000000,0.000000000000000,0.000000000000000
"....Cotabato","01.1.7.4 - Other vegetables, fresh or chilled (ND)",90.697216264538500,87.909391994112100,62.633118608912900,60.093100940302200,60.526762493479600,73.288802486987100,77.997127921485000,79.793725784648600,76.448336660137000,78.430789474662400,81.032758793727000,79.731774134194700,75.715242129765600
"....Cotabato","01.1.7.5 - Tubers, plantains and cooking bananas (ND)",0.000000000000000,0.000000000000000,0.000000000000000,0.000000000000000,0.000000000000000,0.000000000000000,0.000000000000000,0.000000000000000,0.000000000000000,0.000000000000000,0.000000000000000,0.000000000000000,0.000000000000000
"....Cotabato","01.1.7.9 - Vegetables, tubers, plantains, cooking bananas and pulses ground and other preparations (ND)",55.953428790844800,55.953428790844800,59.427137359521900,59.908112392107900,59.961554062395300,59.961554062395300,60.121879073257300,60.602854105843400,61.137270808716800,61.137270808716800,63.007729268773600,66.481437837450700,60.304471446739000
"....Cotabato","01.1.8 - Sugar, confectionery and desserts (ND)",71.642493905363000,71.929638169512800,72.001424235550200,72.432140631774800,71.714279971400400,72.360354565737400,72.575712763849700,72.719284895924600,72.575712763849700,72.791070961962000,72.144996367625100,69.632484056314700,72.043299440738700
"....Cotabato","01.1.8.1 - Cane and beet sugar (ND)",68.714010402154700,69.076808767530400,69.221928113680700,69.729845825206600,68.859129748305000,69.657286152131500,69.947524844432100,70.092644190582300,69.947524844432100,70.165203863657500,69.367047459830900,66.246981517600100,69.252161310795300
"....Cotabato","01.1.8.3 - Jams, fruit jellies, marmalades, fruit purée and pastes, honey (ND)",..,..,..,..,..,..,..,..,..,..,..,..,..
"....Cotabato","01.1.8.4 - Nut purée, nut butter and nut pastes (ND)",0.000000000000000,0.000000000000000,0.000000000000000,0.000000000000000,0.000000000000000,0.000000000000000,0.000000000000000,0.000000000000000,0.000000000000000,0.000000000000000,0.000000000000000,0.000000000000000,0.000000000000000
"....Cotabato","01.1.8.5 - Chocolate, cocoa, and cocoa-based food products (ND)",82.371518973752400,82.371518973752400,82.371518973752400,82.371518973752400,82.371518973752400,82.371518973752400,82.371518973752400,82.371518973752400,82.371518973752400,82.371518973752400,82.371518973752400,82.371518973752400,82.371518973752400
"....Cotabato","01.1.8.6 - Ice, ice cream and sorbet (ND)",84.346897845636300,83.780811282913900,83.780811282913900,83.780811282913900,83.780811282913900,83.780811282913900,83.780811282913900,83.780811282913900,83.780811282913900,83.780811282913900,83.780811282913900,83.780811282913900,83.827985163140700
"....Cotabato","01.1.8.9 - Other sugar confectionery and desserts n.e.c. (ND)",72.790238869183200,72.790238869183200,72.790238869183200,72.790238869183200,72.790238869183200,72.790238869183200,72.790238869183200,72.790238869183200,72.790238869183200,72.790238869183200,72.790238869183200,72.790238869183200,72.790238869183200
"....Cotabato","01.1.9 - Ready-made food and other food products n.e.c. (ND)",70.714946238508800,71.017146863459700,70.533625863538300,71.138027113440100,72.225949363263300,76.154557487624900,78.209521737291000,81.291968111790100,80.022725486996300,78.753482862202600,77.363359987428500,75.489716112732900,75.242918935689700
"....Cotabato","01.1.9.2 - Baby food (ND)",0.000000000000000,0.000000000000000,0.000000000000000,0.000000000000000,0.000000000000000,0.000000000000000,0.000000000000000,0.000000000000000,0.000000000000000,0.000000000000000,0.000000000000000,0.000000000000000,0.000000000000000
"....Cotabato","01.1.9.3 - Salt, condiments and sauces (ND)",67.032173181443900,67.685926332468500,67.962714510437700,68.413487301172800,68.866896989648600,69.167412183472000,69.575999674168300,70.198120179928500,70.448549508114700,70.698978836300800,71.300009223947600,71.563617977025300,69.409490491510700
"....Cotabato","01.1.9.4 - Spices, culinary herbs and seeds (ND)",79.023875258890000,79.085903418433900,77.287086791661700,78.341565503907500,80.884720045206100,91.739647965383300,97.632323122051000,104.641505150508000,100.423590301525000,96.329731771629700,91.429507167664000,85.660888330084100,88.540028735578700
"....Cotabato","01.1.9.9 - Other food products n.e.c. (ND)",42.951191900858400,43.274235074794600,43.884427736674100,45.679112036319500,47.509690021957900,52.391231316993500,54.329490360610600,55.963150262356700,56.752811354200700,57.506578760051800,58.296239851895800,57.578366132037600,51.343043734062600
"....Cotabato","01.2 - NON-ALCOHOLIC BEVERAGES",65.161711530735200,65.475592607472900,67.170550421856200,67.484431498593800,68.049417436721600,68.174969867416600,68.363298513459200,68.614403374849300,68.677179590196900,69.116613097629600,70.121032543190100,70.434913619927700,68.070342841837400
"....Cotabato","01.2.1 - Fruit and vegetable juices (ND)",41.977906365071000,42.661756970015800,43.398211467648600,44.555497106785900,45.239347711730700,45.239347711730700,45.239347711730700,46.396633350868000,46.501841136244100,47.080483955812700,49.132035770647000,49.395055234087300,45.568122041031000
"....Cotabato","01.2.1.0 - Fruit and vegetable juices (ND)",41.947444755152800,42.681933087441500,43.375616512380800,44.558958825512500,45.252642250451800,45.252642250451800,45.252642250451800,46.395179656234200,46.517594378282300,47.088863081173500,49.129108448642000,49.414742800087600,45.572280691355200
"....Cotabato","01.2.2 - Coffee and coffee substitutes (ND)",77.591036414565800,77.964519140989800,78.618113912231600,78.618113912231600,79.271708683473400,79.271708683473400,79.271708683473400,79.458450046685300,79.458450046685300,80.765639589169000,83.099906629318400,83.846872082166200,79.769685652038600
"....Cotabato","01.2.2.0 - Coffee and coffee substitutes (ND)",77.596069267073900,77.971655275143000,78.572592888053600,78.572592888053600,79.248647702578000,79.248647702578000,79.248647702578000,79.473999307419400,79.473999307419400,80.750991734854300,83.079624984882700,83.830797001020900,79.755688813471200
"....Cotabato","01.2.3 - Tea, maté and other plant products for infusion (ND)",..,..,..,..,..,..,..,..,..,..,..,..,..
"....Cotabato","01.2.3.0 - Tea, maté and other plant products for infusion (ND)",..,..,..,..,..,..,..,..,..,..,..,..,..
"....Cotabato","01.2.4 - Cocoa drinks (ND)",58.849557522123900,59.734513274336300,59.882005899705000,60.766961651917400,61.651917404129800,62.241887905604700,63.274336283185900,63.421828908554600,63.495575221238900,63.716814159292000,63.790560471976400,64.011799410029500,62.069813176007900
"....Cotabato","01.2.4.0 - Cocoa drinks (ND)",58.852558502444100,59.741737856588700,59.908458985490800,60.797638339635400,61.631243984145900,62.242554790120300,63.242881563533000,63.409602692435100,63.520750111703200,63.687471240605300,63.798618659873400,64.020913498409500,62.071202518748700
"....Cotabato","01.2.5 - Water (ND)",87.901008249312600,87.901008249312600,87.901008249312600,88.359303391384100,90.192483959670000,90.192483959670000,90.192483959670000,91.017415215398700,91.017415215398700,91.017415215398700,91.750687442713100,92.025664527956000,89.955698136266400
"....Cotabato","01.2.5.0 - Water (ND)",87.883415499774700,87.883415499774700,87.883415499774700,88.365408637799000,90.213049000225700,90.213049000225700,90.213049000225700,91.016370896933000,91.016370896933000,91.016370896933000,91.739360603969600,91.980357172981700,89.951969383795900
"....Cotabato","01.2.6 - Soft drinks (ND)",65.969520020203200,65.969520020203200,70.672425256018400,70.672425256018400,70.672425256018400,70.672425256018400,70.672425256018400,70.672425256018400,70.672425256018400,70.672425256018400,70.672425256018400,70.672425256018400,69.888607716715900
"....Cotabato","01.2.6.0 - Soft drinks (ND)",65.969520020203200,65.969520020203200,70.672425256018400,70.672425256018400,70.672425256018400,70.672425256018400,70.672425256018400,70.672425256018400,70.672425256018400,70.672425256018400,70.672425256018400,70.672425256018400,69.888607716715900
"....Cotabato","01.2.9 - Other non-alcoholic beverages (ND)",..,..,..,..,..,..,..,..,..,..,..,..,..
"....Cotabato","01.2.9.0 - Other non-alcoholic beverages (ND)",..,..,..,..,..,..,..,..,..,..,..,..,..
"....Cotabato","02 - ALCOHOLIC BEVERAGES AND TOBACCO",40.004789896674000,40.462423336864700,40.614967816928300,41.492098577293900,41.873459777452900,42.254820977611800,42.521773817723100,42.903135017882000,43.055679497945600,43.170087857993300,43.360768458072800,43.398904578088600,42.092742467544300
"....Cotabato","02.1 - ALCOHOLIC BEVERAGES",59.984892693692000,61.238138315022700,61.750829705567000,64.371252368349400,65.396635149438200,66.592915060708400,67.390435001555200,68.472783492704400,68.928509173188300,69.270303433551200,69.782994824095600,69.953891954277000,66.094465097679100
"....Cotabato","02.1.1 - Spirits and liquors (ND)",57.922272047832600,60.666573243647200,60.900130792227200,61.133688340807200,61.484024663677100,61.659192825112100,61.659192825112100,61.834360986547100,61.951139760837100,62.126307922272000,62.710201793722000,62.768591180867000,61.401306365221700
"....Cotabato","02.1.1.0 - Spirits and liquors (ND)",57.922272047832600,60.666573243647200,60.900130792227200,61.133688340807200,61.484024663677100,61.659192825112100,61.659192825112100,61.834360986547100,61.951139760837100,62.126307922272000,62.710201793722000,62.768591180867000,61.401306365221700
"....Cotabato","02.1.2 - Wine (ND)",71.146673165316200,71.146673165316200,71.146673165316200,71.146673165316200,71.146673165316200,71.146673165316200,71.146673165316200,77.036074274148200,77.036074274148200,77.645322664717100,77.645322664717100,77.916099727192100,73.775467146844700
"....Cotabato","02.1.2.1 - Wine from grapes (ND)",0.000000000000000,0.000000000000000,0.000000000000000,0.000000000000000,0.000000000000000,0.000000000000000,0.000000000000000,0.000000000000000,0.000000000000000,0.000000000000000,0.000000000000000,0.000000000000000,0.000000000000000
"....Cotabato","02.1.2.2 - Wine from other sources (ND)",71.146673165316200,71.146673165316200,71.146673165316200,71.146673165316200,71.146673165316200,71.146673165316200,71.146673165316200,77.036074274148200,77.036074274148200,77.645322664717100,77.645322664717100,77.916099727192100,73.775467146844700
"....Cotabato","02.1.3 - Beer (ND)",57.616868257600500,57.616868257600500,58.638443935926800,64.614661654135300,66.759970578620500,69.313909774436100,71.203824779339700,71.612455050670100,72.634030728996400,72.991582216410600,73.553448839490000,73.859921542987900,67.534665468017900
"....Cotabato","02.1.3.0 - Beer (ND)",57.616868257600500,57.616868257600500,58.638443935926800,64.614661654135300,66.759970578620500,69.313909774436100,71.203824779339700,71.612455050670100,72.634030728996400,72.991582216410600,73.553448839490000,73.859921542987900,67.534665468017900
"....Cotabato","02.3 - TOBACCO",32.683904770475300,32.715151333353300,32.715151333353300,32.746397896231400,32.808891021987600,32.808891021987600,32.808891021987600,32.871384147743700,32.871384147743700,32.871384147743700,32.902630710621800,32.902630710621800,32.808891021987600
"....Cotabato","02.3.0 - Tobacco (ND)",32.683904770475300,32.715151333353300,32.715151333353300,32.746397896231400,32.808891021987600,32.808891021987600,32.808891021987600,32.871384147743700,32.871384147743700,32.871384147743700,32.902630710621800,32.902630710621800,32.808891021987600
"....Cotabato","02.3.0.1 - Cigarettes (ND)",32.558610957344800,32.558610957344800,32.558610957344800,32.558610957344800,32.558610957344800,32.558610957344800,32.558610957344800,32.558610957344800,32.558610957344800,32.558610957344800,32.558610957344800,32.558610957344800,32.558610957344800
"....Cotabato","02.3.0.2 - Cigars (ND)",..,..,..,..,..,..,..,..,..,..,..,..,..
"....Cotabato","02.3.0.9 - Other tobacco products (ND)",..,..,..,..,..,..,..,..,..,..,..,..,..
"....Cotabato","02.4 - OTHER VEGETABLE-BASED TOBACCO PRODUCTS",..,..,..,..,..,..,..,..,..,..,..,..,..
"....Cotabato","02.4.0 - Other vegetable-based tobacco products (ND)",..,..,..,..,..,..,..,..,..,..,..,..,..
"....Cotabato","02.4.0.0 - Other vegetable-based tobacco products (ND)",..,..,..,..,..,..,..,..,..,..,..,..,..
"....Cotabato","02.900 - NON-FOOD",59.342259443065900,60.150003446374400,61.819341053212000,62.627085056520500,64.081024262475900,65.534963468431200,66.181158671078000,66.558105872622000,66.558105872622000,66.558105872622000,67.904345878136200,67.635097877033400,64.579133064516100
"....Cotabato","03 - CLOTHING AND FOOTWEAR",61.224378928383200,61.061403651732700,62.582506233804300,63.343057524840200,64.212259000309700,65.190110660212900,65.733361582381300,66.982838703368700,67.417439441103500,68.177990732139300,69.264492576476200,69.590443129777200,65.398356847044100
"....Cotabato","03.1 - CLOTHING",59.295694710953700,59.133536931434300,60.863219912975300,61.619956217399500,62.376692521823700,63.457744385286900,63.836112537499000,65.241479960001100,65.727953298559500,66.538742196156800,67.836004432312600,68.106267398178400,63.669450375215100
"....Cotabato","03.1.1 - Clothing materials (SD)",72.235178261269500,72.235178261269500,72.708629804180400,73.384989151196100,73.790804759405400,74.399528171719500,74.399528171719500,75.008251584033600,75.346431257541400,75.346431257541400,75.955154669855500,76.090426539258600,74.241710990749200
"....Cotabato","03.1.1.0 - Clothing materials (SD)",72.235178261269500,72.235178261269500,72.708629804180400,73.384989151196100,73.790804759405400,74.399528171719500,74.399528171719500,75.008251584033600,75.346431257541400,75.346431257541400,75.955154669855500,76.090426539258600,74.241710990749200
"....Cotabato","03.1.2 - Garments (SD)",63.622135413353000,63.448620498589300,64.836739816698900,65.646476085596100,66.224859134808400,67.150272013548000,67.497301843075400,68.364876416893900,68.885421161185000,69.348127600554800,70.331378784215700,70.504893698979400,67.155091872291500
"....Cotabato","03.1.2.1 - Garments for men or boys (SD)",62.387201536365400,62.387201536365400,63.455530409069400,64.064001851471600,64.557195910794000,65.460391173361800,66.191535079585800,66.979452959073800,67.547192691713500,68.152205261011900,69.308915299448600,69.378272663110200,65.822424697614300
"....Cotabato","03.1.2.2 - Garments for women or girls (SD)",64.815258699452600,64.532110943761200,66.037822439699600,66.939212852597400,67.525752837759900,68.397269122634800,68.489288105941400,69.248036128728600,69.632660179517900,69.936551102812900,70.759747236688200,70.935663852884700,68.104114458539900
"....Cotabato","03.1.2.3 - Garments for infants (0 to under 2 years) (SD)",63.379646992810200,63.379646992810200,63.437793457941200,64.542576295430600,66.403263179623100,65.996237923706000,66.752141970409300,67.391753086850500,69.078000575650000,69.601318761829200,70.531662203925500,70.938687459842600,66.786060741735700
"....Cotabato","03.1.2.4 - School uniforms (SD)",0.000000000000000,0.000000000000000,0.000000000000000,0.000000000000000,0.000000000000000,0.000000000000000,0.000000000000000,0.000000000000000,0.000000000000000,0.000000000000000,0.000000000000000,0.000000000000000,0.000000000000000
"....Cotabato","03.1.3 - Other articles of clothing and clothing accessories (SD)",57.229424422014300,57.124512553229700,58.645734650606800,59.275205863314500,59.799765207237700,60.953795763868600,61.373443239007100,62.422561926853400,62.947121270776500,63.524136549091900,64.573255236938200,64.940446777684400,61.067450288385300
"....Cotabato","03.1.3.1 - Other articles of clothing (SD)",55.358426785563000,55.206203797151700,56.728433681264300,57.388066631046500,57.895476592417400,58.961037511296200,59.316224484255800,60.331044406997600,60.787713372231400,61.295123333602300,62.259202260206900,62.665130229303600,59.016006923778100
"....Cotabato","03.1.3.2 - Clothing accessories (SD)",57.279468259742100,57.279468259742100,59.383736254768100,60.870027920575500,61.728454264859300,63.388677524900400,64.263732992988500,65.225529202020600,65.775640624599400,66.405302544277000,67.427323303758300,67.759457593112800,63.065568228778700
"....Cotabato","03.1.4 - Cleaning, repair, tailoring and hire of clothing (S)",37.286316804650900,37.388191987177300,40.308613886266500,40.987781769775700,42.889451843601200,44.111954033917600,44.689246734900400,48.696337247604200,48.730295641779700,51.311133599114400,54.027805133150900,54.299472286554500,45.393883414041100
"....Cotabato","03.1.4.1 - Cleaning of clothing (S)",33.959011814504900,33.959011814504900,36.941688058047800,37.563078942119300,39.334042961722900,40.514685641458700,41.136076525530200,45.299395448808900,45.299395448808900,47.971376250316100,50.674426596026900,50.954052493859100,41.967186832975700
"....Cotabato","03.1.4.2 - Repair, tailoring and hire of clothing (S)",38.862835707827200,38.894512553320200,42.207253711289300,42.909978295982500,44.932729943442900,46.259610337683200,46.941217025381000,51.526535413888100,51.540111204813700,54.488668490117600,57.505924376666600,57.816493860226200,47.823822576719900
"....Cotabato","03.2 - FOOTWEAR",66.680774334625100,66.515450100737600,67.452287426100100,68.334016673500100,69.491286310712600,70.097475168300100,71.089420571625100,71.860933663100100,72.246690208837600,72.852879066425100,73.403959846050100,73.734608313825100,70.313315140319900
"....Cotabato","03.2.1 - Shoes and other footwear (SD)",62.661748823181800,62.378723760746500,63.680639047949000,64.925949322664400,66.510889672302300,67.359964859608200,68.718485159297800,69.737375384065000,70.303425508935700,71.095895683754600,71.888365858573500,72.341205958470000,67.633555753295700
"....Cotabato","03.2.1.1 - Footwear for men (SD)",68.046409532768900,66.729382251489500,69.677014738162400,71.244904358733100,74.004390090937600,74.819692693634400,75.760426465976800,76.952022577610500,77.641894010661700,78.269049858889900,79.272499216055200,79.836939479460600,74.354552106198400
"....Cotabato","03.2.1.2 - Footwear for women (SD)",59.364370748299300,59.470663265306100,59.895833333333300,61.118197278911600,62.446853741496600,63.031462585034000,64.360119047619100,65.157312925170100,65.688775510204100,66.379676870748300,66.804846938775500,67.230017006802700,63.412344104308400
"....Cotabato","03.2.1.3 - Footwear for infants and children (SD)",60.132065651578800,60.239157487111500,61.310075842437900,61.952626855633800,62.488086033297000,63.880279895221300,65.915024770341500,67.093034961200600,67.628494138863800,68.860050247489200,70.091606356114600,70.519973698245200,65.009206328127900
"....Cotabato","03.2.2 - Cleaning, repair, and hire of footwear (S)",53.378149839337000,53.378149839337000,53.378149839337000,53.378149839337000,53.378149839337000,53.378149839337000,53.378149839337000,53.378149839337000,53.378149839337000,53.378149839337000,53.378149839337000,53.378149839337000,53.378149839337000
"....Cotabato","03.2.2.0 - Cleaning, repair, and hire of footwear (S)",53.378149839337000,53.378149839337000,53.378149839337000,53.378149839337000,53.378149839337000,53.378149839337000,53.378149839337000,53.378149839337000,53.378149839337000,53.378149839337000,53.378149839337000,53.378149839337000,53.378149839337000
"....Cotabato","04 - HOUSING, WATER, ELECTRICITY, GAS, AND OTHER FUELS",48.750956183527000,50.479399175488400,53.714689904031500,54.866985232005800,56.418152019663500,57.924999756245200,58.722742675612000,58.589785522384200,58.368190267004600,58.412509318080500,61.160290484788400,60.717099974029000,56.510483376071700
"....Cotabato","04.1 - ACTUAL RENTALS FOR HOUSING",48.717709664387100,51.505496052311700,57.857992903484100,57.857992903484100,59.868855216085500,62.245328858250700,62.245328858250700,62.245328858250700,62.245328858250700,62.245328858250700,62.245328858250700,62.245328858250700,59.293779062292300
"....Cotabato","04.1.1 - Actual rentals paid by tenants for main residence (S)",48.717709664387100,51.505496052311700,57.857992903484100,57.857992903484100,59.868855216085500,62.245328858250700,62.245328858250700,62.245328858250700,62.245328858250700,62.245328858250700,62.245328858250700,62.245328858250700,59.293779062292300
"....Cotabato","04.1.1.0 - Actual rentals paid by tenants for main residence (S)",48.717709664387100,51.505496052311700,57.857992903484100,57.857992903484100,59.868855216085500,62.245328858250700,62.245328858250700,62.245328858250700,62.245328858250700,62.245328858250700,62.245328858250700,62.245328858250700,59.293779062292300
"....Cotabato","04.3 - MAINTENANCE, REPAIR AND SECURITY OF THE DWELLING",67.991236685049500,68.291021679251600,69.430204657219800,70.449473637507200,71.228914622432800,73.027624587645700,73.867022571411800,75.066162548220400,76.025474529667300,77.104700508795100,78.243883486763300,78.723539477486700,73.287438249287600
"....Cotabato","04.3.1 - Security equipment and materials for the maintenance and repair of the dwelling (ND)",71.132450142359900,71.449157400340100,72.209254819492700,73.159376593433400,74.046156915778000,75.819717560467300,76.896522237600100,78.226692721117100,78.923448688673600,80.063594817402400,81.203740946131300,81.773814010495700,76.241993904441000
"....Cotabato","04.3.1.1 - Materials for the maintenance and repair of the dwelling (ND)",71.132450142359900,71.449157400340100,72.209254819492700,73.159376593433400,74.046156915778000,75.819717560467300,76.896522237600100,78.226692721117100,78.923448688673600,80.063594817402400,81.203740946131300,81.773814010495700,76.241993904441000
"....Cotabato","04.3.2 - Services for the maintenance, repair and security of the dwelling (S)",54.243450469865600,54.472519095160600,56.854832798229000,58.091803374822200,58.641568075530300,60.245048452595600,60.428303352831700,61.069695503657800,62.948058231077100,63.589450381903200,64.780607233437400,64.780607233437400,60.012162016879000
"....Cotabato","04.3.2.0 - Services for the maintenance, repair and security of the dwelling (S)",54.243450469865600,54.472519095160600,56.854832798229000,58.091803374822200,58.641568075530300,60.245048452595600,60.428303352831700,61.069695503657800,62.948058231077100,63.589450381903200,64.780607233437400,64.780607233437400,60.012162016879000
"....Cotabato","04.4 - WATER SUPPLY AND MISCELLANEOUS SERVICES RELATING TO THE DWELLING",84.120062991129000,84.120062991129000,84.120062991129000,85.069678001376900,85.069678001376900,85.148812585564300,85.227947169751600,85.227947169751600,85.227947169751600,86.652369685123500,86.652369685123500,86.652369685123500,85.274109010527500
"....Cotabato","04.4.1 - Water supply (ND)",84.120062991129000,84.120062991129000,84.120062991129000,85.069678001376900,85.069678001376900,85.148812585564300,85.227947169751600,85.227947169751600,85.227947169751600,86.652369685123500,86.652369685123500,86.652369685123500,85.274109010527500
"....Cotabato","04.4.1.1 - Water supply through network systems (ND)",84.120062991129000,84.120062991129000,84.120062991129000,85.069678001376900,85.069678001376900,85.148812585564300,85.227947169751600,85.227947169751600,85.227947169751600,86.652369685123500,86.652369685123500,86.652369685123500,85.274109010527500
"....Cotabato","04.5 - ELECTRICITY, GAS AND OTHER FUELS",46.330074419962100,47.140749387940400,47.221816884738200,49.694375537072200,50.869854240640800,51.518394215023400,53.220811647778000,52.937075408985500,52.369602931400700,52.288535434602900,58.368597694440400,57.314720236068600,51.606217336554400
"....Cotabato","04.5.1 - Electricity (ND)",56.037882803188100,57.530899218903600,57.132761508046100,59.471820559333700,61.064371402763600,60.815535333477700,60.616466478048900,59.222984490047800,59.073682848476300,59.571354987048100,59.571354987048100,59.521587773190900,59.135891865797800
"....Cotabato","04.5.1.0 - Electricity (ND)",56.037882803188100,57.530899218903600,57.132761508046100,59.471820559333700,61.064371402763600,60.815535333477700,60.616466478048900,59.222984490047800,59.073682848476300,59.571354987048100,59.571354987048100,59.521587773190900,59.135891865797800
"....Cotabato","04.5.2 - Gas (ND)",79.588537020517400,79.518844781445100,79.449152542372900,81.261150758251500,83.909455842997300,90.112065120428200,100.078055307761000,102.586975914362000,96.314674397859000,90.808987511150800,83.909455842997300,71.713314005352400,86.604222420457900
"....Cotabato","04.5.2.2 - Liquefied hydrocarbons (ND)",..,..,..,..,..,..,..,..,..,..,..,..,..
"....Cotabato","04.5.3 - Liquid fuels (ND)",..,..,..,..,..,..,..,..,..,..,..,..,..
"....Cotabato","04.5.3.0 - Liquid fuels (ND)",..,..,..,..,..,..,..,..,..,..,..,..,..
"....Cotabato","04.5.4 - Solid fuels (ND)",36.676069574157100,37.212177211956500,37.685213362955900,40.460358782152700,41.154145136951800,41.595645544551300,43.424718661749200,43.519325891949100,43.519325891949100,43.960826299548600,57.016624067133300,57.016624067133300,43.603421207682300
"....Cotabato","04.5.4.2 - Wood fuel, including pellets and briquettes (ND)",35.543421451779700,36.030734856431400,36.487591173292300,39.289643250039300,40.020613357016800,40.233812971551900,42.122152414577000,42.122152414577000,42.122152414577000,42.548551643647200,56.132412798311900,56.132412798311900,42.398804295342800
"....Cotabato","04.5.4.3 - Charcoal (ND)",56.545094713033600,57.554828547195000,58.564562381356300,60.584030049678900,60.584030049678900,65.632699220485500,65.632699220485500,67.652166888808100,68.056060422472600,68.459953956137200,70.075528090795300,70.075528090795300,64.118098469243500
"....Cotabato","05 - FURNISHINGS, HOUSEHOLD EQUIPMENT AND ROUTINE HOUSEHOLD MAINTENANCE",64.258008990306100,64.316161034641200,64.723225344987000,64.955833522327500,65.246593744003100,65.595506010013800,65.711810098684000,65.769962143019100,66.293330542035200,66.700394852381000,67.979739827753600,68.096043916423900,65.803884168881300
"....Cotabato","05.1 - FURNITURE, FURNISHINGS, AND LOOSE CARPETS",65.567136764701200,65.567136764701200,65.820047610466700,66.199413879114900,66.452324724880400,67.274284973618300,67.337512685059600,67.337512685059600,67.337512685059600,68.222700645238800,68.602066913887000,68.728522336769800,67.037181055713100
"....Cotabato","05.1.1 - Furniture, furnishings and loose carpets (D)",66.697848456501400,66.697848456501400,66.884939195509800,67.352666043030900,67.539756782039300,68.381665107577200,68.475210477081400,68.475210477081400,68.475210477081400,69.410664172123500,69.784845650140300,69.878391019644500,68.171188026192700
"....Cotabato","05.1.1.1 - Household furniture (D)",66.671167131178900,66.671167131178900,66.928336531877800,67.314090632926000,67.571260033624900,68.407060585896200,68.471352936070900,68.471352936070900,68.471352936070900,69.371445838516900,69.757199939565200,69.885784639914600,68.165964272741000
"....Cotabato","05.1.1.3 - Lighting equipment (D)",..,..,..,..,..,..,..,..,..,..,..,..,..
"....Cotabato","05.1.1.4 - Furnishings, loose carpets and rugs (D)",..,..,..,..,..,..,..,..,..,..,..,..,..
"....Cotabato","05.2 - HOUSEHOLD TEXTILES",64.394470132175100,64.569613749941600,64.978282191396900,65.445331838774500,65.737237868385400,66.145906309840700,66.437812339451700,66.612955957218200,67.955723693428600,69.940684694783100,70.991546401382500,71.283452430993400,67.041084800647700
"....Cotabato","05.2.1 - Household textiles (SD)",64.394470132175100,64.569613749941600,64.978282191396900,65.445331838774500,65.737237868385400,66.145906309840700,66.437812339451700,66.612955957218200,67.955723693428600,69.940684694783100,70.991546401382500,71.283452430993400,67.041084800647700
"....Cotabato","05.2.1.1 - Furnishing fabrics and curtains (SD)",59.236017285081000,59.570999475194600,60.296794220440600,61.190080060743400,61.748383710932700,62.585839186216600,63.144142836405900,63.423294661500500,64.539901961879000,65.879830722333300,67.610572037920000,68.113045323090300,63.111575123478200
"....Cotabato","05.2.1.2 - Bed linen and bedding (SD)",61.706280431490300,62.055232064467700,62.811293935918500,63.741831623858100,64.323417678820300,65.195796761263600,65.777382816225800,66.068175843706900,67.231347953631300,68.627154485540600,70.430071255923500,70.953498705389500,65.743456963019700
"....Cotabato","05.2.1.3 - Table linen and bathroom linen (SD)",71.033841940532100,71.033841940532100,71.033841940532100,71.033841940532100,71.033841940532100,71.033841940532100,71.033841940532100,71.033841940532100,75.802034428795000,75.802034428795000,76.780125195618200,76.780125195618200,72.786254564423600
"....Cotabato","05.2.1.9 - Other household textiles (SD)",58.557804918855600,58.557804918855600,58.557804918855600,58.557804918855600,58.557804918855600,58.557804918855600,58.557804918855600,58.557804918855600,58.557804918855600,58.557804918855600,58.557804918855600,58.557804918855600,58.557804918855600
"....Cotabato","05.3 - HOUSEHOLD APPLIANCES",72.930891861597700,72.930891861597700,74.189526620474800,74.678995693371400,74.818843999913300,75.588009685893700,75.797782145706500,76.007554605519400,76.706796138228900,77.685734284022100,77.685734284022100,77.755658437293100,75.564701634803400
"....Cotabato","05.3.1 - Major household appliances, whether electric or not (D)",81.873260193220900,81.873260193220900,82.114063899671500,82.194331801821800,82.194331801821800,82.194331801821800,82.194331801821800,82.194331801821800,82.194331801821800,82.675939214723100,82.675939214723100,82.675939214723100,82.254532728434400
"....Cotabato","05.3.1.1 - Major kitchen appliances (D)",76.398872970178700,76.398872970178700,76.623575537738000,76.698476393591200,76.698476393591200,76.698476393591200,76.698476393591200,76.698476393591200,76.698476393591200,77.147881528709900,77.147881528709900,77.147881528709900,76.754652035481000
"....Cotabato","05.3.1.2 - Major laundry appliances (D)",80.963111777513400,80.963111777513400,81.201238576859000,81.280614176640900,81.280614176640900,81.280614176640900,81.280614176640900,81.280614176640900,81.280614176640900,81.756867775332100,81.756867775332100,81.756867775332100,81.340145876477300
"....Cotabato","05.3.1.3 - Heaters, air conditioners (D)",..,..,..,..,..,..,..,..,..,..,..,..,..
"....Cotabato","05.3.2 - Small household appliances (SD)",67.824737299002900,67.824737299002900,69.614645540635400,70.253898484075600,70.445674367107600,71.596329665299900,71.979881431364000,72.235582608740100,73.322312612588400,74.600818499468800,74.600818499468800,74.728669088156800,71.585675449575900
"....Cotabato","05.3.2.1 - Small appliances for cooking and processing of food (SD)",67.824737299002900,67.824737299002900,69.614645540635400,70.253898484075600,70.445674367107600,71.596329665299900,71.979881431364000,72.235582608740100,73.322312612588400,74.600818499468800,74.600818499468800,74.728669088156800,71.585675449575900
"....Cotabato","05.3.2.9 - Other small household appliances (SD)",0.000000000000000,0.000000000000000,0.000000000000000,0.000000000000000,0.000000000000000,0.000000000000000,0.000000000000000,0.000000000000000,0.000000000000000,0.000000000000000,0.000000000000000,0.000000000000000,0.000000000000000
"....Cotabato","05.3.3 - Repair, installation and hire of household appliances (S)",74.971735655657800,74.971735655657800,74.971735655657800,74.971735655657800,74.971735655657800,74.971735655657800,74.971735655657800,74.971735655657800,74.971735655657800,74.971735655657800,74.971735655657800,74.971735655657800,74.971735655657800
"....Cotabato","05.3.3.0 - Repair, installation and hire of household appliances (S)",74.971735655657800,74.971735655657800,74.971735655657800,74.971735655657800,74.971735655657800,74.971735655657800,74.971735655657800,74.971735655657800,74.971735655657800,74.971735655657800,74.971735655657800,74.971735655657800,74.971735655657800
"....Cotabato","05.4 - GLASSWARE, TABLEWARE AND HOUSEHOLD UTENSILS",61.774958569061100,62.232127550145700,62.917881021772700,63.717926738670800,64.117949597119800,64.746556946111200,65.032287559289100,65.432310417738200,66.232356134636300,67.203840219441100,68.689639407966200,69.261100634322000,65.113244566356200
"....Cotabato","05.4.0 - Glassware, tableware and household utensils (SD)",61.774958569061100,62.232127550145700,62.917881021772700,63.717926738670800,64.117949597119800,64.746556946111200,65.032287559289100,65.432310417738200,66.232356134636300,67.203840219441100,68.689639407966200,69.261100634322000,65.113244566356200
"....Cotabato","05.4.0.1 - Glassware, crystal-ware, ceramic ware and chinaware (SD)",58.408264989075900,59.176794791563700,60.384484481187500,61.482384199027300,62.250914001515100,62.854758846327000,63.184128761678900,63.787973606490800,64.721188366654600,65.544613155034400,66.477827915198200,67.685517604822000,62.996570893214600
"....Cotabato","05.4.0.2 - Cutlery, flatware and silverware (SD)",0.000000000000000,0.000000000000000,0.000000000000000,0.000000000000000,0.000000000000000,0.000000000000000,0.000000000000000,0.000000000000000,0.000000000000000,0.000000000000000,0.000000000000000,0.000000000000000,0.000000000000000
"....Cotabato","05.4.0.3 - Kitchen utensils and articles (SD)",62.548604855011100,62.973033256062000,63.633010459209100,64.333515198364400,64.687697114846500,65.331956130375600,65.620558482603200,65.952880544333800,66.698579739811400,67.754741142268100,69.280282722241700,69.788958368803800,65.716984834494200
"....Cotabato","05.5 - TOOLS AND EQUIPMENT FOR HOUSE AND GARDEN",69.404211313084200,69.404211313084200,69.404211313084200,69.470122245005400,69.470122245005400,69.470122245005400,69.470122245005400,69.470122245005400,69.470122245005400,71.315628338800700,71.315628338800700,71.315628338800700,69.915021035473900
"....Cotabato","05.5.1 - Motorized tools and equipment (D)",74.862272613845000,74.862272613845000,74.862272613845000,74.933366889831600,74.933366889831600,74.933366889831600,74.933366889831600,74.933366889831600,74.933366889831600,76.924006617455200,76.924006617455200,76.924006617455200,75.413253252740900
"....Cotabato","05.5.1.0 - Motorized tools and equipment (D)",74.862272613845000,74.862272613845000,74.862272613845000,74.933366889831600,74.933366889831600,74.933366889831600,74.933366889831600,74.933366889831600,74.933366889831600,76.924006617455200,76.924006617455200,76.924006617455200,75.413253252740900
"....Cotabato","05.5.2 - Non-motorized tools and miscellaneous accessories (SD)",64.737931263440900,64.737931263440900,64.737931263440900,64.799410780310300,64.799410780310300,64.799410780310300,64.799410780310300,64.799410780310300,64.799410780310300,66.520837252652500,66.520837252652500,66.520837252652500,65.214397519178500
"....Cotabato","05.5.2.1 - Non-motorized tools (SD)",65.283052628397300,66.119725553889300,66.378115909764000,66.989557199171400,67.182318055710500,68.276005456587900,68.276005456587900,68.530268170995000,68.562051010295800,68.626304629142200,68.658087468443100,68.754123926590300,67.636301288797900
"....Cotabato","05.5.2.2 - Miscellaneous accessories (SD)",52.722664299797800,52.985553016614000,53.033350965126100,53.224542759174300,53.296239681942400,53.654724295782700,53.654724295782700,53.845916089831000,53.869815064087000,54.650540341300600,54.674439315556600,54.722237264068600,53.694562282422000
"....Cotabato","05.6 - GOODS AND SERVICES FOR ROUTINE HOUSEHOLD MAINTENANCE",64.165956237567500,64.165956237567500,64.506962205171900,64.620630861040100,64.847968172776300,65.075305484512600,65.188974140380800,65.188974140380800,65.643648763853400,65.700483091787400,67.235009946007400,67.348678601875500,65.307378990243400
"....Cotabato","05.6.1 - Non-durable household goods (ND)",67.311245227244700,67.372829166153500,67.865500677423300,68.111836433058300,68.481340066510700,68.850843699963100,68.974011577780500,69.035595516689300,69.713018844685300,69.836186722502800,72.361128217760800,72.484296095578300,69.199819353779200
"....Cotabato","05.6.1.1 - Household cleaning and maintenance products (ND)",68.786140068564500,68.846789233652400,69.051424436454300,69.143434793477300,69.350239469334700,69.577084444970300,69.587397039305800,69.600250087212800,70.326562438294000,70.460235881672500,73.418301279357100,73.498359932106100,70.137184925366800
"....Cotabato","05.6.1.9 - Other non-durable household goods (ND)",57.889545018445200,57.943596881207500,60.429982568274300,61.402916097996000,62.213694039430800,63.024471980865600,63.564990608488800,63.673094334013500,63.889301785062800,63.943353647825100,64.267664824399000,64.375768549923700,62.218198361327700
"....Cotabato","05.6.2 - Domestic services and household services (S)",58.832411952392800,58.832411952392800,58.832411952392800,58.832411952392800,58.832411952392800,58.832411952392800,58.832411952392800,58.832411952392800,58.832411952392800,58.832411952392800,58.832411952392800,58.832411952392800,58.832411952392800
"....Cotabato","05.6.2.1 - Domestic services by paid staff (S)",58.832411952392800,58.832411952392800,58.832411952392800,58.832411952392800,58.832411952392800,58.832411952392800,58.832411952392800,58.832411952392800,58.832411952392800,58.832411952392800,58.832411952392800,58.832411952392800,58.832411952392800
"....Cotabato","06 - HEALTH",52.963335576679600,53.012603795820700,53.456017768090500,54.441382150912500,54.589186808335800,55.919428725145400,56.313574478274200,56.313574478274200,56.412110916556400,56.855524888826300,58.037962148212600,58.136498586494800,55.537600026801900
"....Cotabato","06.1 - MEDICINES AND HEALTH PRODUCTS",60.564596628570800,60.788909949417400,61.574006572380300,62.134789874496700,62.639494846401400,64.209688092327400,65.163019705925200,64.938706385078700,65.163019705925200,65.723803008041600,66.060272989311500,66.396742970581300,63.779754227371400
"....Cotabato","06.1.1 - Medicines (ND)",59.866497710106500,60.088225479403200,60.864272671941600,61.418592095183300,61.917479576100900,63.525005903501900,64.467348923012800,64.245621153716100,64.467348923012800,65.021668346254500,65.298828057875400,65.631419711820400,63.067692379327400
"....Cotabato","06.1.1.1 - Medicines, vaccines and other pharmaceutical preparations (ND)",59.866497710106500,60.088225479403200,60.864272671941600,61.418592095183300,61.917479576100900,63.525005903501900,64.467348923012800,64.245621153716100,64.467348923012800,65.021668346254500,65.298828057875400,65.631419711820400,63.067692379327400
"....Cotabato","06.1.2 - Medical products (ND)",75.521949578365100,75.662717424736700,76.929628042081100,77.351931581196000,78.548458275354600,79.322681430398400,79.744984969513200,80.308056354999600,80.871127740486000,81.504583049158300,82.771493666502700,82.982645436060100,79.293354795737600
"....Cotabato","06.1.2.1 - Medical diagnostic products (ND)",77.597135631548800,77.741771485475300,79.043494170813500,79.477401732592900,80.706806490967900,81.502303687563400,81.936211249342800,82.514754665048700,83.093298080754600,83.744159423423600,85.045882108761800,85.262835889651500,81.472171217995400
"....Cotabato","06.1.2.2 - Prevention and protective devices (ND)",0.000000000000000,0.000000000000000,0.000000000000000,0.000000000000000,0.000000000000000,0.000000000000000,0.000000000000000,0.000000000000000,0.000000000000000,0.000000000000000,0.000000000000000,0.000000000000000,0.000000000000000
"....Cotabato","06.1.2.3 - Treatment devices for personal use (ND)",..,..,..,..,..,..,..,..,..,..,..,..,..
"....Cotabato","06.1.3 - Assistive products (D)",77.451226659968200,77.595590549362400,78.894865553909800,79.327957222092300,80.627232226639800,81.421233618307700,81.854325286490100,82.431780844066800,82.937054456946400,83.586691959220100,84.885966963767600,85.102512797858800,81.343036511552500
"....Cotabato","06.1.3.1 - Assistive products for vision (D)",77.451226659968200,77.595590549362400,78.894865553909800,79.327957222092300,80.627232226639800,81.421233618307700,81.854325286490100,82.431780844066800,82.937054456946400,83.586691959220100,84.885966963767600,85.102512797858800,81.343036511552500
"....Cotabato","06.2 - OUTPATIENT CARE SERVICES",68.494654343483100,68.494654343483100,69.059170725434900,70.000031362021200,70.062755404460300,71.317236253242100,71.317236253242100,71.505408380559300,71.505408380559300,71.693580507876600,72.007200720072000,72.069924762511100,70.627271786412100
"....Cotabato","06.2.1 - Preventive care services (S)",65.591276978417300,65.591276978417300,66.097122302158300,67.895683453237400,67.895683453237400,69.750449640287800,69.750449640287800,70.087679856115100,70.087679856115100,70.368705035971200,70.424910071942400,70.481115107913700,68.668502697841700
"....Cotabato","06.2.1.9 - Other preventive services (S)",62.150364700514900,62.150364700514900,62.892839199706000,65.688037314307800,65.688037314307800,68.570585369990900,68.570585369990900,69.138359987019400,69.138359987019400,69.575109692426000,69.662459633507300,69.706134604047900,66.910936489446100
"....Cotabato","06.2.2 - Outpatient dental services (S)",56.068244030680000,56.068244030680000,61.192305607502000,61.192305607502000,62.039257934249400,67.120971894734000,67.120971894734000,67.120971894734000,67.120971894734000,67.290362360083500,73.091985798303400,73.091985798303400,64.876548228853300
"....Cotabato","06.2.2.1 - Dental preventive services (S)",56.068244030680000,56.068244030680000,61.192305607502000,61.192305607502000,62.039257934249400,67.120971894734000,67.120971894734000,67.120971894734000,67.120971894734000,67.290362360083500,73.091985798303400,73.091985798303400,64.876548228853300
"....Cotabato","06.2.3 - Other outpatient care services (S)",..,..,..,..,..,..,..,..,..,..,..,..,..
"....Cotabato","06.2.3.1 - Outpatient curative and rehabilitative services (S)",..,..,..,..,..,..,..,..,..,..,..,..,..
"....Cotabato","06.3 - INPATIENT CARE SERVICES",41.565879723277400,41.565879723277400,41.565879723277400,43.202960480870500,43.202960480870500,44.600468444669500,44.919898836394900,44.999756434326300,44.999756434326300,45.718474815708600,48.792992336066300,48.792992336066300,44.493991647427600
"....Cotabato","06.3.1 - Inpatient curative and rehabilitative services (S)",41.565879723277400,41.565879723277400,41.565879723277400,43.202960480870500,43.202960480870500,44.600468444669500,44.919898836394900,44.999756434326300,44.999756434326300,45.718474815708600,48.792992336066300,48.792992336066300,44.493991647427600
"....Cotabato","06.3.1.0 - Inpatient curative and rehabilitative services (S)",..,..,..,..,..,..,..,..,..,..,..,..,..
"....Cotabato","06.4 - OTHER HEALTH SERVICES",0.000000000000000,0.000000000000000,0.000000000000000,0.000000000000000,0.000000000000000,0.000000000000000,0.000000000000000,0.000000000000000,0.000000000000000,0.000000000000000,0.000000000000000,0.000000000000000,0.000000000000000
"....Cotabato","06.4.1 - Diagnostic imaging services and medical laboratory services (S)",0.000000000000000,0.000000000000000,0.000000000000000,0.000000000000000,0.000000000000000,0.000000000000000,0.000000000000000,0.000000000000000,0.000000000000000,0.000000000000000,0.000000000000000,0.000000000000000,0.000000000000000
"....Cotabato","06.4.1.0 - Diagnostic imaging services and medical laboratory services (S)",0.000000000000000,0.000000000000000,0.000000000000000,0.000000000000000,0.000000000000000,0.000000000000000,0.000000000000000,0.000000000000000,0.000000000000000,0.000000000000000,0.000000000000000,0.000000000000000,0.000000000000000
"....Cotabato","07 - TRANSPORT",78.043912175648700,77.844311377245500,77.944111776447100,78.842315369261500,83.133732534930100,85.928143712574800,89.121756487025900,90.119760479041900,88.822355289421200,86.726546906187600,85.429141716566900,82.834331337325300,83.732534930139700
"....Cotabato","07.1 - PURCHASE OF VEHICLES",..,..,..,..,..,..,..,..,..,..,..,..,..
"....Cotabato","07.1.1 - Motor cars (D)",0.000000000000000,0.000000000000000,0.000000000000000,0.000000000000000,0.000000000000000,0.000000000000000,0.000000000000000,0.000000000000000,0.000000000000000,0.000000000000000,0.000000000000000,0.000000000000000,0.000000000000000
"....Cotabato","07.1.1.1 - New motor cars (D)",0.000000000000000,0.000000000000000,0.000000000000000,0.000000000000000,0.000000000000000,0.000000000000000,0.000000000000000,0.000000000000000,0.000000000000000,0.000000000000000,0.000000000000000,0.000000000000000,0.000000000000000
"....Cotabato","07.1.2 - Motorcycles (D)",..,..,..,..,..,..,..,..,..,..,..,..,..
"....Cotabato","07.1.2.0 - Motorcycles (D)",..,..,..,..,..,..,..,..,..,..,..,..,..
"....Cotabato","07.1.3 - Bicycles (D)",..,..,..,..,..,..,..,..,..,..,..,..,..
"....Cotabato","07.1.3.0 - Bicycles (D)",..,..,..,..,..,..,..,..,..,..,..,..,..
"....Cotabato","07.2 - OPERATION OF PERSONAL TRANSPORT EQUIPMENT",86.486401410224100,85.856837068748400,86.329010324855200,88.768572148073500,92.467262654243300,98.998992697053700,107.655502392345000,107.262024678922000,102.697683203223000,96.952908587257600,93.175522538403400,86.486401410224100,94.428093259464400
"....Cotabato","07.2.1 - Parts and accessories for personal transport equipment (SD)",67.453604310961800,67.011078322042600,67.200732317293700,67.200732317293700,67.580040307795800,68.275438290383000,69.855888250808600,70.045542246059600,70.045542246059600,70.361632238144700,70.361632238144700,70.361632238144700,68.812791276927700
"....Cotabato","07.2.1.1 - Tires (SD)",0.000000000000000,0.000000000000000,0.000000000000000,0.000000000000000,0.000000000000000,0.000000000000000,0.000000000000000,0.000000000000000,0.000000000000000,0.000000000000000,0.000000000000000,0.000000000000000,0.000000000000000
"....Cotabato","07.2.1.2 - Parts for personal transport equipment (SD)",67.453604310961800,67.011078322042600,67.200732317293700,67.200732317293700,67.580040307795800,68.275438290383000,69.855888250808600,70.045542246059600,70.045542246059600,70.361632238144700,70.361632238144700,70.361632238144700,68.812791276927700
"....Cotabato","07.2.1.3 - Accessories for personal transport equipment (SD)",..,..,..,..,..,..,..,..,..,..,..,..,..
"....Cotabato","07.2.2 - Fuels and lubricants for personal transport equipment (ND)",93.223042082208100,92.542581921024100,93.137984562060100,96.114997767240100,100.623046335084000,108.618453228996000,119.080528207200000,118.570183086312000,112.701214196100000,105.556382503668000,100.878218895528000,92.627639441172100,102.806189352216000
"....Cotabato","07.2.2.1 - Diesel (ND)",0.000000000000000,0.000000000000000,0.000000000000000,0.000000000000000,0.000000000000000,0.000000000000000,0.000000000000000,0.000000000000000,0.000000000000000,0.000000000000000,0.000000000000000,0.000000000000000,0.000000000000000
"....Cotabato","07.2.2.2 - Gasoline (ND)",0.000000000000000,0.000000000000000,0.000000000000000,0.000000000000000,0.000000000000000,0.000000000000000,0.000000000000000,0.000000000000000,0.000000000000000,0.000000000000000,0.000000000000000,0.000000000000000,0.000000000000000
"....Cotabato","07.2.2.3 - Other fuels for personal transport equipment (ND)",..,..,..,..,..,..,..,..,..,..,..,..,..
"....Cotabato","07.2.2.4 - Lubricants (ND)",53.390335853938300,53.192227001048000,53.390335853938300,54.281825691944700,56.015278154734900,58.937383734867000,62.850033579450600,62.850033579450600,61.265162756328100,59.135492587757300,61.314689969550700,60.819417837324900,58.120184716694400
"....Cotabato","07.2.3 - Maintenance and repair of personal transport equipment (S)",53.977829469253500,53.977829469253500,53.977829469253500,53.977829469253500,53.977829469253500,53.977829469253500,53.977829469253500,53.977829469253500,57.173044315499800,57.173044315499800,57.173044315499800,57.173044315499800,55.042901084668900
"....Cotabato","07.2.3.0 - Maintenance and repair of personal transport equipment (S)",53.977829469253500,53.977829469253500,53.977829469253500,53.977829469253500,53.977829469253500,53.977829469253500,53.977829469253500,53.977829469253500,57.173044315499800,57.173044315499800,57.173044315499800,57.173044315499800,55.042901084668900
"....Cotabato","07.2.4 - Other services in respect of personal transport equipment (S)",..,..,..,..,..,..,..,..,..,..,..,..,..
"....Cotabato","07.2.4.2 - Toll facilities (S)",..,..,..,..,..,..,..,..,..,..,..,..,..
"....Cotabato","07.2.4.3 - Driving lessons, tests, licences, and road worthiness tests (S)",..,..,..,..,..,..,..,..,..,..,..,..,..
"....Cotabato","07.3 - PASSENGER TRANSPORT SERVICES",78.438604086825000,78.438604086825000,78.438604086825000,78.438604086825000,83.315961921866100,83.917280011117700,83.917280011117700,85.988486762984500,86.589804852236100,86.589804852236100,86.790244215320000,86.656617973264100,83.126658078953500
"....Cotabato","07.3.1 - Passenger transport by railway (S)",..,..,..,..,..,..,..,..,..,..,..,..,..
"....Cotabato","07.3.1.1 - Passenger transport by train (S)",..,..,..,..,..,..,..,..,..,..,..,..,..
"....Cotabato","07.3.1.2 - Passenger transport by rapid transit and tram (S)",..,..,..,..,..,..,..,..,..,..,..,..,..
"....Cotabato","07.3.2 - Passenger transport by road (S)",81.557625603259000,81.557625603259000,81.557625603259000,81.557625603259000,86.976275345213100,88.643552188891300,88.643552188891300,90.449768769542700,91.144467454408700,91.144467454408700,91.352877059868400,91.352877059868400,87.161528327844100
"....Cotabato","07.3.2.1 - Passenger transport by bus and coach (S)",..,..,..,..,..,..,..,..,..,..,..,..,..
"....Cotabato","07.3.2.2 - Passenger transport by taxi and hired car with driver (S)",..,..,..,..,..,..,..,..,..,..,..,..,..
"....Cotabato","07.3.2.9 - Other passenger transport by road (S)",..,..,..,..,..,..,..,..,..,..,..,..,..
"....Cotabato","07.3.3 - Passenger transport by air (S)",46.589833743614000,46.589833743614000,46.589833743614000,46.589833743614000,46.589833743614000,46.589833743614000,46.589833743614000,46.589833743614000,46.589833743614000,46.589833743614000,46.589833743614000,43.688044790724600,46.348017997539900
"....Cotabato","07.3.3.1 - Passenger transport by air, domestic (S)",46.589833743614000,46.589833743614000,46.589833743614000,46.589833743614000,46.589833743614000,46.589833743614000,46.589833743614000,46.589833743614000,46.589833743614000,46.589833743614000,46.589833743614000,43.688044790724600,46.348017997539900
"....Cotabato","07.3.4 - Passenger transport by sea and inland waterway (S)",122.744175080554000,122.744175080554000,122.744175080554000,122.744175080554000,122.744175080554000,66.387329740282800,66.387329740282800,89.860731377423300,89.860731377423300,89.860731377423300,89.860731377423300,89.860731377423300,99.649932647537800
"....Cotabato","07.3.4.0 - Passenger transport by sea and inland waterway (S)",122.744175080554000,122.744175080554000,122.744175080554000,122.744175080554000,122.744175080554000,66.387329740282800,66.387329740282800,89.860731377423300,89.860731377423300,89.860731377423300,89.860731377423300,89.860731377423300,99.649932647537800
"....Cotabato","07.4 - TRANSPORT SERVICES OF GOODS",74.221268089586000,74.221268089586000,74.221268089586000,74.221268089586000,74.221268089586000,74.221268089586000,74.221268089586000,74.221268089586000,74.221268089586000,74.221268089586000,74.221268089586000,74.221268089586000,74.221268089585900
"....Cotabato","07.4.1 - Postal and courier services (S)",74.221268089586000,74.221268089586000,74.221268089586000,74.221268089586000,74.221268089586000,74.221268089586000,74.221268089586000,74.221268089586000,74.221268089586000,74.221268089586000,74.221268089586000,74.221268089586000,74.221268089585900
"....Cotabato","07.4.1.1 - Letter handling services (S)",0.000000000000000,0.000000000000000,0.000000000000000,0.000000000000000,0.000000000000000,0.000000000000000,0.000000000000000,0.000000000000000,0.000000000000000,0.000000000000000,0.000000000000000,0.000000000000000,0.000000000000000
"....Cotabato","07.4.1.2 - Courier and parcel delivery services (S)",57.889130736812900,57.889130736812900,57.889130736812900,57.889130736812900,57.889130736812900,57.889130736812900,57.889130736812900,57.889130736812900,57.889130736812900,57.889130736812900,57.889130736812900,57.889130736812900,57.889130736812800
"....Cotabato","08 - INFORMATION AND COMMUNICATION",96.407185628742500,96.307385229540900,96.407185628742500,96.506986027944100,96.606786427145700,97.205588822355300,97.305389221556900,97.804391217564900,97.804391217564900,97.504990019960100,97.504990019960100,97.504990019960100,97.072521623419800
"....Cotabato","08.1 - INFORMATION AND COMMUNICATION EQUIPMENT",84.607745779543200,84.508440913604800,84.607745779543200,85.302879841112200,85.700099304865900,86.097318768619700,86.395233366435000,87.090367428004000,87.189672293942400,87.288977159880800,87.388282025819300,87.487586891757700,86.138695796094000
"....Cotabato","08.1.1 - Fixed telephone equipment (D)",..,..,..,..,..,..,..,..,..,..,..,..,..
"....Cotabato","08.1.1.0 - Fixed telephone equipment (D)",..,..,..,..,..,..,..,..,..,..,..,..,..
"....Cotabato","08.1.2 - Mobile telephone equipment (D)",..,..,..,..,..,..,..,..,..,..,..,..,..
"....Cotabato","08.1.2.0 - Mobile telephone equipment (D)",..,..,..,..,..,..,..,..,..,..,..,..,..
"....Cotabato","08.1.3 - Information processing equipment (D)",84.805757942243600,84.641882081485600,84.723820011864600,85.133509663759500,85.952888967549300,86.362578619444200,86.526454480202100,86.936144132097100,87.100019992855000,87.100019992855000,87.181957923234000,87.427771714370900,86.157733793496700
"....Cotabato","08.1.3.1 - Computers, laptops and tablets (D)",85.466556564822500,85.301403798513600,85.383980181668100,85.796862097440100,86.622625928984300,87.035507844756400,87.200660611065200,87.613542526837300,87.778695293146200,87.778695293146200,87.861271676300600,88.109000825763800,86.829066886870400
"....Cotabato","08.1.3.2 - Peripheral equipment and its consumable components (D)",76.313364055299600,76.165898617511500,76.239631336405500,76.608294930875600,77.345622119815700,77.714285714285700,77.861751152073800,78.230414746543800,78.377880184331800,78.377880184331800,78.451612903225800,78.672811059907800,77.529953917050700
"....Cotabato","08.1.4 - Equipment for the reception, recording and reproduction of sound and vision (D)",82.300429487802300,82.300429487802300,82.300429487802300,83.263946711074100,83.263946711074100,83.665412220770700,84.147170832406600,85.030394953739100,85.030394953739100,85.190981157617800,85.271274259557100,85.351567361496400,83.926364802073500
"....Cotabato","08.1.4.0 - Equipment for the reception, recording and reproduction of sound and vision (D)",82.300429487802300,82.300429487802300,82.300429487802300,83.263946711074100,83.263946711074100,83.665412220770700,84.147170832406600,85.030394953739100,85.030394953739100,85.190981157617800,85.271274259557100,85.351567361496400,83.926364802073500
"....Cotabato","08.1.5 - Unrecorded recording media (SD)",90.762970955849300,90.575637682462600,90.669304319156000,91.043970865929300,91.699637322782700,92.074303869556100,92.261637142942800,92.542637053022800,91.512304049396100,91.512304049396100,91.512304049396100,91.793303959476100,91.496692943280500
"....Cotabato","08.1.5.0 - Unrecorded recording media (SD)",90.762970955849300,90.575637682462600,90.669304319156000,91.043970865929300,91.699637322782700,92.074303869556100,92.261637142942800,92.542637053022800,91.512304049396100,91.512304049396100,91.512304049396100,91.793303959476100,91.496692943280500
"....Cotabato","08.3 - INFORMATION AND COMMUNICATION SERVICES",100.000000000000000,100.000000000000000,100.000000000000000,100.000000000000000,100.000000000000000,100.600000000000000,100.600000000000000,101.100000000000000,101.100000000000000,100.600000000000000,100.600000000000000,100.600000000000000,100.433333333333000
"....Cotabato","08.3.1 - Fixed communication services (S)",109.335559318785000,109.335559318785000,109.335559318785000,109.335559318785000,109.635108796370000,109.834808448094000,109.834808448094000,110.034508099818000,110.034508099818000,110.034508099818000,110.034508099818000,110.034508099818000,109.734958622232000
"....Cotabato","08.3.1.0 - Fixed communication services (S)",109.335559318785000,109.335559318785000,109.335559318785000,109.335559318785000,109.635108796370000,109.834808448094000,109.834808448094000,110.034508099818000,110.034508099818000,110.034508099818000,110.034508099818000,110.034508099818000,109.734958622232000
"....Cotabato","08.3.2 - Mobile communication services (S)",99.304865938431000,99.304865938431000,99.304865938431000,99.304865938431000,99.304865938431000,99.304865938431000,99.304865938431000,99.304865938431000,99.304865938431000,99.304865938431000,99.304865938431000,99.304865938431000,99.304865938431000
"....Cotabato","08.3.2.0 - Mobile communication services (S)",99.304865938431000,99.304865938431000,99.304865938431000,99.304865938431000,99.304865938431000,99.304865938431000,99.304865938431000,99.304865938431000,99.304865938431000,99.304865938431000,99.304865938431000,99.304865938431000,99.304865938431000
"....Cotabato","08.3.3 - Internet access provision services and net storage services (S)",106.740448015932000,106.740448015932000,106.740448015932000,106.924166515099000,107.016025764682000,116.661246970941000,116.661246970941000,126.765764425117000,126.765764425117000,116.661246970941000,116.661246970941000,116.661246970941000,114.249941669377000
"....Cotabato","08.3.3.0 - Internet access provision services and net storage services (S)",106.740448015932000,106.740448015932000,106.740448015932000,106.924166515099000,107.016025764682000,116.661246970941000,116.661246970941000,126.765764425117000,126.765764425117000,116.661246970941000,116.661246970941000,116.661246970941000,114.249941669377000
"....Cotabato","08.3.5 - Repair and rental of information and communication equipment (S)",..,..,..,..,..,..,..,..,..,..,..,..,..
"....Cotabato","08.3.5.0 - Repair and rental of information and communication equipment (S)",..,..,..,..,..,..,..,..,..,..,..,..,..
"....Cotabato","09 - RECREATION, SPORT AND CULTURE",64.959349593495900,65.365853658536600,66.178861788617900,67.154471544715400,67.642276422764200,68.780487804878000,69.674796747967500,70.325203252032500,70.569105691056900,70.894308943089400,71.138211382113800,71.300813008130100,68.665311653116500
"....Cotabato","09.1 - RECREATIONAL DURABLES",94.200000000000000,94.200000000000000,94.200000000000000,95.300000000000000,95.300000000000000,95.800000000000000,96.300000000000000,97.300000000000000,97.300000000000000,97.500000000000000,97.600000000000000,97.700000000000000,96.058333333333300
"....Cotabato","09.1.1 - Photographic and cinematographic equipment and optical instruments (D)",94.209558823529400,94.209558823529400,94.209558823529400,95.312500000000000,95.312500000000000,95.772058823529400,96.323529411764700,97.334558823529400,97.334558823529400,97.518382352941200,97.610294117647100,97.702205882352900,96.070772058823500
"....Cotabato","09.1.1.1 - Cameras (D)",94.209558823529400,94.209558823529400,94.209558823529400,95.312500000000000,95.312500000000000,95.772058823529400,96.323529411764700,97.334558823529400,97.334558823529400,97.518382352941200,97.610294117647100,97.702205882352900,96.070772058823500
"....Cotabato","09.2 - OTHER RECREATIONAL GOODS",70.516011282561800,70.516011282561800,70.516011282561800,70.726926570545500,71.148757146513000,71.359672434496700,71.500282626485900,71.570587722480500,71.711197914469600,71.711197914469600,71.711197914469600,71.922113202453400,71.242497274505800
"....Cotabato","09.2.1 - Games, toys and hobbies (SD)",60.183429542549800,60.183429542549800,60.183429542549800,60.183429542549800,60.183429542549800,60.183429542549800,60.183429542549800,60.183429542549800,60.183429542549800,60.183429542549800,60.183429542549800,60.183429542549800,60.183429542549800
"....Cotabato","09.2.1.2 - Other games, toys and hobbies (SD)",60.183429542549800,60.183429542549800,60.183429542549800,60.183429542549800,60.183429542549800,60.183429542549800,60.183429542549800,60.183429542549800,60.183429542549800,60.183429542549800,60.183429542549800,60.183429542549800,60.183429542549800
"....Cotabato","09.2.2 - Equipment for sport, camping and open-air recreation (SD)",72.462698578367600,72.532982476115800,72.603266373863900,72.954685862604800,74.008944328827400,74.500931613064700,74.782067204057400,74.922634999553700,75.203770590546400,75.203770590546400,75.274054488294600,75.625473977035400,74.172940090239800
"....Cotabato","09.2.2.1 - Equipment for sport (SD)",72.531059614762300,72.601409818074400,72.671760021386500,73.023511037946900,74.078764087628200,74.571215510812800,74.852616324061200,74.993316730685400,75.274717543933700,75.274717543933700,75.345067747245800,75.696818763806200,74.242914562023100
"....Cotabato","09.2.2.2 - Equipment for camping and open-air recreation (SD)",..,..,..,..,..,..,..,..,..,..,..,..,..
"....Cotabato","09.3 - GARDEN PRODUCTS AND PETS",77.251184834123200,77.156398104265400,77.251184834123200,77.535545023696700,78.388625592417100,78.862559241706200,79.052132701421800,79.336492890995300,79.526066350710900,79.526066350710900,79.620853080568700,79.905213270142200,78.617693522906800
"....Cotabato","09.3.1 - Garden products, plants and flowers (ND)",76.348483805012900,76.422536650604600,76.496589496196300,76.866853724154600,77.977646408029700,78.496016327171400,78.792227709538100,78.940333400721400,79.236544783088100,79.236544783088100,79.310597628679800,79.680861856638100,78.150436381076900
"....Cotabato","09.3.1.1 - Garden products (ND)",72.805798476939400,72.876415158294400,72.947031839649300,73.300115246424000,74.359365466748000,74.853682236232600,75.136148961652300,75.277382324362200,75.559849049781900,75.559849049781900,75.630465731136900,75.983549137911600,74.524137723242900
"....Cotabato","09.3.1.2 - Plants, seeds and flowers (ND)",84.692685361303100,84.692685361303100,84.692685361303100,85.684209482606200,85.684209482606200,86.097344533149100,86.593106593800600,87.502003704995100,87.502003704995100,87.667257725212300,87.749884735320900,87.832511745429500,86.365882316002000
"....Cotabato","09.3.2 - Pets and products for pets (ND)",77.559113533053700,77.409240849898000,77.484177191475900,77.858858899365000,78.608222315143300,78.982904023032400,79.132776706188100,79.507458414077200,79.657331097232900,79.657331097232900,79.732267438810700,80.032012805122100,78.801807864219400
"....Cotabato","09.3.2.2 - Products for pets and other household animals (ND)",77.559113533053700,77.409240849898000,77.484177191475900,77.858858899365000,78.608222315143300,78.982904023032400,79.132776706188100,79.507458414077200,79.657331097232900,79.657331097232900,79.732267438810700,80.032012805122100,78.801807864219400
"....Cotabato","09.4 - RECREATIONAL SERVICES",46.425255338904400,46.425255338904400,46.425255338904400,46.425255338904400,46.425255338904400,46.425255338904400,46.425255338904400,46.425255338904400,46.425255338904400,46.425255338904400,46.425255338904400,46.425255338904400,46.425255338904400
"....Cotabato","09.4.6 - Recreational and sporting services (S)",85.836909871244600,85.836909871244600,85.836909871244600,85.836909871244600,85.836909871244600,85.836909871244600,85.836909871244600,85.836909871244600,85.836909871244600,85.836909871244600,85.836909871244600,85.836909871244600,85.836909871244600
"....Cotabato","09.4.6.2 - Sporting services - practice (S)",85.836909871244600,85.836909871244600,85.836909871244600,85.836909871244600,85.836909871244600,85.836909871244600,85.836909871244600,85.836909871244600,85.836909871244600,85.836909871244600,85.836909871244600,85.836909871244600,85.836909871244600
"....Cotabato","09.4.7 - Games of chance (S)",46.146746654360900,46.146746654360900,46.146746654360900,46.146746654360900,46.146746654360900,46.146746654360900,46.146746654360900,46.146746654360900,46.146746654360900,46.146746654360900,46.146746654360900,46.146746654360900,46.146746654360900
"....Cotabato","09.4.7.0 - Games of chance (S)",46.146746654360900,46.146746654360900,46.146746654360900,46.146746654360900,46.146746654360900,46.146746654360900,46.146746654360900,46.146746654360900,46.146746654360900,46.146746654360900,46.146746654360900,46.146746654360900,46.146746654360900
"....Cotabato","09.5 - CULTURAL GOODS",83.846872082166200,83.753501400560200,83.846872082166200,84.220354808590100,85.060690943043900,85.434173669467800,85.620915032679700,85.994397759103600,86.181139122315600,86.181139122315600,86.274509803921600,86.461251167133500,85.239651416122000
"....Cotabato","09.5.1 - Musical instruments (D)",83.887721755368800,83.725619877580700,83.806670816474800,84.211925510945100,85.022434899885900,85.427689594356300,85.589791472144400,85.995046166614800,86.157148044402900,86.157148044402900,86.238198983297000,86.481351799979300,85.225062247121100
"....Cotabato","09.5.1.0 - Musical instruments (D)",83.887721755368800,83.725619877580700,83.806670816474800,84.211925510945100,85.022434899885900,85.427689594356300,85.589791472144400,85.995046166614800,86.157148044402900,86.157148044402900,86.238198983297000,86.481351799979300,85.225062247121100
"....Cotabato","09.6 - CULTURAL SERVICES",90.900000000000000,90.900000000000000,90.900000000000000,90.900000000000000,90.900000000000000,90.900000000000000,90.900000000000000,90.900000000000000,90.900000000000000,90.900000000000000,90.900000000000000,95.500000000000000,91.283333333333300
"....Cotabato","09.6.1 - Services provided by cinemas, theatres and concert venues (S)",90.909090909090900,90.909090909090900,90.909090909090900,90.909090909090900,90.909090909090900,90.909090909090900,90.909090909090900,90.909090909090900,90.909090909090900,90.909090909090900,90.909090909090900,95.490909090909100,91.290909090909100
"....Cotabato","09.6.1.0 - Services provided by cinemas, theatres and concert venues (S)",90.909090909090900,90.909090909090900,90.909090909090900,90.909090909090900,90.909090909090900,90.909090909090900,90.909090909090900,90.909090909090900,90.909090909090900,90.909090909090900,90.909090909090900,95.490909090909100,91.290909090909100
"....Cotabato","09.6.3 - Photographic services (S)",..,..,..,..,..,..,..,..,..,..,..,..,..
"....Cotabato","09.6.3.0 - Photographic services (S)",..,..,..,..,..,..,..,..,..,..,..,..,..
"....Cotabato","09.6.9 - Other cultural services (S)",0.000000000000000,0.000000000000000,0.000000000000000,0.000000000000000,0.000000000000000,0.000000000000000,0.000000000000000,0.000000000000000,0.000000000000000,0.000000000000000,0.000000000000000,0.000000000000000,0.000000000000000
"....Cotabato","09.6.9.0 - Other cultural services (S)",0.000000000000000,0.000000000000000,0.000000000000000,0.000000000000000,0.000000000000000,0.000000000000000,0.000000000000000,0.000000000000000,0.000000000000000,0.000000000000000,0.000000000000000,0.000000000000000,0.000000000000000
"....Cotabato","09.7 - NEWSPAPERS, BOOKS AND STATIONERY",68.382352941176500,69.209558823529400,70.680147058823500,72.518382352941200,73.161764705882300,75.183823529411800,76.838235294117700,78.125000000000000,78.492647058823500,79.044117647058800,79.503676470588200,79.687500000000000,75.068933823529400
"....Cotabato","09.7.1 - Books (SD)",81.339785731677600,81.415875334794300,81.415875334794300,81.720233747260800,81.796323350377400,81.796323350377400,81.796323350377400,82.405040175310400,82.557219381543700,82.709398587777000,82.709398587777000,82.709398587777000,82.030932959987000
"....Cotabato","09.7.1.1 - Educational and textbooks in printed or electronic copy (SD)",0.000000000000000,0.000000000000000,0.000000000000000,0.000000000000000,0.000000000000000,0.000000000000000,0.000000000000000,0.000000000000000,0.000000000000000,0.000000000000000,0.000000000000000,0.000000000000000,0.000000000000000
"....Cotabato","09.7.1.9 - Other books (SD) in printed or electronic copy",..,..,..,..,..,..,..,..,..,..,..,..,..
"....Cotabato","09.7.2 - Newspapers and periodicals (ND)",74.115634693138500,74.245662122424700,77.171279281364400,80.486978728162700,81.852266735667900,83.672650745674800,84.387801606748900,85.688075899611000,87.313418765688600,87.703501053547200,88.483665629264500,88.548679343907600,82.805801217100100
"....Cotabato","09.7.2.1 - Newspapers (ND)",74.115634693138500,74.245662122424700,77.171279281364400,80.486978728162700,81.852266735667900,83.672650745674800,84.387801606748900,85.688075899611000,87.313418765688600,87.703501053547200,88.483665629264500,88.548679343907600,82.805801217100100
"....Cotabato","09.7.2.2 - Magazines and periodicals (ND)",..,..,..,..,..,..,..,..,..,..,..,..,..
"....Cotabato","09.7.4 - Stationery and drawing materials (ND)",61.566340636108100,62.838601044581100,64.995912171991900,67.651064328805200,68.480799377809400,71.578476894091500,74.178313380971200,75.727152139112300,76.224993168514800,77.054728217518900,77.718516256722300,77.995094606390300,71.334166018551400
"....Cotabato","09.7.4.0 - Stationery and drawing materials (ND)",61.566340636108100,62.838601044581100,64.995912171991900,67.651064328805200,68.480799377809400,71.578476894091500,74.178313380971200,75.727152139112300,76.224993168514800,77.054728217518900,77.718516256722300,77.995094606390300,71.334166018551400
"....Cotabato","09.8 - PACKAGE HOLIDAYS (S)",..,..,..,..,..,..,..,..,..,..,..,..,..
"....Cotabato","09.8.0 - Package holidays (S)",..,..,..,..,..,..,..,..,..,..,..,..,..
"....Cotabato","09.8.0.0 - Package holidays (S)",..,..,..,..,..,..,..,..,..,..,..,..,..
"....Cotabato","10 - EDUCATION SERVICES",67.926478018136600,67.926478018136600,67.926478018136600,67.926478018136600,67.926478018136600,71.057840479965600,71.057840479965600,71.057840479965600,71.057840479965600,71.057840479965600,71.057840479965600,71.057840479965600,69.753106120870200
"....Cotabato","10.1 - EARLY CHILDHOOD AND PRIMARY EDUCATION",64.701975131038700,64.701975131038700,64.701975131038700,64.701975131038700,64.701975131038700,67.684690296654000,67.684690296654000,67.684690296654000,67.684690296654000,67.684690296654000,67.684690296654000,67.684690296654000,66.441892310981000
"....Cotabato","10.1.0 - Early chilhood and primary education (S)",67.393577296489900,67.393577296489900,67.393577296489900,67.393577296489900,67.393577296489900,70.500373412994800,70.500373412994800,70.500373412994800,70.500373412994800,70.500373412994800,70.500373412994800,70.500373412994800,69.205875031117800
"....Cotabato","10.1.0.1 - Early childhood education services (S)",67.447535324749700,67.447535324749700,67.447535324749700,67.447535324749700,67.447535324749700,70.556818868089200,70.556818868089200,70.556818868089200,70.556818868089200,70.556818868089200,70.556818868089200,70.556818868089200,69.261284058364400
"....Cotabato","10.1.0.2 - Primary education (S)",..,..,..,..,..,..,..,..,..,..,..,..,..
"....Cotabato","10.2 - SECONDARY EDUCATION  (S)",62.586382246329600,62.586382246329600,62.586382246329600,62.586382246329600,62.586382246329600,65.471570080380200,65.471570080380200,65.471570080380200,65.471570080380200,65.471570080380200,65.471570080380200,65.471570080380200,64.269408482859100
"....Cotabato","10.2.0 - Secondary education (S)",..,..,..,..,..,..,..,..,..,..,..,..,..
"....Cotabato","10.2.0.1 - Lower secondary general education services",0.000000000000000,0.000000000000000,0.000000000000000,0.000000000000000,0.000000000000000,0.000000000000000,0.000000000000000,0.000000000000000,0.000000000000000,0.000000000000000,0.000000000000000,0.000000000000000,0.000000000000000
"....Cotabato","10.2.0.2 - Lower secondary technical-vocational livelihood programs services",0.000000000000000,0.000000000000000,0.000000000000000,0.000000000000000,0.000000000000000,0.000000000000000,0.000000000000000,0.000000000000000,0.000000000000000,0.000000000000000,0.000000000000000,0.000000000000000,0.000000000000000
"....Cotabato","10.4 - TERTIARY EDUCATION (S)",74.005550416281200,74.005550416281200,74.005550416281200,74.005550416281200,74.005550416281200,77.417153804265800,77.417153804265800,77.417153804265800,77.417153804265800,77.417153804265800,77.417153804265800,77.417153804265800,75.995652392605600
"....Cotabato","10.4.0 - Tertiary education (s)",74.005550416281200,74.005550416281200,74.005550416281200,74.005550416281200,74.005550416281200,77.417153804265800,77.417153804265800,77.417153804265800,77.417153804265800,77.417153804265800,77.417153804265800,77.417153804265800,75.995652392605600
"....Cotabato","10.4.0.0 - Tertiary education (s)",74.005550416281200,74.005550416281200,74.005550416281200,74.005550416281200,74.005550416281200,77.417153804265800,77.417153804265800,77.417153804265800,77.417153804265800,77.417153804265800,77.417153804265800,77.417153804265800,75.995652392605600
"....Cotabato","10.5 - EDUCATION NOT DEFINED BY LEVEL (S)",..,..,..,..,..,..,..,..,..,..,..,..,..
"....Cotabato","10.5.0 - Education not defined by level (s)",..,..,..,..,..,..,..,..,..,..,..,..,..
"....Cotabato","10.5.0.2 - Review classes for professional and licensure examination (S)",..,..,..,..,..,..,..,..,..,..,..,..,..
"....Cotabato","10.5.0.9 - Other education not defined by level (S)",..,..,..,..,..,..,..,..,..,..,..,..,..
"....Cotabato","11 - RESTAURANTS AND ACCOMMODATION SERVICES",50.297176820208000,51.708766716196100,53.046062407132200,54.086181277860300,56.389301634472500,57.875185735512600,58.023774145616600,58.023774145616600,58.098068350668700,58.395245170876700,58.395245170876700,58.395245170876700,56.061168895492800
"....Cotabato","11.1 - FOOD AND BEVERAGE SERVING SERVICES",50.310199385784600,51.715512217789800,53.027137527661300,54.104544032198500,56.353044563406800,57.898888678612500,57.992576200746100,57.992576200746100,58.133107483946700,58.414170050347700,58.414170050347700,58.414170050347700,56.064174703494600
"....Cotabato","11.1.1 - Restaurants, café and the like (S)",50.310199385784600,51.715512217789800,53.027137527661300,54.104544032198500,56.353044563406800,57.898888678612500,57.992576200746100,57.992576200746100,58.133107483946700,58.414170050347700,58.414170050347700,58.414170050347700,56.064174703494600
"....Cotabato","11.1.1.1 - Restaurants, café and the like - with full service (S)",50.310199385784600,51.715512217789800,53.027137527661300,54.104544032198500,56.353044563406800,57.898888678612500,57.992576200746100,57.992576200746100,58.133107483946700,58.414170050347700,58.414170050347700,58.414170050347700,56.064174703494600
"....Cotabato","11.2 - ACCOMMODATION SERVICES",0.000000000000000,0.000000000000000,0.000000000000000,0.000000000000000,0.000000000000000,0.000000000000000,0.000000000000000,0.000000000000000,0.000000000000000,0.000000000000000,0.000000000000000,0.000000000000000,0.000000000000000
"....Cotabato","11.2.0 - Accommodation services (S)",0.000000000000000,0.000000000000000,0.000000000000000,0.000000000000000,0.000000000000000,0.000000000000000,0.000000000000000,0.000000000000000,0.000000000000000,0.000000000000000,0.000000000000000,0.000000000000000,0.000000000000000
"....Cotabato","11.2.0.1 - Hotels, motels, inns and similar accommodation services (S)",0.000000000000000,0.000000000000000,0.000000000000000,0.000000000000000,0.000000000000000,0.000000000000000,0.000000000000000,0.000000000000000,0.000000000000000,0.000000000000000,0.000000000000000,0.000000000000000,0.000000000000000
"....Cotabato","12 - FINANCIAL SERVICES",0.000000000000000,0.000000000000000,0.000000000000000,0.000000000000000,0.000000000000000,0.000000000000000,0.000000000000000,0.000000000000000,0.000000000000000,0.000000000000000,0.000000000000000,0.000000000000000,0.000000000000000
"....Cotabato","12.2 - FINANCIAL SERVICES",0.000000000000000,0.000000000000000,0.000000000000000,0.000000000000000,0.000000000000000,0.000000000000000,0.000000000000000,0.000000000000000,0.000000000000000,0.000000000000000,0.000000000000000,0.000000000000000,0.000000000000000
"....Cotabato","12.2.1 - Financial intermediation services indirectly measured (S)",0.000000000000000,0.000000000000000,0.000000000000000,0.000000000000000,0.000000000000000,0.000000000000000,0.000000000000000,0.000000000000000,0.000000000000000,0.000000000000000,0.000000000000000,0.000000000000000,0.000000000000000
"....Cotabato","12.2.1.0 - Financial intermediation services indirectly measured (S)",0.000000000000000,0.000000000000000,0.000000000000000,0.000000000000000,0.000000000000000,0.000000000000000,0.000000000000000,0.000000000000000,0.000000000000000,0.000000000000000,0.000000000000000,0.000000000000000,0.000000000000000
"....Cotabato","12.2.9 - Other financial services (S)",..,..,..,..,..,..,..,..,..,..,..,..,..
"....Cotabato","12.2.9.1 - Remittances fees (S)",..,..,..,..,..,..,..,..,..,..,..,..,..
"....Cotabato","13 - PERSONAL CARE, AND MISCELLANEOUS GOODS AND SERVICES",67.593397046046900,67.767158992180700,68.462206776715900,69.070373588184200,69.331016507384900,70.112945264987000,70.373588184187700,70.807993049522200,71.676802780191100,72.024326672458700,72.545612510860100,72.632493483927000,70.199826238053900
"....Cotabato","13.1 - PERSONAL CARE",68.464954227004900,68.653217162551200,69.343514592887700,70.033812023224100,70.284829270619200,71.100635324653100,71.477161195745800,71.916441378687100,72.920510368267400,73.359790551208800,73.861825045998900,74.050087981545200,71.288898260199500
"....Cotabato","13.1.1 - Electric appliances for personal care (SD)",..,..,..,..,..,..,..,..,..,..,..,..,..
"....Cotabato","13.1.1.1 - Electric appliances for personal care (SD)",..,..,..,..,..,..,..,..,..,..,..,..,..
"....Cotabato","13.1.2 - Other appliances, articles and products for personal care (ND)",70.384381765958200,70.451350730530900,71.254978305403900,72.192543809422400,72.527388632286100,73.331016207159100,73.598892065450100,74.201612746604800,74.804333427759600,75.340085144341600,76.009774790069000,76.277650648360000,73.364500689445500
"....Cotabato","13.1.2.0 - Other appliances, articles and products for personal care (ND)",70.384381765958200,70.451350730530900,71.254978305403900,72.192543809422400,72.527388632286100,73.331016207159100,73.598892065450100,74.201612746604800,74.804333427759600,75.340085144341600,76.009774790069000,76.277650648360000,73.364500689445500
"....Cotabato","13.1.3 - Hairdressing salons and personal grooming establishments (S)",57.823929840298400,58.333595888570300,58.518928997032800,58.657928828379700,58.657928828379700,59.445594539345300,59.908927310501500,60.047927141848400,61.901258226473300,62.086591334935800,62.086591334935800,62.086591334935800,59.962982800469800
"....Cotabato","13.1.3.1 - Hairdressing (S)",0.000000000000000,0.000000000000000,0.000000000000000,0.000000000000000,0.000000000000000,0.000000000000000,0.000000000000000,0.000000000000000,0.000000000000000,0.000000000000000,0.000000000000000,0.000000000000000,0.000000000000000
"....Cotabato","13.1.3.2 - Personal grooming treatments (S)",0.000000000000000,0.000000000000000,0.000000000000000,0.000000000000000,0.000000000000000,0.000000000000000,0.000000000000000,0.000000000000000,0.000000000000000,0.000000000000000,0.000000000000000,0.000000000000000,0.000000000000000
"....Cotabato","13.2 - OTHER PERSONAL EFFECTS",60.406426830779400,60.406426830779400,60.980087104576000,61.152185186715000,61.381649296233600,61.897943542650500,61.897943542650500,61.955309570030200,62.070041624789500,61.840577515270800,62.414237789067400,62.414237789067400,61.568088885217500
"....Cotabato","13.2.1 - Jewellery and watches (D)",74.178403755868500,74.178403755868500,74.553990610328600,74.647887323943700,74.835680751173700,75.211267605633800,75.211267605633800,75.211267605633800,75.211267605633800,74.929577464788700,75.211267605633800,75.211267605633800,74.882629107981200
"....Cotabato","13.2.1.1 - Jewellery and watches (D)",64.415932816281500,64.415932816281500,65.027134854140600,65.211030726149600,65.424683809074700,65.913288598927800,65.913288598927800,65.913288598927800,65.913288598927800,65.608579681083600,66.035885846933800,66.035885846933800,65.485685066049200
"....Cotabato","13.2.1.2 - Repair and hire of jewellery, clocks and watches (S)",95.201827875095200,95.201827875095200,95.201827875095200,95.201827875095200,95.201827875095200,95.201827875095200,95.201827875095200,95.201827875095200,95.201827875095200,95.201827875095200,95.201827875095200,95.201827875095200,95.201827875095200
"....Cotabato","13.2.9 - Other personal effects n.e.c. (SD)",58.468393846644500,58.468393846644500,59.022071818677100,59.188175210286900,59.409646399099900,59.963324371132600,59.963324371132600,60.074059965539100,60.240163357148900,60.018692168335800,60.627737937571700,60.627737937571700,59.672643435815500
"....Cotabato","13.2.9.1 - Travel goods and articles for babies and other personal effects n.e.c. (SD)",58.468393846644500,58.468393846644500,59.022071818677100,59.188175210286900,59.409646399099900,59.963324371132600,59.963324371132600,60.074059965539100,60.240163357148900,60.018692168335800,60.627737937571700,60.627737937571700,59.672643435815500
"....Cotabato","13.9 - OTHER SERVICES",..,..,..,..,..,..,..,..,..,..,..,..,..
"....Cotabato","13.9.0 - Other services (S)",..,..,..,..,..,..,..,..,..,..,..,..,..
"....Cotabato","13.9.0.9 - Other services n.e.c. (S)",..,..,..,..,..,..,..,..,..,..,..,..,..
