"Geolocation","Commodity Description","2015 Jan","2015 Feb","2015 Mar","2015 Apr","2015 May","2015 Jun","2015 Jul","2015 Aug","2015 Sep","2015 Oct","2015 Nov","2015 Dec","2015 Ave"
"....Misamis Oriental","0 - ALL ITEMS",90.229885057471300,90.229885057471300,89.655172413793100,90.147783251231500,90.640394088670000,90.886699507389200,91.050903119868600,90.886699507389200,90.804597701149400,90.640394088670000,91.133004926108400,91.379310344827600,90.640394088670000
"....Misamis Oriental","01 - FOOD AND NON-ALCOHOLIC BEVERAGES",92.968111201962400,92.968111201962400,91.496320523303400,92.477514309076000,92.968111201962400,92.641046606704800,92.722812755519200,92.641046606704800,92.395748160261700,91.905151267375300,92.559280457890400,92.641046606704800,92.532025074952300
"....Misamis Oriental","01.1 - FOOD",92.880258899676400,92.880258899676400,91.262135922330100,92.313915857605200,92.799352750809000,92.475728155339800,92.475728155339800,92.394822006472500,92.152103559870600,91.585760517799400,92.394822006472500,92.475728155339800,92.340884573894300
"....Misamis Oriental","01.1.1 - Cereals and cereal products (ND)",98.209926769731500,97.558991049633800,97.721724979658200,98.291293734743700,98.209926769731500,98.047192839707100,97.477624084621600,98.128559804719300,97.884458909682700,95.524816924328700,96.013018714402000,96.175752644426400,97.436940602115600
"....Misamis Oriental","01.1.1.1 - Cereals (ND)",95.523893472566700,94.957429413325800,94.450572063172800,94.105570626820300,93.950071916612800,93.953324691001900,93.850572367369800,93.679886582592100,93.860623565775700,93.740882918868500,93.590213666005900,93.497014033169600,94.096671276440100
"....Misamis Oriental","01.1.1.12 - Rice",100.638659767866000,99.972556843863400,100.070062248745000,100.070062248745000,100.005088686361000,99.517366893799900,98.615729187571200,99.381515316750800,99.695062987561300,96.642625659374600,96.876416378851100,97.131066104183800,99.051351026972600
"....Misamis Oriental","01.1.1.16 - Corn",95.331859023466800,94.241939905253000,93.825172900132000,97.890648590113500,98.105978803012300,99.281467962966000,99.794452388079900,100.853710924085000,96.543841048983000,96.543841048983000,97.008379757958100,97.460925158494500,97.240184792627300
"....Misamis Oriental","01.1.1.20 - Flour, Bread and Other Bakery Products, Pasta Products,  and Other Cereals",90.869565217391300,90.869565217391300,91.565217391304400,91.652173913043500,91.652173913043500,91.652173913043500,91.652173913043500,91.739130434782600,91.826086956521700,90.782608695652200,92.000000000000000,91.826086956521700,91.507246376811600
"....Misamis Oriental","01.1.2 - Meat and other parts of slaughtered land animals (ND)",90.871021775544400,90.787269681742000,90.703517587939700,90.703517587939700,90.452261306532700,90.201005025125600,90.619765494137400,90.452261306532700,89.782244556113900,89.363484087102200,90.703517587939700,90.703517587939700,90.445281965382400
"....Misamis Oriental","01.1.2.2 - Meat, fresh, chilled or frozen (ND)",89.885290059077500,89.720494857255100,89.805021108989100,89.870836512097900,89.557145872005700,89.259988436258100,89.805021108989100,89.506542232524700,88.650673137891900,88.130331794704800,89.830902880668900,89.763165866069100,89.482117822211000
"....Misamis Oriental","01.1.2.3 - Meat, dried, salted, in brine or smoked (ND)",..,..,..,..,..,..,..,..,..,..,..,..,..
"....Misamis Oriental","01.1.2.4 - Offal, blood and other parts of slaughtered animals, fresh, chilled or frozen, dried, salted, in brine or smoked (ND)",89.810816385467300,89.906339133801200,90.164097650205400,90.414089379943700,90.414089379943700,90.414089379943700,90.410573169026700,90.847732584235700,90.410573169026700,89.880325369445100,89.929354188800300,91.999194287328400,90.383439506430700
"....Misamis Oriental","01.1.2.5 - Meat, offal, blood and other parts of slaughtered animals' preparations (ND)",88.326664498138700,88.478542281739500,88.478542281739500,88.478542281739500,88.478542281739500,88.478542281739500,88.478542281739500,89.075679085817900,89.075679085817900,89.075679085817900,89.075679085817900,89.075679085817900,88.714692801472100
"....Misamis Oriental","01.1.3 - Fish and other seafood (ND)",87.279693486590000,88.352490421455900,83.448275862069000,84.674329501915700,81.685823754789300,81.915708812260500,83.141762452107300,84.367816091954000,86.130268199233700,83.754789272030600,83.984674329501900,83.831417624521100,84.380587484035800
"....Misamis Oriental","01.1.3.1 - Fish, live, fresh, chilled or frozen (ND)",86.044929002463100,87.874121484604000,81.014180319185700,82.001163604851400,78.076501724589100,78.722621706529900,80.522487874382300,82.258933708331200,84.963835905941100,82.252662386403400,81.751817019586500,81.953541886073100,82.286399718578400
"....Misamis Oriental","01.1.3.2 - Fish, dried, salted, in brine or smoked (ND)",91.206485213950300,90.802019871945400,89.341302304825600,90.720047157753700,89.341302304825600,88.941562929231000,88.941562929231000,89.638844932637100,89.099915985640800,84.983601151361300,88.132202420542300,87.113298785284000,89.021845498935700
"....Misamis Oriental","01.1.3.3 - Fish preparations (ND)",88.726035779318100,89.251023361110900,89.673949918005000,91.563579797405400,91.434087907509900,90.963860044740900,90.180302455841900,89.734368786248700,90.573374638284300,90.598642706002100,91.089410197105200,89.276696080621400,90.255444306016100
"....Misamis Oriental","01.1.3.4 - Other seafood, live, fresh, chilled or frozen (ND)",90.099353019036800,87.495068036959700,86.602255081079500,88.480484826718900,87.716313862082600,86.256543847026200,86.797897864166200,87.044751540015300,84.729523831596000,85.202162159817600,86.594316229014400,88.001680569453800,87.085029238913900
"....Misamis Oriental","01.1.3.6 - Other seafood preparations (ND)",..,..,..,..,..,..,..,..,..,..,..,..,..
"....Misamis Oriental","01.1.4 - Milk, other dairy products and eggs (ND)",93.088737201365200,93.430034129692800,93.259385665529000,92.235494880546100,91.808873720136500,91.979522184300300,91.723549488054600,91.723549488054600,91.808873720136500,94.027303754266200,94.368600682593900,93.941979522184300,92.782992036405000
"....Misamis Oriental","01.1.4.1 - Raw and whole milk (ND)",..,..,..,..,..,..,..,..,..,..,..,..,..
"....Misamis Oriental","01.1.4.3 - Other milk and cream (ND)",93.112680766725300,93.255260875875100,93.064619612375500,93.515564098679400,93.515564098679400,93.711953211234500,93.465351396431400,93.372044234319900,93.522117949961200,93.868239383884700,94.128622352138000,94.232912363210700,93.563744195292900
"....Misamis Oriental","01.1.4.4 - Non-animal milk (ND)",..,..,..,..,..,..,..,..,..,..,..,..,..
"....Misamis Oriental","01.1.4.5 - Cheese (ND)",103.040602536472000,103.300657930514000,103.332090942360000,103.332090942360000,101.716139524901000,99.893112957673800,99.504939083176100,99.504939083176100,102.735713411741000,102.739955183563000,102.739955183563000,102.735713411741000,102.047992515937000
"....Misamis Oriental","01.1.4.6 - Yoghurt and similar products (ND)",..,..,..,..,..,..,..,..,..,..,..,..,..
"....Misamis Oriental","01.1.4.7 - Milk-based dessert and beverages (ND)",..,..,..,..,..,..,..,..,..,..,..,..,..
"....Misamis Oriental","01.1.4.8 - Eggs (ND)",92.624066356669300,93.280795985115100,93.111733402137200,89.593047039674000,88.417674154627400,88.715550088785500,88.448110220153000,88.448110220153000,88.448110220153000,93.809590006394900,94.299466199566200,93.139621359043400,91.027989604372700
"....Misamis Oriental","01.1.5 - Oils and fats (ND)",101.488095238095000,100.892857142857000,100.694444444444000,100.992063492063000,100.595238095238000,100.595238095238000,100.595238095238000,100.793650793651000,100.099206349206000,100.198412698413000,100.694444444444000,99.206349206349200,100.570436507937000
"....Misamis Oriental","01.1.5.1 - Vegetable oils (ND)",102.295883052687000,101.581312134340000,101.380811991689000,101.658991431550000,101.182865400259000,101.182865400259000,101.176317753701000,101.392022605848000,100.682504130463000,100.708830780661000,101.309670626438000,99.569604033040900,101.176806611745000
"....Misamis Oriental","01.1.5.2 - Butter and other fats and oils derived from milk (ND)",94.722861150693900,94.722861150693900,94.722861150693900,94.722861150693900,94.722861150693900,97.410373669206100,97.410373669206100,97.410373669206100,97.410373669206100,97.429501872184800,97.419937770695500,97.419937770695500,96.293764820322500
"....Misamis Oriental","01.1.5.3 - Margarine and similar preparations (ND)",96.992499893752900,97.419988740574500,97.417250608845400,97.419988740574600,97.281755154767900,97.224303670378600,97.284489247547900,97.289956972120200,97.229778165937400,97.229778165937400,97.224303670378600,97.218828558235800,97.269410132420900
"....Misamis Oriental","01.1.5.9 - Other animal oils and fats (ND)",83.752718550957400,86.407310910267700,86.462569156569400,86.352017303203600,89.469101937370300,89.469101937370300,89.469101937370300,89.469101937370300,89.469101937370300,89.526391500734200,89.112325477690500,89.226659725445900,88.182125192643300
"....Misamis Oriental","01.1.6 - Fruits and nuts (ND)",83.222591362126300,82.558139534883700,79.485049833887000,82.225913621262500,80.066445182724300,77.159468438538200,74.750830564784100,75.996677740863800,80.897009966777400,88.289036544850500,89.368770764119600,84.385382059800700,81.533776301218200
"....Misamis Oriental","01.1.6.1 - Dates, figs and tropical fruits, fresh (ND)",82.773294384790500,81.791380122411700,78.338892204607600,81.645338250210500,79.085375917044900,75.542118285801200,72.892148100736300,74.273545357089300,79.895595179459400,88.467447631628600,89.736207109107100,83.961065278307100,80.700200651766200
"....Misamis Oriental","01.1.6.2 - Citrus fruits, fresh (ND)",0.000000000000000,0.000000000000000,0.000000000000000,0.000000000000000,0.000000000000000,0.000000000000000,0.000000000000000,0.000000000000000,0.000000000000000,0.000000000000000,0.000000000000000,0.000000000000000,0.000000000000000
"....Misamis Oriental","01.1.6.3 - Stone fruits and pome fruits, fresh (ND)",0.000000000000000,0.000000000000000,0.000000000000000,0.000000000000000,0.000000000000000,0.000000000000000,0.000000000000000,0.000000000000000,0.000000000000000,0.000000000000000,0.000000000000000,0.000000000000000,0.000000000000000
"....Misamis Oriental","01.1.6.5 - Other fruits, fresh (ND)",0.000000000000000,0.000000000000000,0.000000000000000,0.000000000000000,0.000000000000000,0.000000000000000,0.000000000000000,0.000000000000000,0.000000000000000,0.000000000000000,0.000000000000000,0.000000000000000,0.000000000000000
"....Misamis Oriental","01.1.6.7 - Fruit, dried and dehydrated (ND)",89.337651275960000,88.679218480735500,89.733229763501700,89.733229763501700,88.009283785286900,81.665752576210200,84.054657244918700,89.792253686305500,89.733229763501700,89.733229763501700,89.733229763501700,89.740180439731200,88.328762192221400
"....Misamis Oriental","01.1.6.8 - Nuts, in shell or shelled (ND)",82.020808432305400,84.438914823025200,83.348728871774500,81.582924850730800,82.876284460789400,84.218877019708900,82.892563606910400,82.892563606910400,83.990543845691200,84.134143633122300,83.511482412449300,83.511482412449300,83.284943164655600
"....Misamis Oriental","01.1.6.9 - Fruit and nuts ground and other preparations (ND)",94.580467690560900,94.580467690560900,94.580467690560900,94.580467690560900,94.580467690560900,94.885941364887000,94.720835951165900,94.394016741049300,94.611408233957900,94.746944967833900,94.706821433118200,94.676912437936800,94.637101631896100
"....Misamis Oriental","01.1.7 - Vegetables, tubers, plantains, cooking bananas and pulses (ND)",86.661807580174900,87.609329446064100,78.352769679300300,84.548104956268200,93.440233236151600,90.670553935860100,92.201166180758000,86.443148688046600,82.725947521865900,85.932944606414000,90.087463556851300,92.274052478134100,87.578960155490800
"....Misamis Oriental","01.1.7.1 - Leafy or stem vegetables, fresh or chilled (ND)",91.982954685529600,97.468955911259200,88.039068428416700,88.789905352165000,96.755744763859600,104.147866957411000,98.875349686666900,94.800789653151800,92.253483299656800,92.872546728464300,92.024204924397200,92.849715119740800,94.238382125893300
"....Misamis Oriental","01.1.7.2 - Fruit-bearing vegetables, fresh or chilled (ND)",84.919202917611900,89.014589454578400,73.964452702246900,88.898382557701300,103.508230934953000,88.275247336608000,88.220544888668600,80.977815330844500,74.252418665344400,79.302966122844100,87.038605339633400,92.001135210813300,85.864465955154000
"....Misamis Oriental","01.1.7.3 - Green leguminous vegetables, fresh or chilled (ND)",0.000000000000000,0.000000000000000,0.000000000000000,0.000000000000000,0.000000000000000,0.000000000000000,0.000000000000000,0.000000000000000,0.000000000000000,0.000000000000000,0.000000000000000,0.000000000000000,0.000000000000000
"....Misamis Oriental","01.1.7.4 - Other vegetables, fresh or chilled (ND)",80.490628525607400,78.386234373471600,72.157952152651900,73.545214520033400,81.248827576964000,78.733183626956200,88.194086773849200,79.728306724491900,76.592768392960800,81.948027576168400,86.012409038454700,86.609101772533000,80.303895087845200
"....Misamis Oriental","01.1.7.5 - Tubers, plantains and cooking bananas (ND)",0.000000000000000,0.000000000000000,0.000000000000000,0.000000000000000,0.000000000000000,0.000000000000000,0.000000000000000,0.000000000000000,0.000000000000000,0.000000000000000,0.000000000000000,0.000000000000000,0.000000000000000
"....Misamis Oriental","01.1.7.9 - Vegetables, tubers, plantains, cooking bananas and pulses ground and other preparations (ND)",84.848291116502000,84.848291116502000,84.848291116502000,84.848291116502000,84.848291116502000,84.848291116502000,84.848291116502000,84.848291116502000,83.736437997858300,83.736437997858300,83.736437997858300,86.377089154637200,84.697727673352300
"....Misamis Oriental","01.1.8 - Sugar, confectionery and desserts (ND)",85.601265822784800,85.443037974683500,85.759493670886100,86.471518987341800,91.218354430379700,91.772151898734200,91.455696202531700,91.376582278481000,90.506329113924100,91.139240506329100,90.506329113924100,91.376582278481000,89.385548523206700
"....Misamis Oriental","01.1.8.1 - Cane and beet sugar (ND)",82.615265674836900,82.338552238609300,82.761865559794300,84.108968081427200,92.226387215275500,93.263737673502900,92.718815636410400,92.644240646282500,91.276113946077100,91.399876926445200,90.066612625407900,91.400154523546900,88.901715895634700
"....Misamis Oriental","01.1.8.3 - Jams, fruit jellies, marmalades, fruit purée and pastes, honey (ND)",98.036329752070800,98.822272434967700,99.611107270476200,99.611107270476200,99.611107270476200,99.611107270476200,99.611107270476200,98.822272434967700,98.822272434967700,98.822272434967700,99.218257760715100,99.611107270476100,99.184193406292800
"....Misamis Oriental","01.1.8.4 - Nut purée, nut butter and nut pastes (ND)",0.000000000000000,0.000000000000000,0.000000000000000,0.000000000000000,0.000000000000000,0.000000000000000,0.000000000000000,0.000000000000000,0.000000000000000,0.000000000000000,0.000000000000000,0.000000000000000,0.000000000000000
"....Misamis Oriental","01.1.8.5 - Chocolate, cocoa, and cocoa-based food products (ND)",89.409194706458500,89.905249526379000,89.905249526379000,89.905249526379000,89.905249526379000,89.905249526379000,89.905249526379000,89.905249526379000,89.905249526379000,89.905249526379000,89.905249526379000,89.905249526379000,89.863911624719000
"....Misamis Oriental","01.1.8.6 - Ice, ice cream and sorbet (ND)",90.803748389696400,90.893846481393100,90.893846481393100,90.893846481393100,90.893846481393100,90.893846481393100,90.893846481393100,90.893846481393100,90.803748389696400,93.034471517376100,93.399907425758900,93.760028374356600,91.504902455553000
"....Misamis Oriental","01.1.8.9 - Other sugar confectionery and desserts n.e.c. (ND)",88.552654733168600,88.552654733168600,88.552654733168600,88.552654733168600,88.870834532985100,88.870834532985100,88.870834532985100,88.831186597973800,88.801427404256700,88.801427404256700,89.304646235255300,89.304646235255300,88.822204700718900
"....Misamis Oriental","01.1.9 - Ready-made food and other food products n.e.c. (ND)",92.000000000000000,92.320000000000000,93.200000000000000,96.000000000000000,98.800000000000000,100.240000000000000,99.360000000000000,97.920000000000000,97.280000000000000,95.760000000000000,94.720000000000000,94.320000000000000,95.993333333333300
"....Misamis Oriental","01.1.9.2 - Baby food (ND)",0.000000000000000,0.000000000000000,0.000000000000000,0.000000000000000,0.000000000000000,0.000000000000000,0.000000000000000,0.000000000000000,0.000000000000000,0.000000000000000,0.000000000000000,0.000000000000000,0.000000000000000
"....Misamis Oriental","01.1.9.3 - Salt, condiments and sauces (ND)",87.209917318630900,88.112837388494600,88.725776468815500,89.297908067637900,89.846485023271500,91.365453216752400,91.688710463021300,91.688710463021300,91.766198630272300,90.582873225180500,90.452761807804000,90.386061397872800,90.093641122564600
"....Misamis Oriental","01.1.9.4 - Spices, culinary herbs and seeds (ND)",97.147973383416900,96.664283859189000,97.962186024099700,103.695781583908000,109.461248693690000,111.036878648533000,108.470486114361000,105.258757735380000,103.668994544825000,101.643002174551000,99.406904033398400,98.513882887897300,102.744198306937000
"....Misamis Oriental","01.1.9.9 - Other food products n.e.c. (ND)",107.645894949565000,108.787675334052000,109.153045057088000,109.518414780124000,109.518414780124000,109.518414780124000,109.518414780124000,108.719168510983000,108.719168510983000,108.691889096974000,108.303683766248000,107.572944320177000,108.805594055547000
"....Misamis Oriental","01.2 - NON-ALCOHOLIC BEVERAGES",94.241316270566700,94.241316270566700,94.332723948811700,94.332723948811700,94.698354661791600,94.789762340036600,94.881170018281500,94.972577696526500,94.972577696526500,94.972577696526500,94.424131627056700,94.149908592321800,94.584095063985300
"....Misamis Oriental","01.2.1 - Fruit and vegetable juices (ND)",89.101100837268200,89.144468832478200,89.187836827688200,89.187836827688200,89.223040940190700,89.258227490149300,89.293396503822500,89.187836827688200,90.028091734882100,90.028091734882100,89.533360035292400,89.059790613295200,89.352756600443800
"....Misamis Oriental","01.2.1.0 - Fruit and vegetable juices (ND)",89.101100837268200,89.144468832478200,89.187836827688200,89.187836827688200,89.223040940190700,89.258227490149300,89.293396503822500,89.187836827688200,90.028091734882100,90.028091734882100,89.533360035292400,89.059790613295200,89.352756600443800
"....Misamis Oriental","01.2.2 - Coffee and coffee substitutes (ND)",91.532976827094500,91.532976827094500,91.532976827094500,91.532976827094500,92.424242424242400,92.780748663101600,93.226381461675600,93.226381461675600,93.137254901960800,93.137254901960800,91.800356506238900,91.354723707664900,92.268270944741500
"....Misamis Oriental","01.2.2.0 - Coffee and coffee substitutes (ND)",91.526838446557700,91.513040777177500,91.513040777177500,91.513040777177500,92.387835744609000,92.805672475837100,93.226429334209100,93.193174558849200,93.119930393197600,93.119930393197600,91.781348476270700,91.340217732594100,92.253374990571200
"....Misamis Oriental","01.2.3 - Tea, maté and other plant products for infusion (ND)",83.165601291721000,83.165601291721000,83.165601291721000,83.165601291721000,83.165601291721000,83.165601291721000,83.165601291721000,83.165601291721000,83.116449045094700,83.116449045094700,83.116449045094700,83.116449045094700,83.149217209512300
"....Misamis Oriental","01.2.3.0 - Tea, maté and other plant products for infusion (ND)",83.165601291721000,83.165601291721000,83.165601291721000,83.165601291721000,83.165601291721000,83.165601291721000,83.165601291721000,83.165601291721000,83.116449045094700,83.116449045094700,83.116449045094700,83.116449045094700,83.149217209512300
"....Misamis Oriental","01.2.4 - Cocoa drinks (ND)",86.796327928652200,86.746296416418200,86.746296416418200,86.746296416418200,86.587672576280500,86.646146723896600,86.437128841592400,86.646146723896600,86.646146723896600,86.545881139618400,86.545881139618400,86.545881139618400,86.636341848860400
"....Misamis Oriental","01.2.4.0 - Cocoa drinks (ND)",86.796327928652200,86.746296416418200,86.746296416418200,86.746296416418200,86.587672576280500,86.646146723896600,86.437128841592400,86.646146723896600,86.646146723896600,86.545881139618400,86.545881139618400,86.545881139618400,86.636341848860400
"....Misamis Oriental","01.2.5 - Water (ND)",106.697997300339000,106.697997300339000,106.697997300339000,106.697997300339000,106.697997300339000,106.132556132226000,106.132556132226000,106.132556132226000,106.697997300339000,106.723314182247000,106.723314182247000,106.697997300339000,106.560856488629000
"....Misamis Oriental","01.2.5.0 - Water (ND)",106.697997300339000,106.697997300339000,106.697997300339000,106.697997300339000,106.697997300339000,106.132556132226000,106.132556132226000,106.132556132226000,106.697997300339000,106.723314182247000,106.723314182247000,106.697997300339000,106.560856488629000
"....Misamis Oriental","01.2.6 - Soft drinks (ND)",99.562567044147900,99.562567044147900,99.562567044147900,99.562567044147900,99.562567044147900,99.562567044147900,99.562567044147900,99.562567044147900,99.562567044147900,99.562567044147900,99.562567044147900,99.562567044147900,99.562567044147900
"....Misamis Oriental","01.2.6.0 - Soft drinks (ND)",99.562567044147900,99.562567044147900,99.562567044147900,99.562567044147900,99.562567044147900,99.562567044147900,99.562567044147900,99.562567044147900,99.562567044147900,99.562567044147900,99.562567044147900,99.562567044147900,99.562567044147900
"....Misamis Oriental","01.2.9 - Other non-alcoholic beverages (ND)",..,..,..,..,..,..,..,..,..,..,..,..,..
"....Misamis Oriental","01.2.9.0 - Other non-alcoholic beverages (ND)",..,..,..,..,..,..,..,..,..,..,..,..,..
"....Misamis Oriental","02 - ALCOHOLIC BEVERAGES AND TOBACCO",70.302713987473900,70.772442588726500,71.711899791231700,71.764091858037600,72.025052192066800,72.129436325678500,72.233820459290200,72.129436325678500,72.442588726513600,72.442588726513600,72.442588726513600,72.442588726513600,71.903270702853200
"....Misamis Oriental","02.1 - ALCOHOLIC BEVERAGES",86.342943854324700,86.646433990895300,87.936267071320200,88.012139605462800,88.163884673748100,88.163884673748100,88.163884673748100,88.163884673748100,88.543247344461300,88.467374810318700,88.467374810318700,88.391502276176000,87.955235204855800
"....Misamis Oriental","02.1.1 - Spirits and liquors (ND)",89.779874213836500,90.330188679245300,92.845911949685500,92.845911949685500,93.081761006289300,93.081761006289300,93.081761006289300,93.081761006289300,93.710691823899400,93.632075471698100,93.553459119496900,93.396226415094300,92.701781970649900
"....Misamis Oriental","02.1.1.0 - Spirits and liquors (ND)",89.779874213836500,90.330188679245300,92.845911949685500,92.845911949685500,93.081761006289300,93.081761006289300,93.081761006289300,93.081761006289300,93.710691823899400,93.632075471698100,93.553459119496900,93.396226415094300,92.701781970649900
"....Misamis Oriental","02.1.2 - Wine (ND)",80.855539971949500,80.855539971949500,80.855539971949500,82.047685834502100,82.047685834502100,82.187938288920100,82.047685834502100,82.047685834502100,82.398316970547000,82.398316970547000,82.398316970547000,82.538569424964900,81.889901823281900
"....Misamis Oriental","02.1.2.1 - Wine from grapes (ND)",0.000000000000000,0.000000000000000,0.000000000000000,0.000000000000000,0.000000000000000,0.000000000000000,0.000000000000000,0.000000000000000,0.000000000000000,0.000000000000000,0.000000000000000,0.000000000000000,0.000000000000000
"....Misamis Oriental","02.1.2.2 - Wine from other sources (ND)",80.855539971949500,80.855539971949500,80.855539971949500,82.047685834502100,82.047685834502100,82.187938288920100,82.047685834502100,82.047685834502100,82.398316970547000,82.398316970547000,82.398316970547000,82.538569424964900,81.889901823281900
"....Misamis Oriental","02.1.3 - Beer (ND)",83.193524650478300,83.267108167770400,83.517292126563600,83.517292126563600,83.517292126563600,83.517292126563600,83.517292126563600,83.517292126563600,83.657100809418700,83.657100809418700,83.657100809418700,83.657100809418700,83.516065734608800
"....Misamis Oriental","02.1.3.0 - Beer (ND)",83.193524650478300,83.267108167770400,83.517292126563600,83.517292126563600,83.517292126563600,83.517292126563600,83.517292126563600,83.517292126563600,83.657100809418700,83.657100809418700,83.657100809418700,83.657100809418700,83.516065734608800
"....Misamis Oriental","02.3 - TOBACCO",62.055177928828500,62.614954018392600,63.374650139944000,63.414634146341500,63.694522191123600,63.894442223110800,64.054378248700500,63.894442223110800,64.174330267892800,64.214314274290300,64.214314274290300,64.214314274290300,63.651206184193000
"....Misamis Oriental","02.3.0 - Tobacco (ND)",62.055177928828500,62.614954018392600,63.374650139944000,63.414634146341500,63.694522191123600,63.894442223110800,64.054378248700500,63.894442223110800,64.174330267892800,64.214314274290300,64.214314274290300,64.214314274290300,63.651206184193000
"....Misamis Oriental","02.3.0.1 - Cigarettes (ND)",61.982384337450800,62.580139841614600,63.313014536166300,63.378887707297900,63.644977966715200,63.851330722563900,63.986472339608100,63.863358853590500,64.128516003142300,64.167298292964700,64.170316297266900,64.182226100977400,63.604076916613200
"....Misamis Oriental","02.3.0.2 - Cigars (ND)",..,..,..,..,..,..,..,..,..,..,..,..,..
"....Misamis Oriental","02.3.0.9 - Other tobacco products (ND)",..,..,..,..,..,..,..,..,..,..,..,..,..
"....Misamis Oriental","02.4 - OTHER VEGETABLE-BASED TOBACCO PRODUCTS",..,..,..,..,..,..,..,..,..,..,..,..,..
"....Misamis Oriental","02.4.0 - Other vegetable-based tobacco products (ND)",..,..,..,..,..,..,..,..,..,..,..,..,..
"....Misamis Oriental","02.4.0.0 - Other vegetable-based tobacco products (ND)",..,..,..,..,..,..,..,..,..,..,..,..,..
"....Misamis Oriental","02.900 - NON-FOOD",88.626790227464200,88.626790227464200,88.879528222409400,88.879528222409400,89.300758213984800,90.227464195450700,90.395956192080900,90.143218197135600,90.227464195450700,90.480202190396000,90.817186183656300,91.238416175231700,89.820275203594500
"....Misamis Oriental","03 - CLOTHING AND FOOTWEAR",91.766723842195500,91.680960548885100,91.680960548885100,91.680960548885100,92.109777015437400,92.024013722126900,92.281303602058300,92.367066895368800,92.195540308747900,92.195540308747900,92.281303602058300,92.281303602058300,92.045454545454600
"....Misamis Oriental","03.1 - CLOTHING",93.403693931398400,93.315743183817100,93.315743183817100,93.315743183817100,93.667546174142500,93.579595426561100,93.931398416886500,94.019349164467900,93.843447669305200,93.843447669305200,93.931398416886500,93.931398416886500,93.674875403107600
"....Misamis Oriental","03.1.1 - Clothing materials (SD)",95.992329817833200,95.992329817833200,95.992329817833200,95.992329817833200,95.992329817833200,95.992329817833200,95.992329817833200,95.992329817833200,95.992329817833200,95.992329817833200,95.992329817833200,95.992329817833200,95.992329817833200
"....Misamis Oriental","03.1.1.0 - Clothing materials (SD)",95.993744124332000,95.993744124332000,95.993744124332000,95.993744124332000,95.993744124332000,95.993744124332000,95.993744124332000,95.993744124332000,95.993744124332000,95.993744124332000,95.993744124332000,95.993744124332000,95.993744124332000
"....Misamis Oriental","03.1.2 - Garments (SD)",93.327480245829700,93.239683933274800,93.239683933274800,93.239683933274800,93.590869183494300,93.503072870939400,93.854258121158900,93.942054433713800,93.766461808604000,93.766461808604000,93.766461808604000,93.766461808604000,93.583552824114700
"....Misamis Oriental","03.1.2.1 - Garments for men or boys (SD)",92.712048356665200,92.575839825187900,92.575839825187900,92.575839825187900,92.640720326538700,92.423436350307300,92.432941843691100,92.432941843691100,92.423436350307300,92.423436350307300,92.423436350307300,92.423436350307300,92.505279466473900
"....Misamis Oriental","03.1.2.2 - Garments for women or girls (SD)",94.098882022625700,94.098882022625700,94.098882022625700,94.098882022625700,94.665356030103200,94.766881876394600,95.396036961271200,95.745456662999600,95.288851513927600,95.225054100012100,95.225054100012100,95.225054100012100,94.827772786269600
"....Misamis Oriental","03.1.2.3 - Garments for infants (0 to under 2 years) (SD)",93.336369748139100,93.336369748139100,93.336369748139100,93.336369748139100,93.336369748139100,95.069322340265700,95.069322340265700,95.069322340265700,95.069322340265700,95.069322340265700,95.069322340265700,95.069322340265700,94.347258760212900
"....Misamis Oriental","03.1.2.4 - School uniforms (SD)",..,..,..,..,..,..,..,..,..,..,..,..,..
"....Misamis Oriental","03.1.3 - Other articles of clothing and clothing accessories (SD)",98.562443845462700,98.562443845462700,98.562443845462700,98.562443845462700,98.562443845462700,98.562443845462700,98.562443845462700,98.652291105121300,98.652291105121300,98.652291105121300,98.652291105121300,98.831985624438500,98.614854746930200
"....Misamis Oriental","03.1.3.1 - Other articles of clothing (SD)",99.478057605814300,99.478057605814300,99.478057605814300,99.478057605814300,99.478057605814300,99.478057605814300,99.478057605814300,99.623246882552800,99.623246882552800,99.623246882552800,99.623246882552800,99.623246882552800,99.538553137788700
"....Misamis Oriental","03.1.3.2 - Clothing accessories (SD)",93.315816073588100,93.315816073588100,93.315816073588100,93.315816073588100,93.315816073588100,93.315816073588100,93.315816073588100,93.554465272622300,93.315816073588100,93.315816073588100,93.315816073588100,94.455715420976400,93.430695119123400
"....Misamis Oriental","03.1.4 - Cleaning, repair, tailoring and hire of clothing (S)",91.071428571428600,91.071428571428600,91.071428571428600,92.321428571428600,92.321428571428600,92.321428571428600,92.321428571428600,92.321428571428600,92.410714285714300,92.500000000000000,94.285714285714300,95.714285714285700,92.477678571428600
"....Misamis Oriental","03.1.4.1 - Cleaning of clothing (S)",94.428706326723300,94.428706326723300,94.428706326723300,95.976821079053600,95.976821079053600,95.976821079053600,95.976821079053600,95.976821079053600,95.976821079053600,95.976821079053600,97.675657763842400,99.345448082727200,96.012081031676200
"....Misamis Oriental","03.1.4.2 - Repair, tailoring and hire of clothing (S)",76.524723869600800,76.524723869600800,76.524723869600800,76.524723869600800,76.524723869600800,76.524723869600800,76.524723869600800,76.524723869600800,76.866016203297800,77.360473056348800,79.731425675331300,80.286525335099900,77.203519268907000
"....Misamis Oriental","03.2 - FOOTWEAR",87.781350482315100,87.781350482315100,87.781350482315100,87.781350482315100,88.344051446945300,88.344051446945300,88.344051446945300,88.344051446945300,88.263665594855300,88.263665594855300,88.263665594855300,88.263665594855300,88.129689174705200
"....Misamis Oriental","03.2.1 - Shoes and other footwear (SD)",87.781350482315100,87.781350482315100,87.781350482315100,87.781350482315100,88.344051446945300,88.344051446945300,88.344051446945300,88.344051446945300,88.263665594855300,88.183279742765300,88.183279742765300,88.183279742765300,88.109592711682700
"....Misamis Oriental","03.2.1.1 - Footwear for men (SD)",89.823979668298700,89.823979668298700,89.823979668298700,89.823979668298700,90.597775498708800,90.597775498708800,90.597775498708800,90.597775498708800,90.438859301120700,90.438859301120700,90.438859301120700,90.438859301120700,90.286871489376100
"....Misamis Oriental","03.2.1.2 - Footwear for women (SD)",85.070488956164000,85.070488956164000,85.070488956164000,85.070488956164000,85.803891421709800,85.803891421709800,85.803891421709800,85.803891421709800,85.803891421709800,85.411255486025900,85.411255486025900,85.411255486025900,85.461264949273600
"....Misamis Oriental","03.2.1.3 - Footwear for infants and children (SD)",87.164046582383700,87.164046582383700,87.195768982225700,87.195768982225700,87.195768982225700,87.195768982225700,87.195768982225700,87.195768982225700,87.195768982225700,87.299625581377900,87.299625581377900,87.299625581377900,87.216446065373400
"....Misamis Oriental","03.2.2 - Cleaning, repair, and hire of footwear (S)",96.348096348096400,96.348096348096400,96.348096348096400,96.348096348096400,96.348096348096400,96.348096348096400,96.348096348096400,96.348096348096400,96.348096348096400,98.135198135198100,99.611499611499600,99.611499611499600,97.040922040922000
"....Misamis Oriental","03.2.2.0 - Cleaning, repair, and hire of footwear (S)",96.348096348096400,96.348096348096400,96.348096348096400,96.348096348096400,96.348096348096400,96.348096348096400,96.348096348096400,96.348096348096400,96.348096348096400,98.135198135198100,99.611499611499600,99.611499611499600,97.040922040922000
"....Misamis Oriental","04 - HOUSING, WATER, ELECTRICITY, GAS, AND OTHER FUELS",81.472684085510700,80.839271575613600,81.155977830562200,80.918448139350800,81.155977830562200,80.997624703087900,83.214568487727600,82.897862232779100,82.501979414093400,82.581155977830600,83.056215360253400,83.372921615201900,82.013723937714400
"....Misamis Oriental","04.1 - ACTUAL RENTALS FOR HOUSING",67.412634408602100,67.412634408602100,67.412634408602100,67.412634408602100,67.412634408602100,67.412634408602100,81.256720430107500,81.256720430107500,81.256720430107500,81.256720430107500,81.256720430107500,81.256720430107500,74.334677419354800
"....Misamis Oriental","04.1.1 - Actual rentals paid by tenants for main residence (S)",67.412634408602100,67.412634408602100,67.412634408602100,67.412634408602100,67.412634408602100,67.412634408602100,81.256720430107500,81.256720430107500,81.256720430107500,81.256720430107500,81.256720430107500,81.256720430107500,74.334677419354800
"....Misamis Oriental","04.1.1.0 - Actual rentals paid by tenants for main residence (S)",67.411444004778600,67.411444004778600,67.411444004778600,67.411444004778600,67.411444004778600,67.411444004778600,81.255201804866600,81.255201804866600,81.255201804866600,81.255201804866600,81.255201804866600,81.255201804866600,74.333322904822600
"....Misamis Oriental","04.3 - MAINTENANCE, REPAIR AND SECURITY OF THE DWELLING",94.746215494211900,95.191451469278700,95.102404274265400,95.458593054318800,96.081923419412300,95.903829029385600,96.260017809439000,96.260017809439000,96.170970614425600,96.349065004452400,96.349065004452400,96.349065004452400,95.851884832294400
"....Misamis Oriental","04.3.1 - Security equipment and materials for the maintenance and repair of the dwelling (ND)",94.995450409463100,95.541401273885300,95.450409463148300,95.814376706096400,96.542311191992700,96.360327570518600,96.815286624203800,96.815286624203800,96.724294813466800,96.815286624203800,96.906278434940800,96.906278434940800,96.307249014255400
"....Misamis Oriental","04.3.1.1 - Materials for the maintenance and repair of the dwelling (ND)",94.995450409463100,95.541401273885300,95.450409463148300,95.814376706096400,96.542311191992700,96.360327570518600,96.815286624203800,96.815286624203800,96.724294813466800,96.815286624203800,96.906278434940800,96.906278434940800,96.307249014255400
"....Misamis Oriental","04.3.2 - Services for the maintenance, repair and security of the dwelling (S)",93.830128205128200,93.830128205128200,93.830128205128200,93.830128205128200,93.830128205128200,93.830128205128200,93.830128205128200,93.830128205128200,93.830128205128200,94.070512820512800,94.070512820512800,94.070512820512800,93.890224358974400
"....Misamis Oriental","04.3.2.0 - Services for the maintenance, repair and security of the dwelling (S)",93.830128205128200,93.830128205128200,93.830128205128200,93.830128205128200,93.830128205128200,93.830128205128200,93.830128205128200,93.830128205128200,93.830128205128200,94.070512820512800,94.070512820512800,94.070512820512800,93.890224358974400
"....Misamis Oriental","04.4 - WATER SUPPLY AND MISCELLANEOUS SERVICES RELATING TO THE DWELLING",98.614834673815900,98.614834673815900,98.927613941018800,98.614834673815900,98.614834673815900,98.614834673815900,98.614834673815900,98.614834673815900,98.614834673815900,98.614834673815900,98.614834673815900,98.614834673815900,98.640899612749500
"....Misamis Oriental","04.4.1 - Water supply (ND)",98.614834673815900,98.614834673815900,98.927613941018800,98.614834673815900,98.614834673815900,98.614834673815900,98.614834673815900,98.614834673815900,98.614834673815900,98.614834673815900,98.614834673815900,98.614834673815900,98.640899612749500
"....Misamis Oriental","04.4.1.1 - Water supply through network systems (ND)",98.616238206124300,98.616238206124300,98.932052713925900,98.616238206124300,98.616238206124300,98.616238206124300,98.616238206124300,98.616238206124300,98.616238206124300,98.616238206124300,98.616238206124300,98.616238206124300,98.642556081774400
"....Misamis Oriental","04.5 - ELECTRICITY, GAS AND OTHER FUELS",78.342455043002300,77.247849882720900,77.638780297107100,77.326035965598100,77.638780297107100,77.326035965598100,76.856919468334600,76.387802971071100,75.605942142298700,75.762314308053200,76.700547302580100,77.247849882720900,77.006776127182700
"....Misamis Oriental","04.5.1 - Electricity (ND)",68.540507111935700,69.499072356215200,71.564625850340100,71.614100185528800,73.927025355596800,74.477427334570200,73.673469387755100,72.603586889301200,73.246753246753200,73.135435992578800,71.787260358688900,71.131725417439700,72.100082457225300
"....Misamis Oriental","04.5.1.0 - Electricity (ND)",68.540280993983900,69.496297085685700,71.563542383547700,71.614642216983800,73.925490253755400,74.476232889372500,73.675668832222700,72.602572330077900,73.244159141411700,73.138410840581700,71.787458612208700,71.129548667260700,72.099525353924400
"....Misamis Oriental","04.5.2 - Gas (ND)",86.722513089005200,83.382198952879600,83.235602094240800,82.418848167539300,82.041884816753900,80.900523560209400,80.167539267015700,79.403141361256500,76.774869109947600,77.141361256544500,80.952879581151800,83.214659685863900,81.363001745200700
"....Misamis Oriental","04.5.2.2 - Liquefied hydrocarbons (ND)",86.726902046709700,83.381986304027800,83.234135557155600,82.413837168456000,82.045837792852800,80.902988831406500,80.162639388236800,79.400119838697500,76.774458977622700,77.143088499242900,80.955768574709800,83.218511057177800,81.363356169691300
"....Misamis Oriental","04.5.3 - Liquid fuels (ND)",82.460000000000000,79.390000000000000,82.650000000000000,81.340000000000000,84.560000000000000,84.690000000000000,81.490000000000000,78.030000000000000,77.530000000000000,77.520000000000000,77.430000000000000,74.890000000000000,80.165000000000000
"....Misamis Oriental","04.5.3.0 - Liquid fuels (ND)",82.463529524463400,79.389558965810300,82.652603110407000,81.344335707132300,84.564685822617700,84.692767270624800,81.487653072899600,78.029448499772100,77.529318845906400,77.520169224248800,77.434782112975800,74.894486938250900,80.166944924592400
"....Misamis Oriental","04.5.4 - Solid fuels (ND)",75.318066157760800,75.254452926208700,75.254452926208700,75.254452926208700,75.254452926208700,75.254452926208700,75.254452926208700,75.254452926208700,75.381679389313000,75.381679389313000,75.190839694656500,75.063613231552200,75.259754028838000
"....Misamis Oriental","04.5.4.2 - Wood fuel, including pellets and briquettes (ND)",74.584553088871200,74.584553088871200,74.584553088871200,74.584553088871200,74.584553088871200,74.584553088871200,74.584553088871200,74.584553088871200,74.584553088871200,74.584553088871200,74.584553088871200,74.584553088871200,74.584553088871200
"....Misamis Oriental","04.5.4.3 - Charcoal (ND)",94.587466517426900,93.567843890994000,92.553439674848500,92.553439674848500,92.553439674848500,92.553439674848500,92.553439674848500,93.567843890994000,96.537928762618500,96.332674252385900,91.071088966994600,87.524703564812200,92.996395685039000
"....Misamis Oriental","05 - FURNISHINGS, HOUSEHOLD EQUIPMENT AND ROUTINE HOUSEHOLD MAINTENANCE",85.660377358490600,85.735849056603800,85.735849056603800,85.735849056603800,85.660377358490600,85.886792452830200,85.886792452830200,86.943396226415100,87.094339622641500,86.943396226415100,86.943396226415100,86.943396226415100,86.264150943396200
"....Misamis Oriental","05.1 - FURNITURE, FURNISHINGS, AND LOOSE CARPETS",96.338273757628600,96.338273757628600,96.338273757628600,96.338273757628600,95.815170008718400,95.815170008718400,95.815170008718400,95.815170008718400,95.815170008718400,94.594594594594600,94.681778552746300,94.681778552746300,95.698924731182800
"....Misamis Oriental","05.1.1 - Furniture, furnishings and loose carpets (D)",96.254355400696900,96.254355400696900,96.254355400696900,96.254355400696900,95.731707317073200,95.731707317073200,95.731707317073200,95.731707317073200,95.731707317073200,94.599303135888500,94.686411149825800,94.686411149825800,95.637340301974400
"....Misamis Oriental","05.1.1.1 - Household furniture (D)",96.200677468110100,96.200677468110100,96.200677468110100,96.200677468110100,95.659125562767100,95.659125562767100,95.659125562767100,95.659125562767100,95.659125562767100,94.588115143429200,94.664744713511000,94.664744713511000,95.584661854727200
"....Misamis Oriental","05.1.1.3 - Lighting equipment (D)",..,..,..,..,..,..,..,..,..,..,..,..,..
"....Misamis Oriental","05.1.1.4 - Furnishings, loose carpets and rugs (D)",106.199070591036000,106.199070591036000,106.199070591036000,106.199070591036000,106.199070591036000,106.199070591036000,106.199070591036000,106.199070591036000,106.199070591036000,99.392675612246800,99.392675612246800,99.392675612246800,104.497471846339000
"....Misamis Oriental","05.2 - HOUSEHOLD TEXTILES",94.727272727272700,94.727272727272700,94.727272727272700,94.727272727272700,95.000000000000000,95.909090909090900,96.090909090909100,96.090909090909100,96.090909090909100,95.909090909090900,95.909090909090900,95.909090909090900,95.484848484848500
"....Misamis Oriental","05.2.1 - Household textiles (SD)",94.727272727272700,94.727272727272700,94.727272727272700,94.727272727272700,95.000000000000000,95.909090909090900,96.090909090909100,96.090909090909100,96.090909090909100,95.909090909090900,95.909090909090900,95.909090909090900,95.484848484848500
"....Misamis Oriental","05.2.1.1 - Furnishing fabrics and curtains (SD)",86.369510501186600,86.462236159675900,86.462236159675900,86.462236159675900,86.462236159675900,86.462236159675900,86.462236159675900,86.462236159675900,86.462236159675900,86.462236159675900,86.462236159675900,86.462236159675900,86.454509021468400
"....Misamis Oriental","05.2.1.2 - Bed linen and bedding (SD)",95.640123932809200,95.640123932809200,95.640123932809200,95.640123932809200,96.330877454038700,98.314120606411600,98.495255463035000,98.495255463035000,98.495255463035000,98.495255463035000,98.495255463035000,98.495255463035000,97.348085547491400
"....Misamis Oriental","05.2.1.3 - Table linen and bathroom linen (SD)",102.087615252382000,102.087615252382000,102.087615252382000,102.087615252382000,101.769538196230000,101.769538196230000,101.769538196230000,101.769538196230000,102.087615252382000,102.087615252382000,102.087615252382000,102.087615252382000,101.981589566998000
"....Misamis Oriental","05.2.1.9 - Other household textiles (SD)",103.515778441659000,103.515778441659000,103.515778441659000,103.515778441659000,103.515778441659000,103.515778441659000,103.905566425958000,103.905566425958000,103.905566425958000,103.905566425958000,103.905566425958000,103.905566425958000,103.710672433809000
"....Misamis Oriental","05.3 - HOUSEHOLD APPLIANCES",91.107236268526600,91.194420226678300,91.194420226678300,91.194420226678300,91.107236268526600,90.932868352223200,90.932868352223200,90.932868352223200,92.153443766347000,91.979075850043600,91.979075850043600,91.979075850043600,91.390584132519600
"....Misamis Oriental","05.3.1 - Major household appliances, whether electric or not (D)",91.346153846153800,91.433566433566400,91.433566433566400,91.433566433566400,91.258741258741300,91.258741258741300,91.258741258741300,91.258741258741300,92.132867132867100,91.958041958042000,91.958041958042000,91.958041958042000,91.557400932400900
"....Misamis Oriental","05.3.1.1 - Major kitchen appliances (D)",85.651103676838400,85.747311016075900,85.747311016075900,85.719102442238900,85.344628662063800,85.344628662063800,85.344628662063800,85.344628662063800,86.477422049422600,86.630684243438700,86.630684243438700,86.630684243438700,85.884401464935300
"....Misamis Oriental","05.3.1.2 - Major laundry appliances (D)",103.448937909455000,103.448937909455000,103.448937909455000,103.448937909455000,104.780542954973000,104.780542954973000,104.780542954973000,104.780542954973000,104.770178392610000,104.770178392610000,104.770178392610000,104.770178392610000,104.333219752346000
"....Misamis Oriental","05.3.1.3 - Heaters, air conditioners (D)",118.027077149362000,118.027077149362000,118.027077149362000,118.027077149362000,118.027077149362000,118.027077149362000,118.027077149362000,118.027077149362000,118.027077149362000,115.684449558029000,115.684449558029000,115.684449558029000,117.441420251528000
"....Misamis Oriental","05.3.2 - Small household appliances (SD)",91.010362694300500,91.010362694300500,91.010362694300500,91.010362694300500,91.398963730569900,90.207253886010400,90.207253886010400,90.207253886010400,93.894645941278100,93.894645941278100,93.894645941278100,93.894645941278100,91.803396660909600
"....Misamis Oriental","05.3.2.1 - Small appliances for cooking and processing of food (SD)",91.012115513641100,91.012115513641100,91.012115513641100,91.012115513641100,91.402322835732300,90.204643777649600,90.204643777649600,90.204643777649600,93.897699775139800,93.897699775139800,93.897699775139800,93.897699775139800,91.804626276983700
"....Misamis Oriental","05.3.2.9 - Other small household appliances (SD)",0.000000000000000,0.000000000000000,0.000000000000000,0.000000000000000,0.000000000000000,0.000000000000000,0.000000000000000,0.000000000000000,0.000000000000000,0.000000000000000,0.000000000000000,0.000000000000000,0.000000000000000
"....Misamis Oriental","05.3.3 - Repair, installation and hire of household appliances (S)",89.282006920415200,89.282006920415200,89.282006920415200,89.282006920415200,89.282006920415200,89.282006920415200,89.282006920415200,89.282006920415200,89.282006920415200,89.282006920415200,89.282006920415200,89.282006920415200,89.282006920415200
"....Misamis Oriental","05.3.3.0 - Repair, installation and hire of household appliances (S)",89.285092795207400,89.285092795207400,89.285092795207400,89.285092795207400,89.285092795207400,89.285092795207400,89.285092795207400,89.285092795207400,89.285092795207400,89.285092795207400,89.285092795207400,89.285092795207400,89.285092795207400
"....Misamis Oriental","05.4 - GLASSWARE, TABLEWARE AND HOUSEHOLD UTENSILS",89.154568744662700,89.239965841161400,89.325362937660100,89.666951323655000,89.239965841161400,90.350128095644700,90.350128095644700,90.435525192143500,90.435525192143500,90.435525192143500,90.435525192143500,90.435525192143500,89.958724736692300
"....Misamis Oriental","05.4.0 - Glassware, tableware and household utensils (SD)",89.154568744662700,89.239965841161400,89.325362937660100,89.666951323655000,89.239965841161400,90.350128095644700,90.350128095644700,90.435525192143500,90.435525192143500,90.435525192143500,90.435525192143500,90.435525192143500,89.958724736692300
"....Misamis Oriental","05.4.0.1 - Glassware, crystal-ware, ceramic ware and chinaware (SD)",81.744818723932200,81.744818723932200,81.744818723932200,82.269309003851100,80.915585628298100,82.282477250964300,82.282477250964300,82.353550502090300,82.353550502090300,82.353550502090300,82.353550502090300,82.353550502090300,82.062671484693800
"....Misamis Oriental","05.4.0.2 - Cutlery, flatware and silverware (SD)",0.000000000000000,0.000000000000000,0.000000000000000,0.000000000000000,0.000000000000000,0.000000000000000,0.000000000000000,0.000000000000000,0.000000000000000,0.000000000000000,0.000000000000000,0.000000000000000,0.000000000000000
"....Misamis Oriental","05.4.0.3 - Kitchen utensils and articles (SD)",93.413002029569900,93.566785492802600,93.731224406777300,93.989685399585900,93.989685399585900,95.060047483376100,95.060047483376100,95.060047483376100,95.060047483376100,95.060047483376100,95.060047483376100,95.060047483376100,94.509226259329600
"....Misamis Oriental","05.5 - TOOLS AND EQUIPMENT FOR HOUSE AND GARDEN",89.965095986038400,89.965095986038400,89.965095986038400,89.965095986038400,90.314136125654400,90.314136125654400,90.488656195462500,90.488656195462500,90.488656195462500,90.663176265270500,90.837696335078500,90.837696335078500,90.357766143106500
"....Misamis Oriental","05.5.1 - Motorized tools and equipment (D)",..,..,..,..,..,..,..,..,..,..,..,..,..
"....Misamis Oriental","05.5.1.0 - Motorized tools and equipment (D)",..,..,..,..,..,..,..,..,..,..,..,..,..
"....Misamis Oriental","05.5.2 - Non-motorized tools and miscellaneous accessories (SD)",89.965095986038400,89.965095986038400,89.965095986038400,89.965095986038400,90.314136125654400,90.314136125654400,90.488656195462500,90.488656195462500,90.488656195462500,90.663176265270500,90.837696335078500,90.837696335078500,90.357766143106500
"....Misamis Oriental","05.5.2.1 - Non-motorized tools (SD)",88.783201364023500,88.783201364023500,88.783201364023500,88.864306475300100,89.170515270492900,89.170515270492900,89.169649764594500,89.169649764594500,89.103692579775400,89.655758923994000,89.655758923994000,89.655758923994000,89.163767499108600
"....Misamis Oriental","05.5.2.2 - Miscellaneous accessories (SD)",91.201038783697300,91.201038783697300,91.201038783697300,91.254080521251500,91.556428593303800,91.556428593303800,91.997869721941200,91.897336822099000,91.998522001561100,91.842938349376500,92.194676947246700,92.194676947246700,91.674672904035200
"....Misamis Oriental","05.6 - GOODS AND SERVICES FOR ROUTINE HOUSEHOLD MAINTENANCE",82.846975088968000,82.846975088968000,82.846975088968000,82.846975088968000,82.846975088968000,83.131672597864800,83.131672597864800,84.626334519573000,84.626334519573000,84.626334519573000,84.626334519573000,84.626334519573000,83.635824436536200
"....Misamis Oriental","05.6.1 - Non-durable household goods (ND)",90.575479566305200,90.575479566305200,90.575479566305200,90.575479566305200,90.658882402001700,91.242702251876500,91.242702251876500,91.326105087573000,91.242702251876500,91.242702251876500,91.242702251876500,91.242702251876500,90.978593272171200
"....Misamis Oriental","05.6.1.1 - Household cleaning and maintenance products (ND)",91.343557166194800,91.343557166194800,91.343557166194800,91.400040955697800,91.489424581474700,92.020270320570700,91.943520555519700,92.029380661523400,92.057010268064800,91.987929273162800,91.962783851292000,91.962783851292000,91.740317984765200
"....Misamis Oriental","05.6.1.9 - Other non-durable household goods (ND)",83.986958095034300,83.986958095034300,83.986958095034300,83.986958095034300,83.918228812578700,84.840046941872800,85.446337898301400,85.446337898301400,85.010502826209600,85.010502826209600,85.354837581419800,85.354837581419800,84.694122062204200
"....Misamis Oriental","05.6.2 - Domestic services and household services (S)",76.949257425742600,76.949257425742600,76.949257425742600,76.949257425742600,76.949257425742600,76.949257425742600,76.949257425742600,79.511138613861400,79.511138613861400,79.511138613861400,79.511138613861400,79.511138613861400,78.016707920792100
"....Misamis Oriental","05.6.2.1 - Domestic services by paid staff (S)",76.946575170727600,76.946575170727600,76.946575170727600,76.946575170727600,76.946575170727600,76.946575170727600,76.946575170727600,79.511461009751800,79.511461009751800,79.511461009751800,79.511461009751800,79.511461009751800,78.015277603654300
"....Misamis Oriental","06 - HEALTH",83.577712609970700,83.651026392961900,83.651026392961900,84.237536656891500,84.677419354838700,84.824046920821100,84.750733137829900,84.384164222873900,84.384164222873900,86.950146627566000,88.856304985337200,88.856304985337200,85.233382209188700
"....Misamis Oriental","06.1 - MEDICINES AND HEALTH PRODUCTS",85.023041474654400,85.023041474654400,85.023041474654400,85.330261136712800,85.637480798771100,85.944700460829500,85.560675883256600,84.792626728110600,84.792626728110600,85.483870967741900,85.560675883256600,85.560675883256600,85.311059907834100
"....Misamis Oriental","06.1.1 - Medicines (ND)",84.680523479599700,84.680523479599700,84.680523479599700,84.988452655889100,85.373364126251000,85.681293302540400,85.296381832178600,84.449576597382600,84.449576597382600,85.142417244033900,85.219399538106200,85.219399538106200,84.988452655889100
"....Misamis Oriental","06.1.1.1 - Medicines, vaccines and other pharmaceutical preparations (ND)",84.680523479599700,84.680523479599700,84.680523479599700,84.988452655889100,85.373364126251000,85.681293302540400,85.296381832178600,84.449576597382600,84.449576597382600,85.142417244033900,85.219399538106200,85.219399538106200,84.988452655889100
"....Misamis Oriental","06.1.2 - Medical products (ND)",96.431283219438100,96.431283219438100,96.431283219438100,96.431283219438100,96.735003796507200,96.962794229309000,97.114654517843600,97.722095671981800,98.025816249050900,97.722095671981800,97.722095671981800,97.722095671981800,97.120982029865900
"....Misamis Oriental","06.1.2.1 - Medical diagnostic products (ND)",95.317947133842300,95.317947133842300,95.317947133842300,95.317947133842300,95.317947133842300,95.317947133842300,95.317947133842300,95.317947133842300,95.317947133842300,95.317947133842300,95.317947133842300,95.317947133842300,95.317947133842300
"....Misamis Oriental","06.1.2.2 - Prevention and protective devices (ND)",0.000000000000000,0.000000000000000,0.000000000000000,0.000000000000000,0.000000000000000,0.000000000000000,0.000000000000000,0.000000000000000,0.000000000000000,0.000000000000000,0.000000000000000,0.000000000000000,0.000000000000000
"....Misamis Oriental","06.1.2.3 - Treatment devices for personal use (ND)",97.042593986062800,97.042593986062800,97.042593986062800,97.042593986062800,97.436675412138500,97.800970307268400,97.994539253161900,98.959797350586200,99.461680520569900,98.959797350586200,98.959797350586200,98.959797350586200,98.058619236644600
"....Misamis Oriental","06.1.3 - Assistive products (D)",90.177430801987200,90.177430801987200,90.177430801987200,90.177430801987200,90.177430801987200,90.177430801987200,90.177430801987200,90.177430801987200,90.177430801987200,90.177430801987200,90.177430801987200,90.177430801987200,90.177430801987200
"....Misamis Oriental","06.1.3.1 - Assistive products for vision (D)",90.177186251913500,90.177186251913500,90.177186251913500,90.177186251913500,90.177186251913500,90.177186251913500,90.177186251913500,90.177186251913500,90.177186251913500,90.177186251913500,90.177186251913500,90.177186251913500,90.177186251913500
"....Misamis Oriental","06.2 - OUTPATIENT CARE SERVICES",68.588957055214700,69.202453987730100,69.202453987730100,73.006134969325200,75.521472392638000,75.521472392638000,76.196319018404900,76.196319018404900,76.134969325153400,78.588957055214700,78.404907975460100,78.650306748466200,74.601226993865000
"....Misamis Oriental","06.2.1 - Preventive care services (S)",..,..,..,..,..,..,..,..,..,..,..,..,..
"....Misamis Oriental","06.2.1.9 - Other preventive services (S)",..,..,..,..,..,..,..,..,..,..,..,..,..
"....Misamis Oriental","06.2.2 - Outpatient dental services (S)",70.000000000000000,71.250000000000000,71.250000000000000,71.250000000000000,71.250000000000000,71.250000000000000,71.250000000000000,71.250000000000000,71.250000000000000,73.750000000000000,78.750000000000000,81.250000000000000,72.812500000000000
"....Misamis Oriental","06.2.2.1 - Dental preventive services (S)",70.000560004480000,71.250070000560000,71.250070000560000,71.250070000560000,71.250070000560000,71.250070000560000,71.250070000560000,71.250070000560000,71.250070000560000,73.750840006720100,78.750630005040100,81.251400011200100,72.812832502660000
"....Misamis Oriental","06.2.3 - Other outpatient care services (S)",..,..,..,..,..,..,..,..,..,..,..,..,..
"....Misamis Oriental","06.2.3.1 - Outpatient curative and rehabilitative services (S)",..,..,..,..,..,..,..,..,..,..,..,..,..
"....Misamis Oriental","06.3 - INPATIENT CARE SERVICES",86.441048034934500,86.441048034934500,86.441048034934500,86.441048034934500,86.441048034934500,86.441048034934500,86.441048034934500,86.441048034934500,86.441048034934500,91.317321688500700,96.106259097525500,96.106259097525500,88.458272683163500
"....Misamis Oriental","06.3.1 - Inpatient curative and rehabilitative services (S)",86.441048034934500,86.441048034934500,86.441048034934500,86.441048034934500,86.441048034934500,86.441048034934500,86.441048034934500,86.441048034934500,86.441048034934500,91.317321688500700,96.106259097525500,96.106259097525500,88.458272683163500
"....Misamis Oriental","06.3.1.0 - Inpatient curative and rehabilitative services (S)",86.506110709382500,86.506110709382500,86.506110709382500,86.506110709382500,86.506110709382500,86.506110709382500,86.506110709382500,86.506110709382500,86.506110709382500,91.384814139441100,96.173067140297500,96.173067140297500,88.523828733706500
"....Misamis Oriental","06.4 - OTHER HEALTH SERVICES",0.000000000000000,0.000000000000000,0.000000000000000,0.000000000000000,0.000000000000000,0.000000000000000,0.000000000000000,0.000000000000000,0.000000000000000,0.000000000000000,0.000000000000000,0.000000000000000,0.000000000000000
"....Misamis Oriental","06.4.1 - Diagnostic imaging services and medical laboratory services (S)",0.000000000000000,0.000000000000000,0.000000000000000,0.000000000000000,0.000000000000000,0.000000000000000,0.000000000000000,0.000000000000000,0.000000000000000,0.000000000000000,0.000000000000000,0.000000000000000,0.000000000000000
"....Misamis Oriental","06.4.1.0 - Diagnostic imaging services and medical laboratory services (S)",0.000000000000000,0.000000000000000,0.000000000000000,0.000000000000000,0.000000000000000,0.000000000000000,0.000000000000000,0.000000000000000,0.000000000000000,0.000000000000000,0.000000000000000,0.000000000000000,0.000000000000000
"....Misamis Oriental","07 - TRANSPORT",90.388349514563100,90.970873786407800,92.038834951456300,91.650485436893200,93.495145631068000,93.883495145631100,92.621359223301000,91.165048543689300,91.359223300970900,91.553398058252400,91.262135922330100,93.300970873786400,91.974110032362400
"....Misamis Oriental","07.1 - PURCHASE OF VEHICLES",..,..,..,..,..,..,..,..,..,..,..,..,..
"....Misamis Oriental","07.1.1 - Motor cars (D)",..,..,..,..,..,..,..,..,..,..,..,..,..
"....Misamis Oriental","07.1.1.1 - New motor cars (D)",..,..,..,..,..,..,..,..,..,..,..,..,..
"....Misamis Oriental","07.1.2 - Motorcycles (D)",..,..,..,..,..,..,..,..,..,..,..,..,..
"....Misamis Oriental","07.1.2.0 - Motorcycles (D)",..,..,..,..,..,..,..,..,..,..,..,..,..
"....Misamis Oriental","07.1.3 - Bicycles (D)",..,..,..,..,..,..,..,..,..,..,..,..,..
"....Misamis Oriental","07.1.3.0 - Bicycles (D)",..,..,..,..,..,..,..,..,..,..,..,..,..
"....Misamis Oriental","07.2 - OPERATION OF PERSONAL TRANSPORT EQUIPMENT",82.599795291709300,80.962128966223100,84.749232343909900,84.237461617195500,88.638689866939600,89.764585465711400,88.229273285568100,84.339815762538400,82.702149437052200,83.725690890481100,83.111566018423700,81.985670419652000,84.587171613783700
"....Misamis Oriental","07.2.1 - Parts and accessories for personal transport equipment (SD)",87.325581395348800,87.162790697674400,87.162790697674400,87.341085271317800,87.178294573643400,87.356589147286800,87.883720930232600,87.883720930232600,87.883720930232600,87.883720930232600,87.883720930232600,87.883720930232600,87.569121447028400
"....Misamis Oriental","07.2.1.1 - Tires (SD)",..,..,..,..,..,..,..,..,..,..,..,..,..
"....Misamis Oriental","07.2.1.2 - Parts for personal transport equipment (SD)",87.324795575682500,87.164155354847100,87.164155354847100,87.340292317969300,87.179623589765600,87.355879640146100,87.882416459830500,87.882416459830500,87.882416459830500,87.882416459830500,87.882416459830500,87.882416459830500,87.568616716020000
"....Misamis Oriental","07.2.1.3 - Accessories for personal transport equipment (SD)",..,..,..,..,..,..,..,..,..,..,..,..,..
"....Misamis Oriental","07.2.2 - Fuels and lubricants for personal transport equipment (ND)",82.593856655290100,80.204778156996600,85.665529010238900,84.982935153583600,89.988623435722400,91.695108077360600,89.306029579067100,83.617747440273000,81.114903299203600,82.593856655290100,81.797497155858900,80.091012514220700,84.470989761092100
"....Misamis Oriental","07.2.2.1 - Diesel (ND)",0.000000000000000,0.000000000000000,0.000000000000000,0.000000000000000,0.000000000000000,0.000000000000000,0.000000000000000,0.000000000000000,0.000000000000000,0.000000000000000,0.000000000000000,0.000000000000000,0.000000000000000
"....Misamis Oriental","07.2.2.2 - Gasoline (ND)",0.000000000000000,0.000000000000000,0.000000000000000,0.000000000000000,0.000000000000000,0.000000000000000,0.000000000000000,0.000000000000000,0.000000000000000,0.000000000000000,0.000000000000000,0.000000000000000,0.000000000000000
"....Misamis Oriental","07.2.2.3 - Other fuels for personal transport equipment (ND)",..,..,..,..,..,..,..,..,..,..,..,..,..
"....Misamis Oriental","07.2.2.4 - Lubricants (ND)",91.412596207838500,91.412596207838500,91.412596207838500,91.412596207838500,91.434079275808200,91.523856807174900,91.523856807174900,91.523856807174900,91.503821875237500,91.920641561210800,92.810955461557400,93.064836663795700,91.746357507540700
"....Misamis Oriental","07.2.3 - Maintenance and repair of personal transport equipment (S)",78.308535630383700,78.308535630383700,78.308535630383700,78.308535630383700,84.416601409553600,84.416601409553600,84.416601409553600,84.416601409553600,84.416601409553600,84.416601409553600,84.416601409553600,84.416601409553600,82.380579483163700
"....Misamis Oriental","07.2.3.0 - Maintenance and repair of personal transport equipment (S)",78.308535630383700,78.308535630383700,78.308535630383700,78.308535630383700,84.419440306373200,84.419440306373200,84.419440306373200,84.419440306373200,84.419440306373200,84.419440306373200,84.419440306373200,84.419440306373200,82.382472081043400
"....Misamis Oriental","07.2.4 - Other services in respect of personal transport equipment (S)",..,..,..,..,..,..,..,..,..,..,..,..,..
"....Misamis Oriental","07.2.4.2 - Toll facilities (S)",..,..,..,..,..,..,..,..,..,..,..,..,..
"....Misamis Oriental","07.2.4.3 - Driving lessons, tests, licences, and road worthiness tests (S)",..,..,..,..,..,..,..,..,..,..,..,..,..
"....Misamis Oriental","07.3 - PASSENGER TRANSPORT SERVICES",95.887850467289700,97.943925233644900,97.102803738317800,96.915887850467300,96.915887850467300,96.728971962616800,95.700934579439300,95.981308411215000,97.383177570093500,97.009345794392500,97.009345794392500,101.308411214953000,97.157320872274200
"....Misamis Oriental","07.3.1 - Passenger transport by railway (S)",..,..,..,..,..,..,..,..,..,..,..,..,..
"....Misamis Oriental","07.3.1.1 - Passenger transport by train (S)",..,..,..,..,..,..,..,..,..,..,..,..,..
"....Misamis Oriental","07.3.1.2 - Passenger transport by rapid transit and tram (S)",..,..,..,..,..,..,..,..,..,..,..,..,..
"....Misamis Oriental","07.3.2 - Passenger transport by road (S)",103.625377643505000,103.121852970796000,102.114803625378000,101.812688821752000,101.812688821752000,101.510574018127000,100.201409869084000,100.201409869084000,100.805639476334000,100.302114803625000,100.503524672709000,100.805639476334000,101.401477005707000
"....Misamis Oriental","07.3.2.1 - Passenger transport by bus and coach (S)",85.561280767039700,85.561280767039700,85.561280767039700,85.561280767039700,85.561280767039700,85.561280767039700,85.561280767039700,85.561280767039700,85.561280767039700,83.389786292621900,83.389786292621900,83.389786292621900,85.018407148435300
"....Misamis Oriental","07.3.2.2 - Passenger transport by taxi and hired car with driver (S)",..,..,..,..,..,..,..,..,..,..,..,..,..
"....Misamis Oriental","07.3.2.9 - Other passenger transport by road (S)",108.773076376124000,108.061905934598000,106.968421255671000,106.761982839860000,106.761982839860000,106.323488658329000,104.636972575521000,104.636972575521000,105.372820982646000,105.372820982646000,105.579986723373000,105.821043017368000,106.255956230126000
"....Misamis Oriental","07.3.3 - Passenger transport by air (S)",67.504990019960100,81.590153027278700,81.590153027278700,81.590153027278700,81.590153027278700,81.590153027278700,81.590153027278700,81.590153027278700,85.828343313373200,85.828343313373200,85.828343313373200,102.714570858283000,83.236305167442900
"....Misamis Oriental","07.3.3.1 - Passenger transport by air, domestic (S)",67.508222274298800,81.593174007624000,81.593174007624000,81.593174007624000,81.593174007624000,81.593174007624000,81.593174007624000,81.593174007624000,85.831340120631800,85.831340120631800,85.831340120631800,102.716193914854000,83.239221217034700
"....Misamis Oriental","07.3.4 - Passenger transport by sea and inland waterway (S)",81.300813008130100,81.300813008130100,81.300813008130100,81.300813008130100,81.300813008130100,81.300813008130100,81.300813008130100,86.292682926829300,88.658536585365900,89.536585365853700,86.292682926829300,104.040650406504000,85.327235772357700
"....Misamis Oriental","07.3.4.0 - Passenger transport by sea and inland waterway (S)",81.300813008130100,81.300813008130100,81.300813008130100,81.300813008130100,81.300813008130100,81.300813008130100,81.300813008130100,86.291654813417400,88.661805586748300,89.535202902673600,86.291654813417400,104.042082778102000,85.327340995939100
"....Misamis Oriental","07.4 - TRANSPORT SERVICES OF GOODS",62.822014051522300,62.822014051522300,62.822014051522300,62.822014051522300,62.822014051522300,62.822014051522300,62.822014051522300,62.822014051522300,62.822014051522300,62.822014051522300,62.822014051522300,62.822014051522300,62.822014051522300
"....Misamis Oriental","07.4.1 - Postal and courier services (S)",62.822014051522300,62.822014051522300,62.822014051522300,62.822014051522300,62.822014051522300,62.822014051522300,62.822014051522300,62.822014051522300,62.822014051522300,62.822014051522300,62.822014051522300,62.822014051522300,62.822014051522300
"....Misamis Oriental","07.4.1.1 - Letter handling services (S)",0.000000000000000,0.000000000000000,0.000000000000000,0.000000000000000,0.000000000000000,0.000000000000000,0.000000000000000,0.000000000000000,0.000000000000000,0.000000000000000,0.000000000000000,0.000000000000000,0.000000000000000
"....Misamis Oriental","07.4.1.2 - Courier and parcel delivery services (S)",88.713940322046900,88.713940322046900,88.713940322046900,88.713940322046900,88.713940322046900,88.713940322046900,88.713940322046900,88.713940322046900,88.713940322046900,88.713940322046900,88.713940322046900,88.713940322046900,88.713940322046900
"....Misamis Oriental","08 - INFORMATION AND COMMUNICATION",107.462686567164000,107.462686567164000,107.462686567164000,107.462686567164000,107.462686567164000,107.462686567164000,107.462686567164000,107.462686567164000,107.462686567164000,107.462686567164000,108.528784648188000,108.528784648188000,107.640369580668000
"....Misamis Oriental","08.1 - INFORMATION AND COMMUNICATION EQUIPMENT",115.481651376147000,115.481651376147000,115.481651376147000,115.481651376147000,115.481651376147000,115.481651376147000,115.481651376147000,115.481651376147000,115.481651376147000,115.481651376147000,115.481651376147000,115.481651376147000,115.481651376147000
"....Misamis Oriental","08.1.1 - Fixed telephone equipment (D)",..,..,..,..,..,..,..,..,..,..,..,..,..
"....Misamis Oriental","08.1.1.0 - Fixed telephone equipment (D)",..,..,..,..,..,..,..,..,..,..,..,..,..
"....Misamis Oriental","08.1.2 - Mobile telephone equipment (D)",..,..,..,..,..,..,..,..,..,..,..,..,..
"....Misamis Oriental","08.1.2.0 - Mobile telephone equipment (D)",..,..,..,..,..,..,..,..,..,..,..,..,..
"....Misamis Oriental","08.1.3 - Information processing equipment (D)",115.614236509759000,115.614236509759000,115.614236509759000,115.614236509759000,115.614236509759000,115.614236509759000,115.614236509759000,115.614236509759000,115.614236509759000,115.614236509759000,115.614236509759000,115.614236509759000,115.614236509759000
"....Misamis Oriental","08.1.3.1 - Computers, laptops and tablets (D)",..,..,..,..,..,..,..,..,..,..,..,..,..
"....Misamis Oriental","08.1.3.2 - Peripheral equipment and its consumable components (D)",98.135426889107000,98.135426889107000,98.135426889107000,98.135426889107000,98.135426889107000,98.135426889107000,98.135426889107000,98.135426889107000,98.135426889107000,98.135426889107000,98.135426889107000,98.135426889107000,98.135426889107000
"....Misamis Oriental","08.1.4 - Equipment for the reception, recording and reproduction of sound and vision (D)",..,..,..,..,..,..,..,..,..,..,..,..,..
"....Misamis Oriental","08.1.4.0 - Equipment for the reception, recording and reproduction of sound and vision (D)",..,..,..,..,..,..,..,..,..,..,..,..,..
"....Misamis Oriental","08.1.5 - Unrecorded recording media (SD)",95.165876777251200,95.165876777251200,95.165876777251200,95.165876777251200,95.165876777251200,95.165876777251200,95.165876777251200,95.165876777251200,95.165876777251200,95.165876777251200,95.260663507109000,95.260663507109000,95.181674565560900
"....Misamis Oriental","08.1.5.0 - Unrecorded recording media (SD)",95.165876777251200,95.165876777251200,95.165876777251200,95.165876777251200,95.165876777251200,95.165876777251200,95.165876777251200,95.165876777251200,95.165876777251200,95.165876777251200,95.260663507109000,95.260663507109000,95.181674565560900
"....Misamis Oriental","08.3 - INFORMATION AND COMMUNICATION SERVICES",95.458845789971600,95.458845789971600,95.458845789971600,95.458845789971600,95.458845789971600,95.458845789971600,95.458845789971600,95.458845789971600,95.458845789971600,95.458845789971600,98.202459791863800,98.202459791863800,95.916114790287000
"....Misamis Oriental","08.3.1 - Fixed communication services (S)",..,..,..,..,..,..,..,..,..,..,..,..,..
"....Misamis Oriental","08.3.1.0 - Fixed communication services (S)",..,..,..,..,..,..,..,..,..,..,..,..,..
"....Misamis Oriental","08.3.2 - Mobile communication services (S)",..,..,..,..,..,..,..,..,..,..,..,..,..
"....Misamis Oriental","08.3.2.0 - Mobile communication services (S)",..,..,..,..,..,..,..,..,..,..,..,..,..
"....Misamis Oriental","08.3.3 - Internet access provision services and net storage services (S)",95.495731065816400,95.495731065816400,95.495731065816400,95.495731065816400,95.495731065816400,95.495731065816400,95.495731065816400,95.495731065816400,95.495731065816400,95.495731065816400,98.161240141143700,98.161240141143700,95.939982578371000
"....Misamis Oriental","08.3.3.0 - Internet access provision services and net storage services (S)",95.495731065816400,95.495731065816400,95.495731065816400,95.495731065816400,95.495731065816400,95.495731065816400,95.495731065816400,95.495731065816400,95.495731065816400,95.495731065816400,98.161240141143700,98.161240141143700,95.939982578371000
"....Misamis Oriental","08.3.5 - Repair and rental of information and communication equipment (S)",..,..,..,..,..,..,..,..,..,..,..,..,..
"....Misamis Oriental","08.3.5.0 - Repair and rental of information and communication equipment (S)",..,..,..,..,..,..,..,..,..,..,..,..,..
"....Misamis Oriental","09 - RECREATION, SPORT AND CULTURE",85.935198821796800,85.861561119293100,86.008836524300400,86.008836524300400,86.450662739322500,86.818851251840900,86.966126656848300,86.966126656848300,86.818851251840900,86.745213549337300,86.745213549337300,86.745213549337300,86.505891016200300
"....Misamis Oriental","09.1 - RECREATIONAL DURABLES",..,..,..,..,..,..,..,..,..,..,..,..,..
"....Misamis Oriental","09.1.1 - Photographic and cinematographic equipment and optical instruments (D)",..,..,..,..,..,..,..,..,..,..,..,..,..
"....Misamis Oriental","09.1.1.1 - Cameras (D)",..,..,..,..,..,..,..,..,..,..,..,..,..
"....Misamis Oriental","09.2 - OTHER RECREATIONAL GOODS",95.211267605633800,95.211267605633800,95.211267605633800,95.399061032863800,95.399061032863800,95.211267605633800,96.244131455399100,96.244131455399100,95.399061032863800,95.399061032863800,95.399061032863800,95.399061032863800,95.477308294209700
"....Misamis Oriental","09.2.1 - Games, toys and hobbies (SD)",88.810572687224600,88.810572687224600,88.810572687224600,89.162995594713600,89.162995594713600,88.810572687224600,88.810572687224600,88.810572687224600,89.251101321585900,89.251101321585900,89.251101321585900,89.251101321585900,89.016152716593200
"....Misamis Oriental","09.2.1.2 - Other games, toys and hobbies (SD)",88.810572687224600,88.810572687224600,88.810572687224600,89.162995594713600,89.162995594713600,88.810572687224600,88.810572687224600,88.810572687224600,89.251101321585900,89.251101321585900,89.251101321585900,89.251101321585900,89.016152716593200
"....Misamis Oriental","09.2.2 - Equipment for sport, camping and open-air recreation (SD)",106.206896551724000,106.206896551724000,106.206896551724000,106.206896551724000,106.206896551724000,106.206896551724000,106.206896551724000,106.206896551724000,106.206896551724000,106.206896551724000,106.206896551724000,106.206896551724000,106.206896551724000
"....Misamis Oriental","09.2.2.1 - Equipment for sport (SD)",96.907450781206900,96.907450781206900,96.907450781206900,96.907450781206900,96.907450781206900,96.907450781206900,96.907450781206900,96.907450781206900,96.907450781206900,96.907450781206900,96.907450781206900,96.907450781206900,96.907450781206900
"....Misamis Oriental","09.2.2.2 - Equipment for camping and open-air recreation (SD)",..,..,..,..,..,..,..,..,..,..,..,..,..
"....Misamis Oriental","09.3 - GARDEN PRODUCTS AND PETS",91.081081081081100,91.081081081081100,91.081081081081100,91.171171171171200,91.171171171171200,91.171171171171200,90.540540540540500,90.540540540540500,91.261261261261300,91.261261261261300,91.171171171171200,91.171171171171200,91.058558558558500
"....Misamis Oriental","09.3.1 - Garden products, plants and flowers (ND)",91.081081081081100,91.081081081081100,91.081081081081100,91.171171171171200,91.171171171171200,91.171171171171200,90.540540540540500,90.540540540540500,91.261261261261300,91.261261261261300,91.171171171171200,91.171171171171200,91.058558558558500
"....Misamis Oriental","09.3.1.1 - Garden products (ND)",93.632958801498100,93.632958801498100,93.632958801498100,93.632958801498100,93.632958801498100,93.632958801498100,91.532543779734800,91.532543779734800,93.632958801498100,93.632958801498100,93.632958801498100,93.632958801498100,93.282889631204200
"....Misamis Oriental","09.3.1.2 - Plants, seeds and flowers (ND)",88.735902236664800,88.735902236664800,88.735902236664800,88.888025435822900,88.900494850924100,88.900494850924100,89.591615466857200,89.591615466857200,88.986844960764800,88.986844960764800,88.888025435822900,88.888025435822900,88.985807797879600
"....Misamis Oriental","09.3.2 - Pets and products for pets (ND)",..,..,..,..,..,..,..,..,..,..,..,..,..
"....Misamis Oriental","09.3.2.2 - Products for pets and other household animals (ND)",..,..,..,..,..,..,..,..,..,..,..,..,..
"....Misamis Oriental","09.4 - RECREATIONAL SERVICES",72.776699029126200,72.776699029126200,72.776699029126200,72.776699029126200,72.776699029126200,72.776699029126200,72.776699029126200,72.776699029126200,72.776699029126200,72.776699029126200,72.776699029126200,72.776699029126200,72.776699029126200
"....Misamis Oriental","09.4.6 - Recreational and sporting services (S)",73.853410740203200,73.853410740203200,73.853410740203200,73.853410740203200,73.853410740203200,73.853410740203200,73.853410740203200,73.853410740203200,73.853410740203200,73.853410740203200,73.853410740203200,73.853410740203200,73.853410740203200
"....Misamis Oriental","09.4.6.2 - Sporting services - practice (S)",73.853446240799300,73.853446240799300,73.853446240799300,73.853446240799300,73.853446240799300,73.853446240799300,73.853446240799300,73.853446240799300,73.853446240799300,73.853446240799300,73.853446240799300,73.853446240799300,73.853446240799400
"....Misamis Oriental","09.4.7 - Games of chance (S)",72.700836059614700,72.700836059614700,72.700836059614700,72.700836059614700,72.700836059614700,72.700836059614700,72.700836059614700,72.700836059614700,72.700836059614700,72.700836059614700,72.700836059614700,72.700836059614700,72.700836059614700
"....Misamis Oriental","09.4.7.0 - Games of chance (S)",72.700836059614700,72.700836059614700,72.700836059614700,72.700836059614700,72.700836059614700,72.700836059614700,72.700836059614700,72.700836059614700,72.700836059614700,72.700836059614700,72.700836059614700,72.700836059614700,72.700836059614700
"....Misamis Oriental","09.5 - CULTURAL GOODS",..,..,..,..,..,..,..,..,..,..,..,..,..
"....Misamis Oriental","09.5.1 - Musical instruments (D)",..,..,..,..,..,..,..,..,..,..,..,..,..
"....Misamis Oriental","09.5.1.0 - Musical instruments (D)",..,..,..,..,..,..,..,..,..,..,..,..,..
"....Misamis Oriental","09.6 - CULTURAL SERVICES",0.000000000000000,0.000000000000000,0.000000000000000,0.000000000000000,0.000000000000000,0.000000000000000,0.000000000000000,0.000000000000000,0.000000000000000,0.000000000000000,0.000000000000000,0.000000000000000,0.000000000000000
"....Misamis Oriental","09.6.1 - Services provided by cinemas, theatres and concert venues (S)",..,..,..,..,..,..,..,..,..,..,..,..,..
"....Misamis Oriental","09.6.1.0 - Services provided by cinemas, theatres and concert venues (S)",..,..,..,..,..,..,..,..,..,..,..,..,..
"....Misamis Oriental","09.6.3 - Photographic services (S)",..,..,..,..,..,..,..,..,..,..,..,..,..
"....Misamis Oriental","09.6.3.0 - Photographic services (S)",..,..,..,..,..,..,..,..,..,..,..,..,..
"....Misamis Oriental","09.6.9 - Other cultural services (S)",0.000000000000000,0.000000000000000,0.000000000000000,0.000000000000000,0.000000000000000,0.000000000000000,0.000000000000000,0.000000000000000,0.000000000000000,0.000000000000000,0.000000000000000,0.000000000000000,0.000000000000000
"....Misamis Oriental","09.6.9.0 - Other cultural services (S)",0.000000000000000,0.000000000000000,0.000000000000000,0.000000000000000,0.000000000000000,0.000000000000000,0.000000000000000,0.000000000000000,0.000000000000000,0.000000000000000,0.000000000000000,0.000000000000000,0.000000000000000
"....Misamis Oriental","09.7 - NEWSPAPERS, BOOKS AND STATIONERY",91.046099290780100,90.780141843971600,91.134751773049600,91.134751773049600,92.109929078014200,92.907801418439700,92.907801418439700,92.907801418439700,92.907801418439700,92.641843971631200,92.641843971631200,92.641843971631200,92.146867612293200
"....Misamis Oriental","09.7.1 - Books (SD)",90.320901994796200,89.722463139635700,90.320901994796200,90.320901994796200,91.578490893321800,93.451864700780600,93.451864700780600,93.451864700780600,93.451864700780600,93.026886383347800,93.026886383347800,92.992194275802300,92.093090488580500
"....Misamis Oriental","09.7.1.1 - Educational and textbooks in printed or electronic copy (SD)",0.000000000000000,0.000000000000000,0.000000000000000,0.000000000000000,0.000000000000000,0.000000000000000,0.000000000000000,0.000000000000000,0.000000000000000,0.000000000000000,0.000000000000000,0.000000000000000,0.000000000000000
"....Misamis Oriental","09.7.1.9 - Other books (SD) in printed or electronic copy",..,..,..,..,..,..,..,..,..,..,..,..,..
"....Misamis Oriental","09.7.2 - Newspapers and periodicals (ND)",99.424390243902400,99.424390243902400,99.424390243902400,99.424390243902400,99.424390243902400,99.424390243902400,99.424390243902400,99.424390243902400,99.424390243902400,100.019512195122000,100.019512195122000,100.019512195122000,99.573170731707300
"....Misamis Oriental","09.7.2.1 - Newspapers (ND)",99.425920853900700,99.425920853900700,99.425920853900700,99.425920853900700,99.425920853900700,99.425920853900700,99.425920853900700,99.425920853900700,99.425920853900700,100.020029230661000,100.020029230661000,100.020029230661000,99.574447948090900
"....Misamis Oriental","09.7.2.2 - Magazines and periodicals (ND)",..,..,..,..,..,..,..,..,..,..,..,..,..
"....Misamis Oriental","09.7.4 - Stationery and drawing materials (ND)",91.237579042457100,91.418247515808500,91.418247515808500,91.508581752484200,92.231255645889800,91.689250225835600,91.689250225835600,91.689250225835600,91.689250225835600,91.689250225835600,91.689250225835600,91.689250225835600,91.636555254441400
"....Misamis Oriental","09.7.4.0 - Stationery and drawing materials (ND)",91.237579042457100,91.418247515808500,91.418247515808500,91.508581752484200,92.231255645889800,91.689250225835600,91.689250225835600,91.689250225835600,91.689250225835600,91.689250225835600,91.689250225835600,91.689250225835600,91.636555254441400
"....Misamis Oriental","09.8 - PACKAGE HOLIDAYS (S)",..,..,..,..,..,..,..,..,..,..,..,..,..
"....Misamis Oriental","09.8.0 - Package holidays (S)",..,..,..,..,..,..,..,..,..,..,..,..,..
"....Misamis Oriental","09.8.0.0 - Package holidays (S)",..,..,..,..,..,..,..,..,..,..,..,..,..
"....Misamis Oriental","10 - EDUCATION SERVICES",91.874497184231700,91.874497184231700,91.874497184231700,91.874497184231700,91.874497184231700,99.356395816572800,99.356395816572800,99.356395816572800,99.356395816572800,99.356395816572800,99.356395816572800,99.356395816572800,96.238938053097300
"....Misamis Oriental","10.1 - EARLY CHILDHOOD AND PRIMARY EDUCATION",86.923076923076900,86.923076923076900,86.923076923076900,86.923076923076900,86.923076923076900,91.692307692307700,91.692307692307700,91.692307692307700,91.692307692307700,91.692307692307700,91.692307692307700,91.692307692307700,89.705128205128200
"....Misamis Oriental","10.1.0 - Early chilhood and primary education (S)",85.000000000000000,85.000000000000000,85.000000000000000,85.000000000000000,85.000000000000000,92.587719298245600,92.587719298245600,92.587719298245600,92.587719298245600,92.587719298245600,92.587719298245600,92.587719298245600,89.426169590643300
"....Misamis Oriental","10.1.0.1 - Early childhood education services (S)",85.002372917133600,85.002372917133600,85.002372917133600,85.002372917133600,85.002372917133600,92.586751569993500,92.586751569993500,92.586751569993500,92.586751569993500,92.586751569993500,92.586751569993500,92.586751569993500,89.426593797968600
"....Misamis Oriental","10.1.0.2 - Primary education (S)",87.537138389366700,87.537138389366700,87.537138389366700,87.537138389366700,87.537138389366700,91.344800625488700,91.344800625488700,91.344800625488700,91.344800625488700,91.344800625488700,91.344800625488700,91.344800625488700,89.758274693771200
"....Misamis Oriental","10.2 - SECONDARY EDUCATION  (S)",86.537549407114600,86.537549407114600,86.537549407114600,86.537549407114600,86.537549407114600,95.035573122529600,95.035573122529600,95.035573122529600,95.035573122529600,95.035573122529600,95.035573122529600,95.035573122529600,91.494729907773400
"....Misamis Oriental","10.2.0 - Secondary education (S)",86.537549407114600,86.537549407114600,86.537549407114600,86.537549407114600,86.537549407114600,95.035573122529600,95.035573122529600,95.035573122529600,95.035573122529600,95.035573122529600,95.035573122529600,95.035573122529600,91.494729907773400
"....Misamis Oriental","10.2.0.1 - Lower secondary general education services",0.000000000000000,0.000000000000000,0.000000000000000,0.000000000000000,0.000000000000000,0.000000000000000,0.000000000000000,0.000000000000000,0.000000000000000,0.000000000000000,0.000000000000000,0.000000000000000,0.000000000000000
"....Misamis Oriental","10.2.0.2 - Lower secondary technical-vocational livelihood programs services",..,..,..,..,..,..,..,..,..,..,..,..,..
"....Misamis Oriental","10.4 - TERTIARY EDUCATION (S)",94.535073409461700,94.535073409461700,94.535073409461700,94.535073409461700,94.535073409461700,102.773246329527000,102.773246329527000,102.773246329527000,102.773246329527000,102.773246329527000,102.773246329527000,102.773246329527000,99.340674279499700
"....Misamis Oriental","10.4.0 - Tertiary education (s)",94.535073409461700,94.535073409461700,94.535073409461700,94.535073409461700,94.535073409461700,102.773246329527000,102.773246329527000,102.773246329527000,102.773246329527000,102.773246329527000,102.773246329527000,102.773246329527000,99.340674279499700
"....Misamis Oriental","10.4.0.0 - Tertiary education (s)",94.535073409461700,94.535073409461700,94.535073409461700,94.535073409461700,94.535073409461700,102.773246329527000,102.773246329527000,102.773246329527000,102.773246329527000,102.773246329527000,102.773246329527000,102.773246329527000,99.340674279499700
"....Misamis Oriental","10.5 - EDUCATION NOT DEFINED BY LEVEL (S)",..,..,..,..,..,..,..,..,..,..,..,..,..
"....Misamis Oriental","10.5.0 - Education not defined by level (s)",..,..,..,..,..,..,..,..,..,..,..,..,..
"....Misamis Oriental","10.5.0.2 - Review classes for professional and licensure examination (S)",..,..,..,..,..,..,..,..,..,..,..,..,..
"....Misamis Oriental","10.5.0.9 - Other education not defined by level (S)",..,..,..,..,..,..,..,..,..,..,..,..,..
"....Misamis Oriental","11 - RESTAURANTS AND ACCOMMODATION SERVICES",90.298507462686600,90.298507462686600,90.298507462686600,90.298507462686600,90.298507462686600,90.298507462686600,90.298507462686600,90.298507462686600,90.298507462686600,90.298507462686600,90.961857379767800,91.873963515754600,90.485074626865700
"....Misamis Oriental","11.1 - FOOD AND BEVERAGE SERVING SERVICES",90.273631840796000,90.273631840796000,90.273631840796000,90.273631840796000,90.273631840796000,90.273631840796000,90.273631840796000,90.273631840796000,90.273631840796000,90.273631840796000,90.920398009950200,91.898839137645100,90.462962962963000
"....Misamis Oriental","11.1.1 - Restaurants, café and the like (S)",90.273631840796000,90.273631840796000,90.273631840796000,90.273631840796000,90.273631840796000,90.273631840796000,90.273631840796000,90.273631840796000,90.273631840796000,90.273631840796000,90.920398009950200,91.898839137645100,90.462962962963000
"....Misamis Oriental","11.1.1.1 - Restaurants, café and the like - with full service (S)",90.270670938923300,90.270670938923300,90.270670938923300,90.270670938923300,90.270670938923300,90.270670938923300,90.270670938923300,90.270670938923300,90.270670938923300,90.270670938923300,90.921950259333700,91.895351678698500,90.460334277272100
"....Misamis Oriental","11.2 - ACCOMMODATION SERVICES",0.000000000000000,0.000000000000000,0.000000000000000,0.000000000000000,0.000000000000000,0.000000000000000,0.000000000000000,0.000000000000000,0.000000000000000,0.000000000000000,0.000000000000000,0.000000000000000,0.000000000000000
"....Misamis Oriental","11.2.0 - Accommodation services (S)",0.000000000000000,0.000000000000000,0.000000000000000,0.000000000000000,0.000000000000000,0.000000000000000,0.000000000000000,0.000000000000000,0.000000000000000,0.000000000000000,0.000000000000000,0.000000000000000,0.000000000000000
"....Misamis Oriental","11.2.0.1 - Hotels, motels, inns and similar accommodation services (S)",0.000000000000000,0.000000000000000,0.000000000000000,0.000000000000000,0.000000000000000,0.000000000000000,0.000000000000000,0.000000000000000,0.000000000000000,0.000000000000000,0.000000000000000,0.000000000000000,0.000000000000000
"....Misamis Oriental","12 - FINANCIAL SERVICES",0.000000000000000,0.000000000000000,0.000000000000000,0.000000000000000,0.000000000000000,0.000000000000000,0.000000000000000,0.000000000000000,0.000000000000000,0.000000000000000,0.000000000000000,0.000000000000000,0.000000000000000
"....Misamis Oriental","12.2 - FINANCIAL SERVICES",0.000000000000000,0.000000000000000,0.000000000000000,0.000000000000000,0.000000000000000,0.000000000000000,0.000000000000000,0.000000000000000,0.000000000000000,0.000000000000000,0.000000000000000,0.000000000000000,0.000000000000000
"....Misamis Oriental","12.2.1 - Financial intermediation services indirectly measured (S)",0.000000000000000,0.000000000000000,0.000000000000000,0.000000000000000,0.000000000000000,0.000000000000000,0.000000000000000,0.000000000000000,0.000000000000000,0.000000000000000,0.000000000000000,0.000000000000000,0.000000000000000
"....Misamis Oriental","12.2.1.0 - Financial intermediation services indirectly measured (S)",0.000000000000000,0.000000000000000,0.000000000000000,0.000000000000000,0.000000000000000,0.000000000000000,0.000000000000000,0.000000000000000,0.000000000000000,0.000000000000000,0.000000000000000,0.000000000000000,0.000000000000000
"....Misamis Oriental","12.2.9 - Other financial services (S)",0.000000000000000,0.000000000000000,0.000000000000000,0.000000000000000,0.000000000000000,0.000000000000000,0.000000000000000,0.000000000000000,0.000000000000000,0.000000000000000,0.000000000000000,0.000000000000000,0.000000000000000
"....Misamis Oriental","12.2.9.1 - Remittances fees (S)",0.000000000000000,0.000000000000000,0.000000000000000,0.000000000000000,0.000000000000000,0.000000000000000,0.000000000000000,0.000000000000000,0.000000000000000,0.000000000000000,0.000000000000000,0.000000000000000,0.000000000000000
"....Misamis Oriental","13 - PERSONAL CARE, AND MISCELLANEOUS GOODS AND SERVICES",90.162532078699800,90.419161676646700,90.504704875962400,90.504704875962400,90.932420872540600,91.017964071856300,91.274593669803300,91.189050470487600,91.616766467065900,91.616766467065900,91.873396065012800,91.787852865697200,91.074992871400100
"....Misamis Oriental","13.1 - PERSONAL CARE",89.180050718512300,89.433643279797100,89.602704987320400,89.602704987320400,90.109890109890100,90.194420963651700,90.448013524936600,90.363482671175000,90.870667793744700,90.870667793744700,91.208791208791200,91.124260355029600,90.250774866159500
"....Misamis Oriental","13.1.1 - Electric appliances for personal care (SD)",0.000000000000000,0.000000000000000,0.000000000000000,0.000000000000000,0.000000000000000,0.000000000000000,0.000000000000000,0.000000000000000,0.000000000000000,0.000000000000000,0.000000000000000,0.000000000000000,0.000000000000000
"....Misamis Oriental","13.1.1.1 - Electric appliances for personal care (SD)",0.000000000000000,0.000000000000000,0.000000000000000,0.000000000000000,0.000000000000000,0.000000000000000,0.000000000000000,0.000000000000000,0.000000000000000,0.000000000000000,0.000000000000000,0.000000000000000,0.000000000000000
"....Misamis Oriental","13.1.2 - Other appliances, articles and products for personal care (ND)",91.011235955056200,91.011235955056200,91.270527225583400,91.270527225583400,91.875540190146900,92.048401037165100,92.307692307692300,92.221261884183200,92.307692307692300,92.221261884183200,92.566983578219500,92.480553154710500,91.882742725439300
"....Misamis Oriental","13.1.2.0 - Other appliances, articles and products for personal care (ND)",91.011235955056200,91.011235955056200,91.270527225583400,91.270527225583400,91.875540190146900,92.048401037165100,92.307692307692300,92.221261884183200,92.307692307692300,92.221261884183200,92.566983578219500,92.480553154710500,91.882742725439300
"....Misamis Oriental","13.1.3 - Hairdressing salons and personal grooming establishments (S)",82.531055900621100,83.618012422360200,83.618012422360200,83.618012422360200,83.618012422360200,83.618012422360200,83.618012422360200,83.618012422360200,85.869565217391300,85.869565217391300,86.180124223602500,86.180124223602500,84.329710144927500
"....Misamis Oriental","13.1.3.1 - Hairdressing (S)",0.000000000000000,0.000000000000000,0.000000000000000,0.000000000000000,0.000000000000000,0.000000000000000,0.000000000000000,0.000000000000000,0.000000000000000,0.000000000000000,0.000000000000000,0.000000000000000,0.000000000000000
"....Misamis Oriental","13.1.3.2 - Personal grooming treatments (S)",0.000000000000000,0.000000000000000,0.000000000000000,0.000000000000000,0.000000000000000,0.000000000000000,0.000000000000000,0.000000000000000,0.000000000000000,0.000000000000000,0.000000000000000,0.000000000000000,0.000000000000000
"....Misamis Oriental","13.2 - OTHER PERSONAL EFFECTS",95.718108831400500,95.718108831400500,95.718108831400500,95.718108831400500,95.718108831400500,95.718108831400500,95.718108831400500,95.718108831400500,95.718108831400500,95.718108831400500,95.718108831400500,95.718108831400500,95.718108831400500
"....Misamis Oriental","13.2.1 - Jewellery and watches (D)",100.000000000000000,100.000000000000000,100.000000000000000,100.000000000000000,100.000000000000000,100.000000000000000,100.000000000000000,100.000000000000000,100.000000000000000,100.000000000000000,100.000000000000000,100.000000000000000,100.000000000000000
"....Misamis Oriental","13.2.1.1 - Jewellery and watches (D)",99.957106379433400,99.957106379433400,99.957106379433400,99.957106379433400,99.957106379433400,99.957106379433400,99.957106379433400,99.957106379433400,99.957106379433400,99.957106379433400,99.957106379433400,99.957106379433400,99.957106379433400
"....Misamis Oriental","13.2.1.2 - Repair and hire of jewellery, clocks and watches (S)",..,..,..,..,..,..,..,..,..,..,..,..,..
"....Misamis Oriental","13.2.9 - Other personal effects n.e.c. (SD)",95.778364116095000,95.778364116095000,95.778364116095000,95.778364116095000,95.778364116095000,95.778364116095000,95.778364116095000,95.778364116095000,95.778364116095000,95.778364116095000,95.778364116095000,95.778364116095000,95.778364116095000
"....Misamis Oriental","13.2.9.1 - Travel goods and articles for babies and other personal effects n.e.c. (SD)",95.778364116095000,95.778364116095000,95.778364116095000,95.778364116095000,95.778364116095000,95.778364116095000,95.778364116095000,95.778364116095000,95.778364116095000,95.778364116095000,95.778364116095000,95.778364116095000,95.778364116095000
"....Misamis Oriental","13.9 - OTHER SERVICES",93.109869646182500,93.109869646182500,93.109869646182500,93.109869646182500,93.109869646182500,93.109869646182500,93.109869646182500,93.109869646182500,93.109869646182500,93.109869646182500,93.109869646182500,93.109869646182500,93.109869646182500
"....Misamis Oriental","13.9.0 - Other services (S)",93.109869646182500,93.109869646182500,93.109869646182500,93.109869646182500,93.109869646182500,93.109869646182500,93.109869646182500,93.109869646182500,93.109869646182500,93.109869646182500,93.109869646182500,93.109869646182500,93.109869646182500
"....Misamis Oriental","13.9.0.9 - Other services n.e.c. (S)",93.109869646182500,93.109869646182500,93.109869646182500,93.109869646182500,93.109869646182500,93.109869646182500,93.109869646182500,93.109869646182500,93.109869646182500,93.109869646182500,93.109869646182500,93.109869646182500,93.109869646182500
