"Geolocation","Commodity Description","2009 Jan","2009 Feb","2009 Mar","2009 Apr","2009 May","2009 Jun","2009 Jul","2009 Aug","2009 Sep","2009 Oct","2009 Nov","2009 Dec","2009 Ave"
"....Davao de Oro","0 - ALL ITEMS",70.850570808109000,72.852342072379200,73.640918631031100,73.337619954626500,73.155640748783800,73.458939425188300,73.580258895750200,73.519599160469300,73.276960219345600,73.155640748783800,73.944217307435700,74.914773071930300,73.307290086986100
"....Davao de Oro","01 - FOOD AND NON-ALCOHOLIC BEVERAGES",68.588400729536200,71.476333391832500,72.753688223232700,71.976167891076000,71.587407724997700,71.198647558919300,71.198647558919300,70.976498892588900,70.421127226762700,70.198978560432200,71.587407724997700,73.253522722476300,71.268069017147600
"....Davao de Oro","01.1 - FOOD",68.173414679238300,71.199676024967200,72.520226430376200,71.694882426995600,71.309721892084600,70.869538423615000,70.869538423615000,70.649446689380100,70.044194420234300,69.824102685999500,71.309721892084600,73.070455765963200,70.961243312879500
"....Davao de Oro","01.1.1 - Cereals and cereal products (ND)",72.916189341520400,80.133345552857100,84.028318746276900,82.825459377720700,82.940017412821300,81.679879026714900,80.935251798561200,79.445997342253600,77.956742885946000,77.040278605141400,78.586812078999200,79.675113412454700,79.846950465105600
"....Davao de Oro","01.1.1.1 - Cereals (ND)",73.815351708853500,83.526069599013800,88.378394452328100,86.975291381606100,86.823412614846900,84.468251336412800,82.445532653474200,80.437957562952100,77.884081638012000,76.992526156199400,78.731862198256400,79.955896097447900,81.702885616616900
"....Davao de Oro","01.1.1.12 - Rice",75.651274201321000,83.860116600995900,88.466517372036500,86.871994028214800,87.049163288639400,85.808978465667000,85.395583524676100,83.623890920429700,82.088423996749500,80.080505711937000,81.970311156466500,83.269552399580500,83.678025972226100
"....Davao de Oro","01.1.1.16 - Corn",66.186397505274200,82.137977623224700,88.012210301581100,87.404531058992500,85.885332952521000,78.897021662752200,70.186952518982400,67.199196242921800,60.413444700682500,64.160800029978900,65.274878641391300,66.186397505274200,73.495428395298100
"....Davao de Oro","01.1.1.20 - Flour, Bread and Other Bakery Products, Pasta Products,  and Other Cereals",70.346972383362300,70.920764980290200,71.379799057832600,71.724074615989300,71.953591654760500,72.240487953224400,72.412625732302800,72.527384251688400,73.043797588923500,75.453726496020700,75.625864275099100,75.855381313870300,72.790372525280400
"....Davao de Oro","01.1.2 - Meat and other parts of slaughtered land animals (ND)",69.378429907275500,69.556780626831500,69.437880147127500,71.043036623131300,71.875339981059200,71.340287822391200,71.340287822391200,71.518638541947200,71.161937102835300,71.399738062243200,72.469842379579100,75.561254851882700,71.340287822391200
"....Davao de Oro","01.1.2.2 - Meat, fresh, chilled or frozen (ND)",68.556376742572600,68.673969155510100,68.438784329635100,70.379059143104100,71.613779478948000,70.908225001322900,70.908225001322900,71.084613620729200,70.496651556041600,70.790632588385400,72.201741543635600,76.317475996448700,70.864127846471300
"....Davao de Oro","01.1.2.3 - Meat, dried, salted, in brine or smoked (ND)",..,..,..,..,..,..,..,..,..,..,..,..,..
"....Davao de Oro","01.1.2.4 - Offal, blood and other parts of slaughtered animals, fresh, chilled or frozen, dried, salted, in brine or smoked (ND)",77.444465477103700,77.577303325263400,77.311627628944000,79.503452123579100,80.898249529255900,80.101222440297700,80.101222440297700,80.300479212537200,79.636289971738700,79.968384592138000,81.562438770054400,86.211763455643800,80.051408247237800
"....Davao de Oro","01.1.2.5 - Meat, offal, blood and other parts of slaughtered animals' preparations (ND)",67.795678483575600,67.795678483575600,67.795678483575600,68.515516768632900,67.795678483575600,67.795678483575600,67.795678483575600,67.795678483575600,67.795678483575600,67.795678483575600,67.795678483575600,68.319197236344500,67.899291570061100
"....Davao de Oro","01.1.3 - Fish and other seafood (ND)",52.121835341782000,53.313443770425600,53.489978352446900,52.210102632792600,51.371563368191600,52.695572733351100,53.357577415930900,53.887181161994700,52.827973669867100,53.931314807500100,54.725720426595800,58.697748522074500,53.552501016912700
"....Davao de Oro","01.1.3.1 - Fish, live, fresh, chilled or frozen (ND)",51.908332405189100,46.867899188083800,46.583358603247200,49.916548311332900,46.258169363433900,46.664655913200500,44.835466439251000,49.022277901846500,46.867899188083800,47.802818252546800,51.014061995702600,60.851036500053200,49.049377005164300
"....Davao de Oro","01.1.3.2 - Fish, dried, salted, in brine or smoked (ND)",71.662604709718000,72.900022058309300,73.222826584028700,72.792420549736100,69.026367749675900,71.070796412565700,68.326957943950400,70.048582081120800,69.080168503962400,62.677878743860000,63.000683269579400,63.592491566731800,68.950150014436500
"....Davao de Oro","01.1.3.3 - Fish preparations (ND)",80.167176875613900,80.167176875613900,80.345988422548400,80.465196120504700,80.644007667439100,80.405592271526500,77.544607520575300,76.829361332837400,77.544607520575300,75.756492051230700,76.114115145099600,75.100849712471000,78.423764293003000
"....Davao de Oro","01.1.3.4 - Other seafood, live, fresh, chilled or frozen (ND)",48.516835795449400,52.416319793962200,52.779062491498200,49.106292678945500,49.877120911209700,51.781520073274000,55.000861513906600,54.094004770066500,52.915091003074300,56.995946350355000,57.222660536315100,61.484887232363900,53.515883595868400
"....Davao de Oro","01.1.3.6 - Other seafood preparations (ND)",73.823535901501400,73.823535901501400,73.760492745308800,73.634406432923700,74.012665370079100,74.012665370079100,73.886579057694000,73.886579057694000,73.886579057694000,73.319190651960800,73.256147495768200,73.508320120538500,73.734224763561900
"....Davao de Oro","01.1.4 - Milk, other dairy products and eggs (ND)",74.731659103099500,75.032996438192700,74.972728971174100,75.153531372230000,74.972728971174100,74.912461504155400,74.731659103099500,75.213798839248600,75.153531372230000,74.912461504155400,75.515136174341700,75.575403641360400,75.073174749538500
"....Davao de Oro","01.1.4.1 - Raw and whole milk (ND)",..,..,..,..,..,..,..,..,..,..,..,..,..
"....Davao de Oro","01.1.4.3 - Other milk and cream (ND)",..,..,..,..,..,..,..,..,..,..,..,..,..
"....Davao de Oro","01.1.4.4 - Non-animal milk (ND)",0.000000000000000,0.000000000000000,0.000000000000000,0.000000000000000,0.000000000000000,0.000000000000000,0.000000000000000,0.000000000000000,0.000000000000000,0.000000000000000,0.000000000000000,0.000000000000000,0.000000000000000
"....Davao de Oro","01.1.4.5 - Cheese (ND)",77.555524678822600,77.555524678822600,77.555524678822600,77.555524678822600,77.555524678822600,77.555524678822600,78.156730296487900,78.089929672302900,78.089929672302900,78.290331544857900,78.290331544857900,80.027147773668800,78.023129048117800
"....Davao de Oro","01.1.4.6 - Yoghurt and similar products (ND)",..,..,..,..,..,..,..,..,..,..,..,..,..
"....Davao de Oro","01.1.4.7 - Milk-based dessert and beverages (ND)",0.000000000000000,0.000000000000000,0.000000000000000,0.000000000000000,0.000000000000000,0.000000000000000,0.000000000000000,0.000000000000000,0.000000000000000,0.000000000000000,0.000000000000000,0.000000000000000,0.000000000000000
"....Davao de Oro","01.1.4.8 - Eggs (ND)",68.063147417080000,68.590360022944300,68.695802544117200,69.117572628808600,68.695802544117200,68.695802544117200,68.063147417080000,69.223015149981500,69.855670277018600,69.486621452913600,70.751931706987900,70.910095488747200,69.179080766159400
"....Davao de Oro","01.1.5 - Oils and fats (ND)",84.890184883296700,84.890184883296700,85.910652920962200,85.910652920962200,87.824030491585000,83.678379088569000,85.974432173316300,85.974432173316300,85.974432173316300,82.275235536779000,83.040586565028100,83.040586565028100,84.948649197954700
"....Davao de Oro","01.1.5.1 - Vegetable oils (ND)",85.984522785898500,85.984522785898500,87.017369906449900,87.017369906449900,88.953958257483600,84.564357995140500,87.017369906449900,87.017369906449900,87.017369906449900,83.079640259347900,83.983381489830300,83.983381489830300,85.968384549639900
"....Davao de Oro","01.1.5.2 - Butter and other fats and oils derived from milk (ND)",..,..,..,..,..,..,..,..,..,..,..,..,..
"....Davao de Oro","01.1.5.3 - Margarine and similar preparations (ND)",..,..,..,..,..,..,..,..,..,..,..,..,..
"....Davao de Oro","01.1.5.9 - Other animal oils and fats (ND)",76.103500761035000,76.103500761035000,77.017656926332700,77.017656926332700,78.731699736266000,74.846536033750600,77.017656926332700,77.017656926332700,77.017656926332700,73.532436546135200,74.332323190770700,74.332323190770700,76.089217070952200
"....Davao de Oro","01.1.6 - Fruits and nuts (ND)",61.993804912708500,60.619980981124900,61.221028951192800,61.135164955468800,59.503749036713300,58.387517092301700,59.246157049541400,60.061865008919100,65.170772754495500,62.466056889190400,65.084908758771500,61.650348929812600,61.378446276686700
"....Davao de Oro","01.1.6.1 - Dates, figs and tropical fruits, fresh (ND)",62.133666738987100,60.276410396245600,61.078407453338500,60.951776339060700,59.010099253467400,57.743788110689100,58.756837024911700,59.643254824856500,65.426075710210600,62.471349710394600,65.383865338784700,61.500511167598000,61.198003505712000
"....Davao de Oro","01.1.6.2 - Citrus fruits, fresh (ND)",0.000000000000000,0.000000000000000,0.000000000000000,0.000000000000000,0.000000000000000,0.000000000000000,0.000000000000000,0.000000000000000,0.000000000000000,0.000000000000000,0.000000000000000,0.000000000000000,0.000000000000000
"....Davao de Oro","01.1.6.3 - Stone fruits and pome fruits, fresh (ND)",0.000000000000000,0.000000000000000,0.000000000000000,0.000000000000000,0.000000000000000,0.000000000000000,0.000000000000000,0.000000000000000,0.000000000000000,0.000000000000000,0.000000000000000,0.000000000000000,0.000000000000000
"....Davao de Oro","01.1.6.5 - Other fruits, fresh (ND)",0.000000000000000,0.000000000000000,0.000000000000000,0.000000000000000,0.000000000000000,0.000000000000000,0.000000000000000,0.000000000000000,0.000000000000000,0.000000000000000,0.000000000000000,0.000000000000000,0.000000000000000
"....Davao de Oro","01.1.6.7 - Fruit, dried and dehydrated (ND)",0.000000000000000,0.000000000000000,0.000000000000000,0.000000000000000,0.000000000000000,0.000000000000000,0.000000000000000,0.000000000000000,0.000000000000000,0.000000000000000,0.000000000000000,0.000000000000000,0.000000000000000
"....Davao de Oro","01.1.6.8 - Nuts, in shell or shelled (ND)",63.323162147813600,65.089353708950300,63.686789822165300,63.790683443408600,65.868555868275400,65.972449489518700,65.868555868275400,65.816609057653700,64.829619655842000,63.323162147813600,63.790683443408600,64.206257928382000,64.630490215125600
"....Davao de Oro","01.1.6.9 - Fruit and nuts ground and other preparations (ND)",..,..,..,..,..,..,..,..,..,..,..,..,..
"....Davao de Oro","01.1.7 - Vegetables, tubers, plantains, cooking bananas and pulses (ND)",73.788297912717700,77.527946899217000,77.304684273157300,71.834749934695700,67.536944383047200,66.364815596234000,67.760207009106900,67.760207009106900,66.532262565778800,66.197368626689300,69.602123674099100,71.444040339091300,70.304470685245100
"....Davao de Oro","01.1.7.1 - Leafy or stem vegetables, fresh or chilled (ND)",68.001136735420100,81.852114542810300,76.598295374489900,72.657930998249500,68.956376584205600,68.956376584205600,68.060839225969100,68.956376584205600,68.896674093656500,69.911616432991100,73.135550922642300,74.090790771427800,71.672839904189400
"....Davao de Oro","01.1.7.2 - Fruit-bearing vegetables, fresh or chilled (ND)",70.893611573422100,76.868092006998700,78.681773567191600,70.093457943925200,66.252720522340300,62.411983100755300,64.279008236248000,64.118977510348600,63.105449579652600,61.771860197157800,63.532198182050900,69.186617163828800,67.599645798660000
"....Davao de Oro","01.1.7.3 - Green leguminous vegetables, fresh or chilled (ND)",0.000000000000000,0.000000000000000,0.000000000000000,0.000000000000000,0.000000000000000,0.000000000000000,0.000000000000000,0.000000000000000,0.000000000000000,0.000000000000000,0.000000000000000,0.000000000000000,0.000000000000000
"....Davao de Oro","01.1.7.4 - Other vegetables, fresh or chilled (ND)",77.759750656448100,74.504194863693600,74.023866959844600,70.981790235467400,65.217855389279100,66.979057703392200,66.979057703392200,67.619494908524200,65.324594923467800,65.644813526033800,69.434066989731600,67.993083278184600,69.371802261454900
"....Davao de Oro","01.1.7.5 - Tubers, plantains and cooking bananas (ND)",0.000000000000000,0.000000000000000,0.000000000000000,0.000000000000000,0.000000000000000,0.000000000000000,0.000000000000000,0.000000000000000,0.000000000000000,0.000000000000000,0.000000000000000,0.000000000000000,0.000000000000000
"....Davao de Oro","01.1.7.9 - Vegetables, tubers, plantains, cooking bananas and pulses ground and other preparations (ND)",68.224458468360900,68.492636371145400,68.492636371145400,68.492636371145400,68.492636371145400,68.492636371145400,68.492636371145400,68.492636371145400,68.492636371145400,68.492636371145400,69.672619143396900,69.672619143396900,68.666952007955300
"....Davao de Oro","01.1.8 - Sugar, confectionery and desserts (ND)",56.135192560167100,56.074242296801000,56.013292033434900,55.769490979970500,56.074242296801000,57.658949144319300,58.024650724515800,59.182705728471400,64.912030484883700,67.532891809625500,71.128957348224700,71.555609191787300,60.838521216583500
"....Davao de Oro","01.1.8.1 - Cane and beet sugar (ND)",48.458467877507800,48.289229922173100,48.176404618616600,47.950754011503700,48.289229922173100,50.038022127298500,50.489323341524500,51.843226984202200,58.387094590478000,61.376965134724700,65.551501366314400,66.002802580540300,53.737751873088100
"....Davao de Oro","01.1.8.3 - Jams, fruit jellies, marmalades, fruit purée and pastes, honey (ND)",..,..,..,..,..,..,..,..,..,..,..,..,..
"....Davao de Oro","01.1.8.4 - Nut purée, nut butter and nut pastes (ND)",0.000000000000000,0.000000000000000,0.000000000000000,0.000000000000000,0.000000000000000,0.000000000000000,0.000000000000000,0.000000000000000,0.000000000000000,0.000000000000000,0.000000000000000,0.000000000000000,0.000000000000000
"....Davao de Oro","01.1.8.5 - Chocolate, cocoa, and cocoa-based food products (ND)",85.470085470085500,85.470085470085500,85.470085470085500,85.470085470085500,85.470085470085500,85.470085470085500,85.470085470085500,85.470085470085500,85.470085470085500,85.470085470085500,85.470085470085500,85.470085470085500,85.470085470085500
"....Davao de Oro","01.1.8.6 - Ice, ice cream and sorbet (ND)",87.505016149078000,87.972540723338500,88.362144535222200,88.362144535222200,88.362144535222200,88.673827584729100,88.673827584729100,88.673827584729100,88.673827584729100,88.673827584729100,88.673827584729100,88.673827584729100,88.440065297598900
"....Davao de Oro","01.1.8.9 - Other sugar confectionery and desserts n.e.c. (ND)",93.689135311346400,93.689135311346400,93.689135311346400,93.689135311346400,93.689135311346400,93.689135311346400,93.689135311346400,93.689135311346400,93.689135311346400,93.689135311346400,93.689135311346400,93.689135311346400,93.689135311346400
"....Davao de Oro","01.1.9 - Ready-made food and other food products n.e.c. (ND)",75.929678066351500,74.138883772333800,72.041096170770200,73.934221567303200,75.315691451259700,73.780724913530200,72.245758375800700,72.143427273285500,72.808579439634900,70.608460735556000,71.529440658193700,69.892143017948900,72.864008786830700
"....Davao de Oro","01.1.9.2 - Baby food (ND)",0.000000000000000,0.000000000000000,0.000000000000000,0.000000000000000,0.000000000000000,0.000000000000000,0.000000000000000,0.000000000000000,0.000000000000000,0.000000000000000,0.000000000000000,0.000000000000000,0.000000000000000
"....Davao de Oro","01.1.9.3 - Salt, condiments and sauces (ND)",62.473589373322600,62.320235176277000,62.248605484468200,62.615882759127500,62.217355046371500,62.424870247637400,62.129222664786900,62.472623375509900,62.800487394269800,62.673730700428000,63.415789477769400,63.185033683841500,62.581452115317500
"....Davao de Oro","01.1.9.4 - Spices, culinary herbs and seeds (ND)",104.385706635013000,100.096677045346000,94.938249565880700,99.227279155548000,103.516308745215000,99.227279155548000,95.807647455678100,94.938249565880700,95.807647455678100,90.649219976213300,91.750457303290000,88.330825603420100,96.556295638559200
"....Davao de Oro","01.1.9.9 - Other food products n.e.c. (ND)",78.823538297990500,78.823538297990500,78.823538297990500,78.823538297990500,78.823538297990500,78.823538297990500,78.823538297990500,78.823538297990500,78.823538297990500,78.823538297990500,79.343580492228000,79.343580492228000,78.910211997030100
"....Davao de Oro","01.2 - NON-ALCOHOLIC BEVERAGES",77.143190921676500,77.478888010108500,77.546027427794900,77.546027427794900,77.747445680854100,77.747445680854100,78.083142769286100,78.217421604658900,78.217421604658900,78.217421604658900,77.143190921676500,77.143190921676500,77.685901214641600
"....Davao de Oro","01.2.1 - Fruit and vegetable juices (ND)",62.932330827067700,62.932330827067700,63.157894736842100,63.007518796992500,62.932330827067700,63.007518796992500,63.984962406015000,65.864661654135300,65.864661654135300,65.864661654135300,66.541353383458600,66.541353383458600,64.385964912280700
"....Davao de Oro","01.2.1.0 - Fruit and vegetable juices (ND)",62.959783427268700,62.901541259435900,63.134509930767200,63.018025595101500,62.959783427268700,63.018025595101500,63.949900280426500,65.871891818909300,65.871891818909300,65.871891818909300,66.570797832903000,66.570797832903000,64.391570053158700
"....Davao de Oro","01.2.2 - Coffee and coffee substitutes (ND)",77.587758775877600,79.207920792079200,79.207920792079200,79.207920792079200,79.207920792079200,79.207920792079200,79.207920792079200,79.207920792079200,79.207920792079200,79.207920792079200,76.957695769577000,76.957695769577000,78.697869786978700
"....Davao de Oro","01.2.2.0 - Coffee and coffee substitutes (ND)",77.565063096567500,79.176972138474600,79.176972138474600,79.241448500150900,79.241448500150900,79.241448500150900,79.241448500150900,79.241448500150900,79.241448500150900,79.241448500150900,76.984775841481000,76.984775841481000,78.714891546461300
"....Davao de Oro","01.2.3 - Tea, maté and other plant products for infusion (ND)",..,..,..,..,..,..,..,..,..,..,..,..,..
"....Davao de Oro","01.2.3.0 - Tea, maté and other plant products for infusion (ND)",..,..,..,..,..,..,..,..,..,..,..,..,..
"....Davao de Oro","01.2.4 - Cocoa drinks (ND)",83.659574468085100,83.914893617021300,84.255319148936200,84.255319148936200,84.255319148936200,84.255319148936200,85.361702127659600,85.361702127659600,85.361702127659600,85.361702127659600,82.468085106383000,82.468085106383000,84.248226950354600
"....Davao de Oro","01.2.4.0 - Cocoa drinks (ND)",83.663901911287400,83.938660209846600,84.282108083045700,84.282108083045700,84.282108083045700,84.282108083045700,85.381141277282600,85.381141277282600,85.381141277282600,85.381141277282600,82.496179142410700,82.496179142410700,84.270659820605700
"....Davao de Oro","01.2.5 - Water (ND)",80.065897858319600,78.995057660626000,78.995057660626000,78.995057660626000,80.065897858319600,80.065897858319600,80.065897858319600,80.065897858319600,80.065897858319600,80.065897858319600,80.065897858319600,80.065897858319600,79.798187808896200
"....Davao de Oro","01.2.5.0 - Water (ND)",80.088168365030700,79.017470926995600,79.017470926995600,79.017470926995600,80.088168365030700,80.088168365030700,80.088168365030700,80.088168365030700,80.088168365030700,80.088168365030700,80.088168365030700,80.088168365030700,79.820494005521900
"....Davao de Oro","01.2.6 - Soft drinks (ND)",74.845122638492600,74.365785165053000,74.365785165053000,74.365785165053000,74.845122638492600,74.845122638492600,74.845122638492600,74.502738728892900,74.502738728892900,74.502738728892900,74.502738728892900,74.502738728892900,74.582628307799500
"....Davao de Oro","01.2.6.0 - Soft drinks (ND)",74.845122638492600,74.365785165053000,74.365785165053000,74.365785165053000,74.845122638492600,74.845122638492600,74.845122638492600,74.502738728892900,74.502738728892900,74.502738728892900,74.502738728892900,74.502738728892900,74.582628307799500
"....Davao de Oro","01.2.9 - Other non-alcoholic beverages (ND)",..,..,..,..,..,..,..,..,..,..,..,..,..
"....Davao de Oro","01.2.9.0 - Other non-alcoholic beverages (ND)",..,..,..,..,..,..,..,..,..,..,..,..,..
"....Davao de Oro","02 - ALCOHOLIC BEVERAGES AND TOBACCO",50.880663445809700,51.498839730665400,52.117016015521000,52.259672081256900,52.449880168904800,52.449880168904800,52.782744322288600,52.877848366112500,53.448472629056200,53.496024650968200,53.781336782440000,53.876440826263900,52.659901599016000
"....Davao de Oro","02.1 - ALCOHOLIC BEVERAGES",56.296436303478400,56.652099709727900,57.566662754369200,57.871517102583000,57.871517102583000,57.871517102583000,58.481225799010600,58.735271089188700,59.497406959723100,59.497406959723100,60.056306598115100,60.259542830257600,58.388075859278500
"....Davao de Oro","02.1.1 - Spirits and liquors (ND)",65.444716933879600,65.858176336891400,66.507898255910100,66.744160771916900,66.744160771916900,66.744160771916900,66.685095142915200,66.626029513913500,66.744160771916900,66.744160771916900,65.740045078888000,67.039488916925400,66.468521169909000
"....Davao de Oro","02.1.1.0 - Spirits and liquors (ND)",65.444716933879600,65.858176336891400,66.507898255910100,66.744160771916900,66.744160771916900,66.744160771916900,66.685095142915200,66.626029513913500,66.744160771916900,66.744160771916900,65.740045078888000,67.039488916925400,66.468521169909000
"....Davao de Oro","02.1.2 - Wine (ND)",47.828534703089400,48.575855557825200,50.568711170453900,50.568711170453900,50.568711170453900,50.568711170453900,50.568711170453900,51.149960724137300,53.018262860976700,53.018262860976700,53.018262860976700,53.018262860976700,51.039246523435700
"....Davao de Oro","02.1.2.1 - Wine from grapes (ND)",0.000000000000000,0.000000000000000,0.000000000000000,0.000000000000000,0.000000000000000,0.000000000000000,0.000000000000000,0.000000000000000,0.000000000000000,0.000000000000000,0.000000000000000,0.000000000000000,0.000000000000000
"....Davao de Oro","02.1.2.2 - Wine from other sources (ND)",47.828534703089400,48.575855557825200,50.568711170453900,50.568711170453900,50.568711170453900,50.568711170453900,50.568711170453900,51.149960724137300,53.018262860976700,53.018262860976700,53.018262860976700,53.018262860976700,51.039246523435700
"....Davao de Oro","02.1.3 - Beer (ND)",60.797274114417400,60.797274114417400,60.797274114417400,61.418230488845100,61.418230488845100,61.418230488845100,62.829494976180700,62.829494976180700,62.829494976180700,62.829494976180700,64.466561781490000,64.466561781490000,62.241468106457500
"....Davao de Oro","02.1.3.0 - Beer (ND)",60.797274114417400,60.797274114417400,60.797274114417400,61.418230488845100,61.418230488845100,61.418230488845100,62.829494976180700,62.829494976180700,62.829494976180700,62.829494976180700,64.466561781490000,64.466561781490000,62.241468106457500
"....Davao de Oro","02.3 - TOBACCO",45.862914987929200,46.756058415152700,47.113315786042100,47.113315786042100,47.425915985570400,47.470573156931500,47.470573156931500,47.470573156931500,47.827830527821000,47.917144870543300,47.917144870543300,47.917144870543300,47.355208797581800
"....Davao de Oro","02.3.0 - Tobacco (ND)",45.862914987929200,46.756058415152700,47.113315786042100,47.113315786042100,47.425915985570400,47.470573156931500,47.470573156931500,47.470573156931500,47.827830527821000,47.917144870543300,47.917144870543300,47.917144870543300,47.355208797581800
"....Davao de Oro","02.3.0.1 - Cigarettes (ND)",45.119216656591400,46.041810181214900,46.393274381071500,46.393274381071500,46.700805555946100,46.744738580928100,46.744738580928100,46.744738580928100,47.140135805766800,47.228001855731000,47.228001855731000,47.228001855731000,46.642228189303300
"....Davao de Oro","02.3.0.2 - Cigars (ND)",52.589730018440200,52.589730018440200,52.589730018440200,52.589730018440200,52.589730018440200,52.589730018440200,52.589730018440200,52.589730018440200,52.589730018440200,52.589730018440200,52.589730018440200,52.589730018440200,52.589730018440300
"....Davao de Oro","02.3.0.9 - Other tobacco products (ND)",..,..,..,..,..,..,..,..,..,..,..,..,..
"....Davao de Oro","02.4 - OTHER VEGETABLE-BASED TOBACCO PRODUCTS",..,..,..,..,..,..,..,..,..,..,..,..,..
"....Davao de Oro","02.4.0 - Other vegetable-based tobacco products (ND)",..,..,..,..,..,..,..,..,..,..,..,..,..
"....Davao de Oro","02.4.0.0 - Other vegetable-based tobacco products (ND)",..,..,..,..,..,..,..,..,..,..,..,..,..
"....Davao de Oro","02.900 - NON-FOOD",74.650524450417700,75.531156771520600,75.802120562629200,75.937602458183500,76.073084353737800,77.224680465949300,77.631126152612200,77.698867100389400,77.766608048166500,77.766608048166500,77.902089943720800,77.969830891498000,76.829524937249300
"....Davao de Oro","03 - CLOTHING AND FOOTWEAR",66.393507114454700,66.817166685832200,66.938212277654400,66.938212277654400,67.301349053120900,67.301349053120900,67.301349053120900,67.482917440854100,67.543440236765200,67.725008624498400,67.725008624498400,67.725008624498400,67.266044088839400
"....Davao de Oro","03.1 - CLOTHING",70.214460098839900,70.214460098839900,70.346071083092600,70.346071083092600,70.740904035850800,70.740904035850800,70.740904035850800,70.938320512230000,71.004126004356300,71.069931496482700,71.069931496482700,71.135736988609100,70.713485080798200
"....Davao de Oro","03.1.1 - Clothing materials (SD)",74.528025918701200,74.969020154906600,74.969020154906600,74.969020154906600,74.969020154906600,74.969020154906600,75.042519194274100,75.042519194274100,75.042519194274100,74.895521115539000,74.895521115539000,74.969020154906600,74.938395555170100
"....Davao de Oro","03.1.1.0 - Clothing materials (SD)",74.528025918701200,74.969020154906600,74.969020154906600,74.969020154906600,74.969020154906600,74.969020154906600,75.042519194274100,75.042519194274100,75.042519194274100,74.895521115539000,74.895521115539000,74.969020154906600,74.938395555170100
"....Davao de Oro","03.1.2 - Garments (SD)",69.309785119919800,69.375606378343300,69.507248895190200,69.507248895190200,69.967997704154500,69.967997704154500,69.967997704154500,70.231282737848400,70.297103996271900,70.362925254695400,70.362925254695400,70.428746513118900,69.940572179811400
"....Davao de Oro","03.1.2.1 - Garments for men or boys (SD)",61.113164150483200,61.188014436975100,61.225439580221000,61.188014436975100,61.562265869434300,61.599691012680200,61.599691012680200,61.993564248533100,62.064379337654800,62.176654767392600,62.176654767392600,62.214079910638500,61.675134460921700
"....Davao de Oro","03.1.2.2 - Garments for women or girls (SD)",77.567460338387100,77.615885064057100,77.858008692407400,77.858008692407400,78.245406497767800,78.245406497767800,78.245406497767800,78.736583548716300,78.733305426918100,78.781730152588100,78.781730152588100,78.781730152588100,78.287555142830100
"....Davao de Oro","03.1.2.3 - Garments for infants (0 to under 2 years) (SD)",83.490116299820000,83.490116299820000,83.490116299820000,83.490116299820000,83.490116299820000,83.490116299820000,83.490116299820000,83.490116299820000,83.490116299820000,83.490116299820000,83.490116299820000,83.490116299820000,83.490116299820000
"....Davao de Oro","03.1.2.4 - School uniforms (SD)",..,..,..,..,..,..,..,..,..,..,..,..,..
"....Davao de Oro","03.1.3 - Other articles of clothing and clothing accessories (SD)",70.616072702080400,73.226766102247500,73.226766102247500,75.328055912138100,75.328055912138100,75.328055912138100,75.328055912138100,75.328055912138100,75.328055912138100,75.328055912138100,75.328055912138100,75.328055912138100,74.585175676318200
"....Davao de Oro","03.1.3.1 - Other articles of clothing (SD)",76.651096526213900,76.725298942986600,77.096311026850200,77.096311026850200,77.689930361031900,77.689930361031900,77.689930361031900,77.689930361031900,77.764132777804600,77.838335194577300,77.838335194577300,77.838335194577300,77.467323110713700
"....Davao de Oro","03.1.3.2 - Clothing accessories (SD)",71.977408010204500,74.634403674507100,74.634403674507100,76.776086562558100,76.776086562558100,76.776086562558100,76.776086562558100,76.776086562558100,76.776086562558100,76.776086562558100,76.776086562558100,76.776086562558100,76.019249535186800
"....Davao de Oro","03.1.4 - Cleaning, repair, tailoring and hire of clothing (S)",73.188598480701100,73.188598480701100,73.253770874717800,73.253770874717800,73.253770874717800,73.253770874717800,73.253770874717800,73.253770874717800,73.318943268734500,73.318943268734500,73.514460450784400,73.514460450784400,73.297219137395600
"....Davao de Oro","03.1.4.1 - Cleaning of clothing (S)",0.000000000000000,0.000000000000000,0.000000000000000,0.000000000000000,0.000000000000000,0.000000000000000,0.000000000000000,0.000000000000000,0.000000000000000,0.000000000000000,0.000000000000000,0.000000000000000,0.000000000000000
"....Davao de Oro","03.1.4.2 - Repair, tailoring and hire of clothing (S)",62.973015173224600,63.087824681288800,63.374848451449400,63.374848451449400,63.604467467577800,63.604467467577800,63.604467467577800,63.604467467577800,63.891491237738400,64.006300745802600,65.039586318380600,65.039586318380600,63.767114270668800
"....Davao de Oro","03.2 - FOOTWEAR",56.327626216995400,57.967781722481900,58.014643308353000,58.014643308353000,58.202089651837200,58.389535995321300,58.389535995321300,58.389535995321300,58.389535995321300,58.858151854031800,58.858151854031800,58.858151854031800,58.221615312616800
"....Davao de Oro","03.2.1 - Shoes and other footwear (SD)",68.284334836910900,70.494367250719700,70.607702246299600,70.607702246299600,70.834372237459500,70.947707233039400,70.947707233039400,70.947707233039400,70.947707233039400,71.457714713149100,71.457714713149100,71.457714713149100,70.749370990774500
"....Davao de Oro","03.2.1.1 - Footwear for men (SD)",74.038031921737300,76.435788089818800,76.435788089818800,76.435788089818800,76.845161094125400,77.137570382915800,77.137570382915800,77.137570382915800,77.137570382915800,77.663907102738600,77.663907102738600,77.663907102738600,76.811046677099800
"....Davao de Oro","03.2.1.2 - Footwear for women (SD)",65.862408036412300,68.531769487019500,68.695199779913900,68.695199779913900,68.749676544212000,68.749676544212000,68.749676544212000,68.749676544212000,68.749676544212000,68.804153308510100,68.804153308510100,68.804153308510100,68.495451644154100
"....Davao de Oro","03.2.1.3 - Footwear for infants and children (SD)",64.963784556884900,66.284887160605900,66.284887160605900,66.284887160605900,66.744401109726200,66.744401109726200,66.744401109726200,66.744401109726200,66.744401109726200,67.835746738886900,67.835746738886900,67.835746738886900,66.753974316999500
"....Davao de Oro","03.2.2 - Cleaning, repair, and hire of footwear (S)",34.358967257721700,34.993641715882800,34.993641715882800,34.993641715882800,35.080188232904800,35.339827783970700,35.339827783970700,35.339827783970700,35.339827783970700,35.743711530073200,35.743711530073200,35.743711530073200,35.250877197031400
"....Davao de Oro","03.2.2.0 - Cleaning, repair, and hire of footwear (S)",34.358967257721700,34.993641715882800,34.993641715882800,34.993641715882800,35.080188232904800,35.339827783970700,35.339827783970700,35.339827783970700,35.339827783970700,35.743711530073200,35.743711530073200,35.743711530073200,35.250877197031400
"....Davao de Oro","04 - HOUSING, WATER, ELECTRICITY, GAS, AND OTHER FUELS",70.627681838401400,72.796075579054100,72.919983792805600,72.796075579054100,72.858029685929800,72.981937899681400,73.043892006557200,73.105846113433000,73.043892006557200,73.229754327184600,73.353662540936200,73.415616647812000,72.847704001450500
"....Davao de Oro","04.1 - ACTUAL RENTALS FOR HOUSING",78.420652711534500,81.465458036831300,81.465458036831300,81.465458036831300,81.465458036831300,81.465458036831300,81.465458036831300,81.465458036831300,81.465458036831300,81.465458036831300,81.465458036831300,81.465458036831300,81.211724259723300
"....Davao de Oro","04.1.1 - Actual rentals paid by tenants for main residence (S)",78.420652711534500,81.465458036831300,81.465458036831300,81.465458036831300,81.465458036831300,81.465458036831300,81.465458036831300,81.465458036831300,81.465458036831300,81.465458036831300,81.465458036831300,81.465458036831300,81.211724259723300
"....Davao de Oro","04.1.1.0 - Actual rentals paid by tenants for main residence (S)",78.420652711534500,81.465458036831300,81.465458036831300,81.465458036831300,81.465458036831300,81.465458036831300,81.465458036831300,81.465458036831300,81.465458036831300,81.465458036831300,81.465458036831300,81.465458036831300,81.211724259723300
"....Davao de Oro","04.3 - MAINTENANCE, REPAIR AND SECURITY OF THE DWELLING",82.691275516387600,81.998718770019200,81.583184722198200,80.821372301192900,80.821372301192900,80.959883650466600,80.890627975829800,80.959883650466600,81.098394999740300,81.444673372924500,81.444673372924500,81.444673372924500,81.346561167189000
"....Davao de Oro","04.3.1 - Security equipment and materials for the maintenance and repair of the dwelling (ND)",85.004263879474300,84.047624253821100,83.500973039162100,82.476002011676500,82.476002011676500,82.612664815341200,82.544333413508800,82.612664815341200,82.817659020838300,82.339339208011700,82.339339208011700,82.339339208011700,82.925850407072900
"....Davao de Oro","04.3.1.1 - Materials for the maintenance and repair of the dwelling (ND)",85.004263879474300,84.047624253821100,83.500973039162100,82.476002011676500,82.476002011676500,82.612664815341200,82.544333413508800,82.612664815341200,82.817659020838300,82.339339208011700,82.339339208011700,82.339339208011700,82.925850407072900
"....Davao de Oro","04.3.2 - Services for the maintenance, repair and security of the dwelling (S)",76.406470946529100,76.406470946529100,76.406470946529100,76.406470946529100,76.406470946529100,76.406470946529100,76.406470946529100,76.406470946529100,76.406470946529100,78.989224894017400,78.989224894017400,78.989224894017400,77.052159433401200
"....Davao de Oro","04.3.2.0 - Services for the maintenance, repair and security of the dwelling (S)",76.406470946529100,76.406470946529100,76.406470946529100,76.406470946529100,76.406470946529100,76.406470946529100,76.406470946529100,76.406470946529100,76.406470946529100,78.989224894017400,78.989224894017400,78.989224894017400,77.052159433401200
"....Davao de Oro","04.4 - WATER SUPPLY AND MISCELLANEOUS SERVICES RELATING TO THE DWELLING",92.237988769102500,92.237988769102500,92.237988769102500,92.237988769102500,92.237988769102500,92.237988769102500,92.237988769102500,92.237988769102500,92.237988769102500,92.237988769102500,92.237988769102500,92.237988769102500,92.237988769102500
"....Davao de Oro","04.4.1 - Water supply (ND)",92.237988769102500,92.237988769102500,92.237988769102500,92.237988769102500,92.237988769102500,92.237988769102500,92.237988769102500,92.237988769102500,92.237988769102500,92.237988769102500,92.237988769102500,92.237988769102500,92.237988769102500
"....Davao de Oro","04.4.1.1 - Water supply through network systems (ND)",92.237988769102500,92.237988769102500,92.237988769102500,92.237988769102500,92.237988769102500,92.237988769102500,92.237988769102500,92.237988769102500,92.237988769102500,92.237988769102500,92.237988769102500,92.237988769102500,92.237988769102500
"....Davao de Oro","04.5 - ELECTRICITY, GAS AND OTHER FUELS",51.999887567810700,52.451624042820600,53.003746401166100,52.802974634495000,53.003746401166100,53.455482876176000,53.806833467850400,54.007605234521500,53.606061701179300,54.509534651199200,54.911078184541400,55.262428776215800,53.568416994928500
"....Davao de Oro","04.5.1 - Electricity (ND)",39.992423281013100,40.896206857985100,41.122152752228100,40.933864507025600,41.649359838795100,41.988278680159700,41.574044540714100,41.574044540714100,41.574044540714100,41.574044540714100,41.574044540714100,41.574044540714100,41.335546096790900
"....Davao de Oro","04.5.1.0 - Electricity (ND)",39.992423281013100,40.896206857985100,41.122152752228100,40.933864507025600,41.649359838795100,41.988278680159700,41.574044540714100,41.574044540714100,41.574044540714100,41.574044540714100,41.574044540714100,41.574044540714100,41.335546096790900
"....Davao de Oro","04.5.2 - Gas (ND)",75.408606922941000,75.408606922941000,78.281315758100700,77.491320828431800,76.342237294367900,78.281315758100700,81.656748639413300,83.164920777872100,80.364029663591400,86.324900496547700,88.838520727312400,90.849416911924200,81.034328391795300
"....Davao de Oro","04.5.2.2 - Liquefied hydrocarbons (ND)",..,..,..,..,..,..,..,..,..,..,..,..,..
"....Davao de Oro","04.5.3 - Liquid fuels (ND)",..,..,..,..,..,..,..,..,..,..,..,..,..
"....Davao de Oro","04.5.3.0 - Liquid fuels (ND)",..,..,..,..,..,..,..,..,..,..,..,..,..
"....Davao de Oro","04.5.4 - Solid fuels (ND)",61.805652126887000,61.805652126887000,61.805652126887000,61.805652126887000,61.805652126887000,61.805652126887000,61.805652126887000,61.805652126887000,61.805652126887000,61.805652126887000,61.805652126887000,61.805652126887000,61.805652126887000
"....Davao de Oro","04.5.4.2 - Wood fuel, including pellets and briquettes (ND)",62.798765125082600,62.798765125082600,62.798765125082600,62.798765125082600,62.798765125082600,62.798765125082600,62.798765125082600,62.798765125082600,62.798765125082600,62.798765125082600,62.798765125082600,62.798765125082600,62.798765125082600
"....Davao de Oro","04.5.4.3 - Charcoal (ND)",49.707026784134300,49.707026784134300,49.707026784134300,49.707026784134300,49.707026784134300,49.707026784134300,49.707026784134300,49.707026784134300,49.707026784134300,49.707026784134300,49.707026784134300,49.707026784134300,49.707026784134300
"....Davao de Oro","05 - FURNISHINGS, HOUSEHOLD EQUIPMENT AND ROUTINE HOUSEHOLD MAINTENANCE",72.680751413111300,74.036253881739500,75.972685979779800,75.972685979779800,76.230876926185100,76.230876926185100,76.489067872590500,76.489067872590500,76.424520135989200,76.424520135989200,76.489067872590500,76.489067872590500,75.827453572426800
"....Davao de Oro","05.1 - FURNITURE, FURNISHINGS, AND LOOSE CARPETS",75.924870789490500,77.340876372598300,79.363741491323600,79.363741491323600,79.633456840487000,79.633456840487000,79.903172189650300,79.903172189650300,79.835743352359500,79.835743352359500,79.903172189650300,79.903172189650300,79.212026607419200
"....Davao de Oro","05.1.1 - Furniture, furnishings and loose carpets (D)",87.537091988130600,89.119683481701300,91.493570722057400,91.493570722057400,91.790306627101900,91.790306627101900,92.087042532146400,92.087042532146400,91.988130563798200,91.988130563798200,92.087042532146400,92.087042532146400,91.295746785361000
"....Davao de Oro","05.1.1.1 - Household furniture (D)",88.012412407717900,89.653851715499500,91.998765012330300,91.998765012330300,92.311420118574400,92.311420118574400,92.624075224818600,92.624075224818600,92.545911448257500,92.545911448257500,92.624075224818600,92.624075224818600,91.822896515068000
"....Davao de Oro","05.1.1.3 - Lighting equipment (D)",78.415314246238000,79.877766820990200,81.966984784922000,81.966984784922000,82.245547180112900,82.245547180112900,82.524109575303800,82.524109575303800,82.454468976506100,82.454468976506100,82.524109575303800,82.524109575303800,81.810293437627100
"....Davao de Oro","05.1.1.4 - Furnishings, loose carpets and rugs (D)",72.692596369137100,74.048319747247100,75.985067430261400,75.985067430261400,76.243300454663300,76.243300454663300,76.501533479065200,76.501533479065200,76.436975222964800,76.436975222964800,76.501533479065200,76.501533479065200,75.839811354035300
"....Davao de Oro","05.2 - HOUSEHOLD TEXTILES",76.256273219057500,76.473527558713000,76.473527558713000,76.618363785149900,76.618363785149900,76.618363785149900,76.618363785149900,76.618363785149900,76.618363785149900,76.618363785149900,76.618363785149900,76.618363785149900,76.564050200236100
"....Davao de Oro","05.2.1 - Household textiles (SD)",76.256273219057500,76.473527558713000,76.473527558713000,76.618363785149900,76.618363785149900,76.618363785149900,76.618363785149900,76.618363785149900,76.618363785149900,76.618363785149900,76.618363785149900,76.618363785149900,76.564050200236100
"....Davao de Oro","05.2.1.1 - Furnishing fabrics and curtains (SD)",76.446438488930500,76.664234609981600,76.664234609981600,76.809432024015600,76.809432024015600,76.809432024015600,76.809432024015600,76.809432024015600,76.809432024015600,76.809432024015600,76.809432024015600,76.809432024015600,76.754982993752900
"....Davao de Oro","05.2.1.2 - Bed linen and bedding (SD)",76.492383876773700,76.710725600494300,76.710725600494300,76.929067324214900,76.929067324214900,76.929067324214900,76.929067324214900,76.929067324214900,76.929067324214900,76.929067324214900,76.929067324214900,76.929067324214900,76.856286749641400
"....Davao de Oro","05.2.1.3 - Table linen and bathroom linen (SD)",81.002931461538600,81.233271551002700,81.233271551002700,81.386831610645400,81.386831610645400,81.386831610645400,81.386831610645400,81.386831610645400,81.386831610645400,81.386831610645400,81.386831610645400,81.386831610645400,81.329246588279400
"....Davao de Oro","05.2.1.9 - Other household textiles (SD)",75.589201706381400,75.804147303650800,75.804147303650800,75.947444368497000,75.947444368497000,75.947444368497000,75.947444368497000,75.947444368497000,75.947444368497000,75.947444368497000,75.947444368497000,75.947444368497000,75.893707969179700
"....Davao de Oro","05.3 - HOUSEHOLD APPLIANCES",82.082500215430100,82.520663027967900,83.323961517620700,83.323961517620700,85.733856986579100,85.733856986579100,87.778616778422500,87.778616778422500,86.391101205385900,86.391101205385900,86.391101205385900,86.391101205385900,85.320036552515500
"....Davao de Oro","05.3.1 - Major household appliances, whether electric or not (D)",81.710749761555800,82.146928141065900,82.946588503501000,82.946588503501000,85.345569590806500,85.345569590806500,87.381068695186900,87.381068695186900,85.999837160071700,85.999837160071700,85.999837160071700,85.999837160071700,84.933623343491400
"....Davao de Oro","05.3.1.1 - Major kitchen appliances (D)",78.991828140768500,79.413492703797500,80.186544402684000,80.186544402684000,82.505699499343600,82.505699499343600,84.473467460145700,84.473467460145700,83.138196343887100,83.138196343887100,83.138196343887100,83.138196343887100,82.107460745371800
"....Davao de Oro","05.3.1.2 - Major laundry appliances (D)",86.906230960267500,87.370143225179900,88.220649044186100,88.220649044186100,90.772166501204600,90.772166501204600,92.937090404129400,92.937090404129400,91.468034898573300,91.468034898573300,91.468034898573300,91.468034898573300,90.334027139898400
"....Davao de Oro","05.3.1.3 - Heaters, air conditioners (D)",82.457648753891800,82.897814138699000,83.704784010845700,83.704784010845700,86.125693627285600,86.125693627285600,88.179798756386100,88.179798756386100,86.785941704496400,86.785941704496400,86.785941704496400,86.785941704496400,85.709981874967600
"....Davao de Oro","05.3.2 - Small household appliances (SD)",84.071451758394800,84.520231749987700,85.342995067907900,85.342995067907900,87.811285021668600,87.811285021668600,89.905591649101900,89.905591649101900,88.484455009057900,88.484455009057900,88.484455009057900,88.484455009057900,87.387437251830900
"....Davao de Oro","05.3.2.1 - Small appliances for cooking and processing of food (SD)",..,..,..,..,..,..,..,..,..,..,..,..,..
"....Davao de Oro","05.3.2.9 - Other small household appliances (SD)",0.000000000000000,0.000000000000000,0.000000000000000,0.000000000000000,0.000000000000000,0.000000000000000,0.000000000000000,0.000000000000000,0.000000000000000,0.000000000000000,0.000000000000000,0.000000000000000,0.000000000000000
"....Davao de Oro","05.3.3 - Repair, installation and hire of household appliances (S)",85.913016892150100,86.371627302606400,87.212413055109700,87.212413055109700,89.734770312619400,89.734770312619400,91.874952228082300,91.874952228082300,90.422685928303900,90.422685928303900,90.422685928303900,90.422685928303900,89.301638258299600
"....Davao de Oro","05.3.3.0 - Repair, installation and hire of household appliances (S)",85.913016892150100,86.371627302606400,87.212413055109700,87.212413055109700,89.734770312619400,89.734770312619400,91.874952228082300,91.874952228082300,90.422685928303900,90.422685928303900,90.422685928303900,90.422685928303900,89.301638258299600
"....Davao de Oro","05.4 - GLASSWARE, TABLEWARE AND HOUSEHOLD UTENSILS",70.813697891303900,71.460398328667400,71.460398328667400,71.460398328667400,71.460398328667400,71.654408459876400,71.783748547349100,71.913088634821800,72.042428722294500,72.107098766030900,72.430448984712600,72.818469247130700,71.783748547349100
"....Davao de Oro","05.4.0 - Glassware, tableware and household utensils (SD)",70.813697891303900,71.460398328667400,71.460398328667400,71.460398328667400,71.460398328667400,71.654408459876400,71.783748547349100,71.913088634821800,72.042428722294500,72.107098766030900,72.430448984712600,72.818469247130700,71.783748547349100
"....Davao de Oro","05.4.0.1 - Glassware, crystal-ware, ceramic ware and chinaware (SD)",67.035245731812000,67.322211681006400,67.322211681006400,67.322211681006400,67.322211681006400,67.609177630200800,67.838750389556300,68.068323148911800,68.068323148911800,68.240502718428400,68.814434616817300,68.871827806656100,67.819619326276700
"....Davao de Oro","05.4.0.2 - Cutlery, flatware and silverware (SD)",0.000000000000000,0.000000000000000,0.000000000000000,0.000000000000000,0.000000000000000,0.000000000000000,0.000000000000000,0.000000000000000,0.000000000000000,0.000000000000000,0.000000000000000,0.000000000000000,0.000000000000000
"....Davao de Oro","05.4.0.3 - Kitchen utensils and articles (SD)",71.609588263419900,72.306250950816500,72.306250950816500,72.306250950816500,72.306250950816500,72.451941355792100,72.568493679772600,72.685046003753100,72.831971945732100,72.919386188717400,73.210766998668700,73.607219934611200,72.592451514477800
"....Davao de Oro","05.5 - TOOLS AND EQUIPMENT FOR HOUSE AND GARDEN",83.863659767274200,84.769848625270300,84.769848625270300,84.852229430542700,84.852229430542700,84.852229430542700,84.852229430542700,85.099371846359800,85.593656677994000,85.593656677994000,85.758418288538700,86.499845535990100,85.113101980571800
"....Davao de Oro","05.5.1 - Motorized tools and equipment (D)",..,..,..,..,..,..,..,..,..,..,..,..,..
"....Davao de Oro","05.5.1.0 - Motorized tools and equipment (D)",..,..,..,..,..,..,..,..,..,..,..,..,..
"....Davao de Oro","05.5.2 - Non-motorized tools and miscellaneous accessories (SD)",83.863659767274200,84.769848625270300,84.769848625270300,84.852229430542700,84.852229430542700,84.852229430542700,84.852229430542700,85.099371846359800,85.593656677994000,85.593656677994000,85.758418288538700,86.499845535990100,85.113101980571800
"....Davao de Oro","05.5.2.1 - Non-motorized tools (SD)",79.976411856193400,80.835533467929800,80.835533467929800,81.304145256149700,81.304145256149700,81.304145256149700,81.304145256149700,81.304145256149700,81.304145256149700,81.304145256149700,81.304145256149700,81.304145256149700,81.115398841450000
"....Davao de Oro","05.5.2.2 - Miscellaneous accessories (SD)",83.166130931751500,84.062199225636500,84.062199225636500,84.301282596025500,84.301282596025500,84.301282596025500,84.301282596025500,84.467736698391100,84.717417851939400,84.717417851939400,84.800644903122200,85.175166633444700,84.364503642163600
"....Davao de Oro","05.6 - GOODS AND SERVICES FOR ROUTINE HOUSEHOLD MAINTENANCE",70.702717557633300,72.201715103024900,74.450211421112100,74.450211421112100,74.450211421112100,74.450211421112100,74.450211421112100,74.450211421112100,74.575127883228100,74.575127883228100,74.575127883228100,74.575127883228100,73.992184393353600
"....Davao de Oro","05.6.1 - Non-durable household goods (ND)",73.088001722884800,73.020701537136200,73.088001722884800,73.155301908633300,73.222602094381800,73.222602094381800,73.289902280130300,73.289902280130300,73.626403208872900,73.626403208872900,73.626403208872900,73.693703394621400,73.329160721816900
"....Davao de Oro","05.6.1.1 - Household cleaning and maintenance products (ND)",73.534468038613300,73.314226587674200,73.378951174953300,73.438387575321500,73.510163078481900,73.503112162600700,73.567836749879800,73.567836749879800,73.906453846328600,73.909979304269200,73.918792949120800,73.992331181251500,73.628544949864500
"....Davao de Oro","05.6.1.9 - Other non-durable household goods (ND)",73.629451780712300,74.563158596772000,74.563158596772000,74.896625316793400,75.096705348806200,75.096705348806200,75.096705348806200,75.096705348806200,75.230092036814700,75.363478724823300,75.363478724823300,75.363478724823300,74.946645324796600
"....Davao de Oro","05.6.2 - Domestic services and household services (S)",66.735710296034300,68.539378141873000,71.273971327499500,71.273971327499500,71.273971327499500,71.273971327499500,71.273971327499500,71.273971327499500,71.273971327499500,71.273971327499500,71.273971327499500,71.273971327499500,70.667900142741900
"....Davao de Oro","05.6.2.1 - Domestic services by paid staff (S)",66.735710296034300,68.539378141873000,71.273971327499500,71.273971327499500,71.273971327499500,71.273971327499500,71.273971327499500,71.273971327499500,71.273971327499500,71.273971327499500,71.273971327499500,71.273971327499500,70.667900142741900
"....Davao de Oro","06 - HEALTH",72.537975763782200,72.537975763782200,72.842757174554400,72.842757174554400,72.964669738863300,73.025626021017700,74.793358203496500,74.854314485650900,75.098139614268600,75.098139614268600,75.281008460732000,75.281008460732000,73.929810872975200
"....Davao de Oro","06.1 - MEDICINES AND HEALTH PRODUCTS",73.141144569716000,73.141144569716000,74.033109747395500,74.033109747395500,74.444785983247500,74.582011395198200,74.582011395198200,74.787849513124200,75.473976572877700,75.473976572877700,75.954265514705100,76.022878220680400,74.639188650177600
"....Davao de Oro","06.1.1 - Medicines (ND)",73.067789603222700,73.067789603222700,73.960535152886100,73.960535152886100,74.372571560423100,74.509917029602100,74.509917029602100,74.715935233370500,75.333989844676000,75.333989844676000,75.814698986802500,75.883371721392000,74.544253396896800
"....Davao de Oro","06.1.1.1 - Medicines, vaccines and other pharmaceutical preparations (ND)",73.067789603222700,73.067789603222700,73.960535152886100,73.960535152886100,74.372571560423100,74.509917029602100,74.509917029602100,74.715935233370500,75.333989844676000,75.333989844676000,75.814698986802500,75.883371721392000,74.544253396896800
"....Davao de Oro","06.1.2 - Medical products (ND)",69.258878316285700,69.323485478894100,70.357200080629800,70.357200080629800,70.421807243238200,70.680235893672100,70.615628731063700,70.615628731063700,71.520129007582300,71.520129007582300,72.166200633667100,72.295414958884000,70.760994846932700
"....Davao de Oro","06.1.2.1 - Medical diagnostic products (ND)",75.360705016267200,75.431004181394300,76.555790823428200,76.555790823428200,76.626089988555300,76.907286649063800,76.836987483936700,76.836987483936700,77.821175795716300,77.821175795716300,78.524167446987400,78.664765777241700,76.995160605472700
"....Davao de Oro","06.1.2.2 - Prevention and protective devices (ND)",0.000000000000000,0.000000000000000,0.000000000000000,0.000000000000000,0.000000000000000,0.000000000000000,0.000000000000000,0.000000000000000,0.000000000000000,0.000000000000000,0.000000000000000,0.000000000000000,0.000000000000000
"....Davao de Oro","06.1.2.3 - Treatment devices for personal use (ND)",66.537308851418900,66.599377236541400,67.592471398502900,67.592471398502900,67.654539783625500,67.902813324115900,67.840744938993300,67.840744938993300,68.709702330709600,68.709702330709600,69.330386181935500,69.454522952180700,67.980398805519100
"....Davao de Oro","06.1.3 - Assistive products (D)",..,..,..,..,..,..,..,..,..,..,..,..,..
"....Davao de Oro","06.1.3.1 - Assistive products for vision (D)",..,..,..,..,..,..,..,..,..,..,..,..,..
"....Davao de Oro","06.2 - OUTPATIENT CARE SERVICES",75.600233685147900,75.600233685147900,75.600233685147900,75.600233685147900,75.600233685147900,75.600233685147900,75.600233685147900,75.600233685147900,75.600233685147900,75.600233685147900,75.600233685147900,75.600233685147900,75.600233685147900
"....Davao de Oro","06.2.1 - Preventive care services (S)",74.076459789365200,74.076459789365200,74.076459789365200,74.076459789365200,74.076459789365200,74.076459789365200,74.076459789365200,74.076459789365200,74.076459789365200,74.076459789365200,74.076459789365200,74.076459789365200,74.076459789365200
"....Davao de Oro","06.2.1.9 - Other preventive services (S)",72.184986536474200,72.184986536474200,72.184986536474200,72.184986536474200,72.184986536474200,72.184986536474200,72.184986536474200,72.184986536474200,72.184986536474200,72.184986536474200,72.184986536474200,72.184986536474200,72.184986536474200
"....Davao de Oro","06.2.2 - Outpatient dental services (S)",78.268631658597400,78.268631658597400,78.268631658597400,78.268631658597400,78.268631658597400,78.268631658597400,78.268631658597400,78.268631658597400,78.268631658597400,78.268631658597400,78.268631658597400,78.268631658597400,78.268631658597400
"....Davao de Oro","06.2.2.1 - Dental preventive services (S)",78.268631658597400,78.268631658597400,78.268631658597400,78.268631658597400,78.268631658597400,78.268631658597400,78.268631658597400,78.268631658597400,78.268631658597400,78.268631658597400,78.268631658597400,78.268631658597400,78.268631658597400
"....Davao de Oro","06.2.3 - Other outpatient care services (S)",..,..,..,..,..,..,..,..,..,..,..,..,..
"....Davao de Oro","06.2.3.1 - Outpatient curative and rehabilitative services (S)",..,..,..,..,..,..,..,..,..,..,..,..,..
"....Davao de Oro","06.3 - INPATIENT CARE SERVICES",75.045995932991200,75.045995932991200,75.045995932991200,75.045995932991200,75.045995932991200,75.045995932991200,81.624361635392200,81.624361635392200,81.624361635392200,81.624361635392200,81.624361635392200,81.624361635392200,78.335178784191700
"....Davao de Oro","06.3.1 - Inpatient curative and rehabilitative services (S)",75.045995932991200,75.045995932991200,75.045995932991200,75.045995932991200,75.045995932991200,75.045995932991200,81.624361635392200,81.624361635392200,81.624361635392200,81.624361635392200,81.624361635392200,81.624361635392200,78.335178784191700
"....Davao de Oro","06.3.1.0 - Inpatient curative and rehabilitative services (S)",..,..,..,..,..,..,..,..,..,..,..,..,..
"....Davao de Oro","06.4 - OTHER HEALTH SERVICES",0.000000000000000,0.000000000000000,0.000000000000000,0.000000000000000,0.000000000000000,0.000000000000000,0.000000000000000,0.000000000000000,0.000000000000000,0.000000000000000,0.000000000000000,0.000000000000000,0.000000000000000
"....Davao de Oro","06.4.1 - Diagnostic imaging services and medical laboratory services (S)",0.000000000000000,0.000000000000000,0.000000000000000,0.000000000000000,0.000000000000000,0.000000000000000,0.000000000000000,0.000000000000000,0.000000000000000,0.000000000000000,0.000000000000000,0.000000000000000,0.000000000000000
"....Davao de Oro","06.4.1.0 - Diagnostic imaging services and medical laboratory services (S)",0.000000000000000,0.000000000000000,0.000000000000000,0.000000000000000,0.000000000000000,0.000000000000000,0.000000000000000,0.000000000000000,0.000000000000000,0.000000000000000,0.000000000000000,0.000000000000000,0.000000000000000
"....Davao de Oro","07 - TRANSPORT",77.120315581854000,77.810650887574000,78.402366863905300,79.881656804733700,80.374753451676500,84.516765285996100,85.897435897435900,86.587771203155800,87.376725838264300,86.489151873767200,86.982248520710100,87.672583826430000,83.259368836291900
"....Davao de Oro","07.1 - PURCHASE OF VEHICLES",..,..,..,..,..,..,..,..,..,..,..,..,..
"....Davao de Oro","07.1.1 - Motor cars (D)",..,..,..,..,..,..,..,..,..,..,..,..,..
"....Davao de Oro","07.1.1.1 - New motor cars (D)",..,..,..,..,..,..,..,..,..,..,..,..,..
"....Davao de Oro","07.1.2 - Motorcycles (D)",..,..,..,..,..,..,..,..,..,..,..,..,..
"....Davao de Oro","07.1.2.0 - Motorcycles (D)",..,..,..,..,..,..,..,..,..,..,..,..,..
"....Davao de Oro","07.1.3 - Bicycles (D)",..,..,..,..,..,..,..,..,..,..,..,..,..
"....Davao de Oro","07.1.3.0 - Bicycles (D)",..,..,..,..,..,..,..,..,..,..,..,..,..
"....Davao de Oro","07.2 - OPERATION OF PERSONAL TRANSPORT EQUIPMENT",79.978422243852100,81.229306658223200,82.323830520797900,84.591058521845500,85.529221832623800,87.171007626485900,89.829137007024500,91.392742524988400,92.878167767054100,91.158201697293800,92.096365008072100,93.347249422443200,87.627059235892000
"....Davao de Oro","07.2.1 - Parts and accessories for personal transport equipment (SD)",75.878569811343900,75.878569811343900,76.566984255196800,77.331889192811100,78.096794130425500,78.096794130425500,78.096794130425500,78.096794130425500,79.397132524369900,79.397132524369900,79.397132524369900,79.397132524369900,77.969309974156400
"....Davao de Oro","07.2.1.1 - Tires (SD)",0.000000000000000,0.000000000000000,0.000000000000000,0.000000000000000,0.000000000000000,0.000000000000000,0.000000000000000,0.000000000000000,0.000000000000000,0.000000000000000,0.000000000000000,0.000000000000000,0.000000000000000
"....Davao de Oro","07.2.1.2 - Parts for personal transport equipment (SD)",75.855642468899200,75.855642468899200,76.543848902588800,77.308522717799500,78.073196533010200,78.073196533010200,78.073196533010200,78.073196533010200,79.373142018868300,79.373142018868300,79.373142018868300,79.373142018868300,77.945750897141700
"....Davao de Oro","07.2.1.3 - Accessories for personal transport equipment (SD)",..,..,..,..,..,..,..,..,..,..,..,..,..
"....Davao de Oro","07.2.2 - Fuels and lubricants for personal transport equipment (ND)",81.710777427677600,83.149910493918500,84.429139886132600,87.067550507574200,88.106924388748200,90.185672151096200,93.463697468644900,95.302589719952700,96.981578297233700,94.902830534885800,96.022156253073100,97.621192993340800,90.745335010189900
"....Davao de Oro","07.2.2.1 - Diesel (ND)",0.000000000000000,0.000000000000000,0.000000000000000,0.000000000000000,0.000000000000000,0.000000000000000,0.000000000000000,0.000000000000000,0.000000000000000,0.000000000000000,0.000000000000000,0.000000000000000,0.000000000000000
"....Davao de Oro","07.2.2.2 - Gasoline (ND)",0.000000000000000,0.000000000000000,0.000000000000000,0.000000000000000,0.000000000000000,0.000000000000000,0.000000000000000,0.000000000000000,0.000000000000000,0.000000000000000,0.000000000000000,0.000000000000000,0.000000000000000
"....Davao de Oro","07.2.2.3 - Other fuels for personal transport equipment (ND)",..,..,..,..,..,..,..,..,..,..,..,..,..
"....Davao de Oro","07.2.2.4 - Lubricants (ND)",63.350226727127200,65.277824086423100,66.267671379034400,66.684449186449700,67.465907575353400,67.413810349426500,69.185116030941600,69.914477193918400,70.591741130968300,69.810282742064500,70.227060549479900,70.800130034675900,68.082391415488600
"....Davao de Oro","07.2.3 - Maintenance and repair of personal transport equipment (S)",74.547434382585100,76.387270514513600,76.387270514513600,76.387270514513600,76.387270514513600,76.387270514513600,76.387270514513600,76.659838830354800,76.659838830354800,76.659838830354800,76.659838830354800,76.659838830354800,76.347520968453400
"....Davao de Oro","07.2.3.0 - Maintenance and repair of personal transport equipment (S)",74.547434382585100,76.387270514513600,76.387270514513600,76.387270514513600,76.387270514513600,76.387270514513600,76.387270514513600,76.659838830354800,76.659838830354800,76.659838830354800,76.659838830354800,76.659838830354800,76.347520968453400
"....Davao de Oro","07.2.4 - Other services in respect of personal transport equipment (S)",..,..,..,..,..,..,..,..,..,..,..,..,..
"....Davao de Oro","07.2.4.2 - Toll facilities (S)",..,..,..,..,..,..,..,..,..,..,..,..,..
"....Davao de Oro","07.2.4.3 - Driving lessons, tests, licences, and road worthiness tests (S)",..,..,..,..,..,..,..,..,..,..,..,..,..
"....Davao de Oro","07.3 - PASSENGER TRANSPORT SERVICES",73.775386559834900,73.847857470011500,73.847857470011500,74.500095661601400,74.500095661601400,81.239890308030400,81.239890308030400,81.167419397853700,81.167419397853700,81.167419397853700,81.167419397853700,81.167419397853700,78.232347535699200
"....Davao de Oro","07.3.1 - Passenger transport by railway (S)",..,..,..,..,..,..,..,..,..,..,..,..,..
"....Davao de Oro","07.3.1.1 - Passenger transport by train (S)",..,..,..,..,..,..,..,..,..,..,..,..,..
"....Davao de Oro","07.3.1.2 - Passenger transport by rapid transit and tram (S)",..,..,..,..,..,..,..,..,..,..,..,..,..
"....Davao de Oro","07.3.2 - Passenger transport by road (S)",77.672127391453800,77.672127391453800,77.672127391453800,77.672127391453800,77.672127391453800,85.156757169588000,85.156757169588000,85.156757169588000,85.156757169588000,85.156757169588000,85.156757169588000,85.156757169588000,82.038161428698700
"....Davao de Oro","07.3.2.1 - Passenger transport by bus and coach (S)",..,..,..,..,..,..,..,..,..,..,..,..,..
"....Davao de Oro","07.3.2.2 - Passenger transport by taxi and hired car with driver (S)",..,..,..,..,..,..,..,..,..,..,..,..,..
"....Davao de Oro","07.3.2.9 - Other passenger transport by road (S)",..,..,..,..,..,..,..,..,..,..,..,..,..
"....Davao de Oro","07.3.3 - Passenger transport by air (S)",42.287446900203200,43.287877855076000,43.287877855076000,52.368712676229800,52.368712676229800,52.368712676229800,52.368712676229800,52.368712676229800,52.368712676229800,52.368712676229800,52.368712676229800,52.368712676229800,50.015134724701900
"....Davao de Oro","07.3.3.1 - Passenger transport by air, domestic (S)",42.287446900203200,43.287877855076000,43.287877855076000,52.368712676229800,52.368712676229800,52.368712676229800,52.368712676229800,52.368712676229800,52.368712676229800,52.368712676229800,52.368712676229800,52.368712676229800,50.015134724701900
"....Davao de Oro","07.3.4 - Passenger transport by sea and inland waterway (S)",92.881216151941400,92.881216151941400,92.881216151941400,92.881216151941400,92.881216151941400,92.881216151941400,92.881216151941400,86.655112651646400,86.655112651646400,86.655112651646400,86.655112651646400,86.655112651646400,90.287006360151800
"....Davao de Oro","07.3.4.0 - Passenger transport by sea and inland waterway (S)",92.881216151941400,92.881216151941400,92.881216151941400,92.881216151941400,92.881216151941400,92.881216151941400,92.881216151941400,86.655112651646400,86.655112651646400,86.655112651646400,86.655112651646400,86.655112651646400,90.287006360151800
"....Davao de Oro","07.4 - TRANSPORT SERVICES OF GOODS",86.058519793459600,86.058519793459600,86.058519793459600,86.058519793459600,86.058519793459600,86.058519793459600,86.058519793459600,86.058519793459600,86.058519793459600,86.058519793459600,86.058519793459600,86.058519793459600,86.058519793459600
"....Davao de Oro","07.4.1 - Postal and courier services (S)",86.058519793459600,86.058519793459600,86.058519793459600,86.058519793459600,86.058519793459600,86.058519793459600,86.058519793459600,86.058519793459600,86.058519793459600,86.058519793459600,86.058519793459600,86.058519793459600,86.058519793459600
"....Davao de Oro","07.4.1.1 - Letter handling services (S)",..,..,..,..,..,..,..,..,..,..,..,..,..
"....Davao de Oro","07.4.1.2 - Courier and parcel delivery services (S)",86.058519793459600,86.058519793459600,86.058519793459600,86.058519793459600,86.058519793459600,86.058519793459600,86.058519793459600,86.058519793459600,86.058519793459600,86.058519793459600,86.058519793459600,86.058519793459600,86.058519793459600
"....Davao de Oro","08 - INFORMATION AND COMMUNICATION",102.650356778797000,102.344546381244000,102.854230377166000,102.854230377166000,102.854230377166000,102.854230377166000,102.854230377166000,102.854230377166000,102.854230377166000,102.854230377166000,102.854230377166000,103.160040774720000,102.820251444105000
"....Davao de Oro","08.1 - INFORMATION AND COMMUNICATION EQUIPMENT",114.221724524076000,114.221724524076000,115.677491601344000,115.677491601344000,115.677491601344000,115.677491601344000,115.677491601344000,115.677491601344000,115.677491601344000,115.677491601344000,115.677491601344000,115.677491601344000,115.434863755133000
"....Davao de Oro","08.1.1 - Fixed telephone equipment (D)",..,..,..,..,..,..,..,..,..,..,..,..,..
"....Davao de Oro","08.1.1.0 - Fixed telephone equipment (D)",..,..,..,..,..,..,..,..,..,..,..,..,..
"....Davao de Oro","08.1.2 - Mobile telephone equipment (D)",..,..,..,..,..,..,..,..,..,..,..,..,..
"....Davao de Oro","08.1.2.0 - Mobile telephone equipment (D)",..,..,..,..,..,..,..,..,..,..,..,..,..
"....Davao de Oro","08.1.3 - Information processing equipment (D)",106.312024673342000,106.312024673342000,106.312024673342000,106.312024673342000,106.312024673342000,106.312024673342000,106.312024673342000,106.312024673342000,106.312024673342000,106.312024673342000,106.312024673342000,106.312024673342000,106.312024673342000
"....Davao de Oro","08.1.3.1 - Computers, laptops and tablets (D)",106.207076968828000,106.207076968828000,106.207076968828000,106.207076968828000,106.207076968828000,106.207076968828000,106.207076968828000,106.207076968828000,106.207076968828000,106.207076968828000,106.207076968828000,106.207076968828000,106.207076968828000
"....Davao de Oro","08.1.3.2 - Peripheral equipment and its consumable components (D)",121.021112451544000,121.021112451544000,121.021112451544000,121.021112451544000,121.021112451544000,121.021112451544000,121.021112451544000,121.021112451544000,121.021112451544000,121.021112451544000,121.021112451544000,121.021112451544000,121.021112451544000
"....Davao de Oro","08.1.4 - Equipment for the reception, recording and reproduction of sound and vision (D)",92.017772165431100,92.017772165431100,95.067094050055500,95.067094050055500,95.067094050055500,95.067094050055500,95.067094050055500,95.067094050055500,95.067094050055500,95.067094050055500,95.067094050055500,95.067094050055500,94.558873735951400
"....Davao de Oro","08.1.4.0 - Equipment for the reception, recording and reproduction of sound and vision (D)",92.017772165431100,92.017772165431100,95.067094050055500,95.067094050055500,95.067094050055500,95.067094050055500,95.067094050055500,95.067094050055500,95.067094050055500,95.067094050055500,95.067094050055500,95.067094050055500,94.558873735951400
"....Davao de Oro","08.1.5 - Unrecorded recording media (SD)",95.899275791894800,95.899275791894800,95.899275791894800,95.899275791894800,95.899275791894800,95.899275791894800,95.899275791894800,95.899275791894800,95.899275791894800,95.899275791894800,95.899275791894800,95.899275791894800,95.899275791894800
"....Davao de Oro","08.1.5.0 - Unrecorded recording media (SD)",95.899275791894800,95.899275791894800,95.899275791894800,95.899275791894800,95.899275791894800,95.899275791894800,95.899275791894800,95.899275791894800,95.899275791894800,95.899275791894800,95.899275791894800,95.899275791894800,95.899275791894800
"....Davao de Oro","08.3 - INFORMATION AND COMMUNICATION SERVICES",96.335583413693300,95.853423336547700,95.853423336547700,95.853423336547700,95.853423336547700,95.853423336547700,95.853423336547700,95.853423336547700,95.853423336547700,95.853423336547700,95.853423336547700,96.239151398264200,95.925747348119600
"....Davao de Oro","08.3.1 - Fixed communication services (S)",..,..,..,..,..,..,..,..,..,..,..,..,..
"....Davao de Oro","08.3.1.0 - Fixed communication services (S)",..,..,..,..,..,..,..,..,..,..,..,..,..
"....Davao de Oro","08.3.2 - Mobile communication services (S)",96.617168899302400,96.144019198522200,96.144019198522200,96.144019198522200,96.144019198522200,96.144019198522200,96.144019198522200,96.144019198522200,96.144019198522200,96.144019198522200,96.144019198522200,96.522538959146300,96.214991653639300
"....Davao de Oro","08.3.2.0 - Mobile communication services (S)",96.617168899302400,96.144019198522200,96.144019198522200,96.144019198522200,96.144019198522200,96.144019198522200,96.144019198522200,96.144019198522200,96.144019198522200,96.144019198522200,96.144019198522200,96.522538959146300,96.214991653639300
"....Davao de Oro","08.3.3 - Internet access provision services and net storage services (S)",90.749090109483500,89.963761445074500,89.963761445074500,89.963761445074500,89.963761445074500,89.963761445074500,89.963761445074500,89.963761445074500,89.963761445074500,89.963761445074500,89.963761445074500,90.661831368993600,90.087377994101900
"....Davao de Oro","08.3.3.0 - Internet access provision services and net storage services (S)",90.749090109483500,89.963761445074500,89.963761445074500,89.963761445074500,89.963761445074500,89.963761445074500,89.963761445074500,89.963761445074500,89.963761445074500,89.963761445074500,89.963761445074500,90.661831368993600,90.087377994101900
"....Davao de Oro","08.3.5 - Repair and rental of information and communication equipment (S)",..,..,..,..,..,..,..,..,..,..,..,..,..
"....Davao de Oro","08.3.5.0 - Repair and rental of information and communication equipment (S)",..,..,..,..,..,..,..,..,..,..,..,..,..
"....Davao de Oro","09 - RECREATION, SPORT AND CULTURE",62.453253552730000,62.902019446522100,62.902019446522100,62.902019446522100,63.126402393418100,64.023934181002200,64.248317127898300,64.248317127898300,64.397905759162300,64.846671652954400,64.846671652954400,64.846671652954400,63.812016953378200
"....Davao de Oro","09.1 - RECREATIONAL DURABLES",..,..,..,..,..,..,..,..,..,..,..,..,..
"....Davao de Oro","09.1.1 - Photographic and cinematographic equipment and optical instruments (D)",..,..,..,..,..,..,..,..,..,..,..,..,..
"....Davao de Oro","09.1.1.1 - Cameras (D)",..,..,..,..,..,..,..,..,..,..,..,..,..
"....Davao de Oro","09.2 - OTHER RECREATIONAL GOODS",83.187105998570200,83.187105998570200,83.187105998570200,83.187105998570200,83.187105998570200,83.187105998570200,83.187105998570200,83.187105998570200,83.187105998570200,83.187105998570200,83.187105998570200,83.187105998570200,83.187105998570200
"....Davao de Oro","09.2.1 - Games, toys and hobbies (SD)",83.443341645072500,83.443341645072500,83.443341645072500,83.443341645072500,83.443341645072500,83.443341645072500,83.443341645072500,83.443341645072500,83.443341645072500,83.443341645072500,83.443341645072500,83.443341645072500,83.443341645072500
"....Davao de Oro","09.2.1.2 - Other games, toys and hobbies (SD)",83.443341645072500,83.443341645072500,83.443341645072500,83.443341645072500,83.443341645072500,83.443341645072500,83.443341645072500,83.443341645072500,83.443341645072500,83.443341645072500,83.443341645072500,83.443341645072500,83.443341645072500
"....Davao de Oro","09.2.2 - Equipment for sport, camping and open-air recreation (SD)",..,..,..,..,..,..,..,..,..,..,..,..,..
"....Davao de Oro","09.2.2.1 - Equipment for sport (SD)",..,..,..,..,..,..,..,..,..,..,..,..,..
"....Davao de Oro","09.2.2.2 - Equipment for camping and open-air recreation (SD)",..,..,..,..,..,..,..,..,..,..,..,..,..
"....Davao de Oro","09.3 - GARDEN PRODUCTS AND PETS",83.348254252461900,83.348254252461900,83.348254252461900,83.348254252461900,83.348254252461900,83.348254252461900,83.348254252461900,83.348254252461900,83.348254252461900,83.348254252461900,83.348254252461900,83.348254252461900,83.348254252462000
"....Davao de Oro","09.3.1 - Garden products, plants and flowers (ND)",82.454303889202000,82.454303889202000,82.454303889202000,82.454303889202000,82.454303889202000,82.454303889202000,82.454303889202000,82.454303889202000,82.454303889202000,82.454303889202000,82.454303889202000,82.454303889202000,82.454303889202000
"....Davao de Oro","09.3.1.1 - Garden products (ND)",78.227654698242900,78.227654698242900,78.227654698242900,78.227654698242900,78.227654698242900,78.227654698242900,78.227654698242900,78.227654698242900,78.227654698242900,78.227654698242900,78.227654698242900,78.227654698242900,78.227654698243000
"....Davao de Oro","09.3.1.2 - Plants, seeds and flowers (ND)",93.720712277413300,93.720712277413300,93.720712277413300,93.720712277413300,93.720712277413300,93.720712277413300,93.720712277413300,93.720712277413300,93.720712277413300,93.720712277413300,93.720712277413300,93.720712277413300,93.720712277413300
"....Davao de Oro","09.3.2 - Pets and products for pets (ND)",83.414793092212400,83.414793092212400,83.414793092212400,83.414793092212400,83.414793092212400,83.414793092212400,83.414793092212400,83.414793092212400,83.414793092212400,83.414793092212400,83.414793092212400,83.414793092212400,83.414793092212400
"....Davao de Oro","09.3.2.2 - Products for pets and other household animals (ND)",83.414793092212400,83.414793092212400,83.414793092212400,83.414793092212400,83.414793092212400,83.414793092212400,83.414793092212400,83.414793092212400,83.414793092212400,83.414793092212400,83.414793092212400,83.414793092212400,83.414793092212400
"....Davao de Oro","09.4 - RECREATIONAL SERVICES",43.424088601753600,43.424088601753600,43.424088601753600,43.424088601753600,43.424088601753600,43.424088601753600,43.424088601753600,43.424088601753600,43.424088601753600,43.424088601753600,43.424088601753600,43.424088601753600,43.424088601753600
"....Davao de Oro","09.4.6 - Recreational and sporting services (S)",..,..,..,..,..,..,..,..,..,..,..,..,..
"....Davao de Oro","09.4.6.2 - Sporting services - practice (S)",..,..,..,..,..,..,..,..,..,..,..,..,..
"....Davao de Oro","09.4.7 - Games of chance (S)",43.411803061487200,43.411803061487200,43.411803061487200,43.411803061487200,43.411803061487200,43.411803061487200,43.411803061487200,43.411803061487200,43.411803061487200,43.411803061487200,43.411803061487200,43.411803061487200,43.411803061487200
"....Davao de Oro","09.4.7.0 - Games of chance (S)",43.411803061487200,43.411803061487200,43.411803061487200,43.411803061487200,43.411803061487200,43.411803061487200,43.411803061487200,43.411803061487200,43.411803061487200,43.411803061487200,43.411803061487200,43.411803061487200,43.411803061487200
"....Davao de Oro","09.5 - CULTURAL GOODS",..,..,..,..,..,..,..,..,..,..,..,..,..
"....Davao de Oro","09.5.1 - Musical instruments (D)",..,..,..,..,..,..,..,..,..,..,..,..,..
"....Davao de Oro","09.5.1.0 - Musical instruments (D)",..,..,..,..,..,..,..,..,..,..,..,..,..
"....Davao de Oro","09.6 - CULTURAL SERVICES",..,..,..,..,..,..,..,..,..,..,..,..,..
"....Davao de Oro","09.6.1 - Services provided by cinemas, theatres and concert venues (S)",..,..,..,..,..,..,..,..,..,..,..,..,..
"....Davao de Oro","09.6.1.0 - Services provided by cinemas, theatres and concert venues (S)",..,..,..,..,..,..,..,..,..,..,..,..,..
"....Davao de Oro","09.6.3 - Photographic services (S)",..,..,..,..,..,..,..,..,..,..,..,..,..
"....Davao de Oro","09.6.3.0 - Photographic services (S)",..,..,..,..,..,..,..,..,..,..,..,..,..
"....Davao de Oro","09.6.9 - Other cultural services (S)",..,..,..,..,..,..,..,..,..,..,..,..,..
"....Davao de Oro","09.6.9.0 - Other cultural services (S)",..,..,..,..,..,..,..,..,..,..,..,..,..
"....Davao de Oro","09.7 - NEWSPAPERS, BOOKS AND STATIONERY",62.619808306709300,63.338658146964900,63.338658146964900,63.338658146964900,63.658146964856200,65.175718849840300,65.575079872204500,65.575079872204500,65.814696485623000,66.533546325878600,66.533546325878600,66.533546325878600,64.836261980830700
"....Davao de Oro","09.7.1 - Books (SD)",59.153796670958700,59.633854533933200,59.633854533933200,59.633854533933200,59.633854533933200,61.714105273489000,63.741016250492100,63.741016250492100,63.741016250492100,63.741016250492100,63.741016250492100,63.741016250492100,61.820784798594400
"....Davao de Oro","09.7.1.1 - Educational and textbooks in printed or electronic copy (SD)",0.000000000000000,0.000000000000000,0.000000000000000,0.000000000000000,0.000000000000000,0.000000000000000,0.000000000000000,0.000000000000000,0.000000000000000,0.000000000000000,0.000000000000000,0.000000000000000,0.000000000000000
"....Davao de Oro","09.7.1.9 - Other books (SD) in printed or electronic copy",..,..,..,..,..,..,..,..,..,..,..,..,..
"....Davao de Oro","09.7.2 - Newspapers and periodicals (ND)",..,..,..,..,..,..,..,..,..,..,..,..,..
"....Davao de Oro","09.7.2.1 - Newspapers (ND)",..,..,..,..,..,..,..,..,..,..,..,..,..
"....Davao de Oro","09.7.2.2 - Magazines and periodicals (ND)",..,..,..,..,..,..,..,..,..,..,..,..,..
"....Davao de Oro","09.7.4 - Stationery and drawing materials (ND)",63.456670663385100,64.216280901528800,64.157849344748500,64.157849344748500,64.625301798990800,65.969227604937200,66.027659161717500,66.027659161717500,66.261385388838600,67.137858740542900,67.137858740542900,67.137858740542900,65.526121632686800
"....Davao de Oro","09.7.4.0 - Stationery and drawing materials (ND)",63.456670663385100,64.216280901528800,64.157849344748500,64.157849344748500,64.625301798990800,65.969227604937200,66.027659161717500,66.027659161717500,66.261385388838600,67.137858740542900,67.137858740542900,67.137858740542900,65.526121632686800
"....Davao de Oro","09.8 - PACKAGE HOLIDAYS (S)",..,..,..,..,..,..,..,..,..,..,..,..,..
"....Davao de Oro","09.8.0 - Package holidays (S)",..,..,..,..,..,..,..,..,..,..,..,..,..
"....Davao de Oro","09.8.0.0 - Package holidays (S)",..,..,..,..,..,..,..,..,..,..,..,..,..
"....Davao de Oro","10 - EDUCATION SERVICES",64.000573580099300,64.000573580099300,64.000573580099300,64.000573580099300,64.000573580099300,64.000573580099300,65.002230003511100,65.002230003511100,65.002230003511100,65.002230003511100,65.002230003511100,65.002230003511100,64.501401791805200
"....Davao de Oro","10.1 - EARLY CHILDHOOD AND PRIMARY EDUCATION",68.313390775103800,68.313390775103800,68.313390775103800,68.313390775103800,68.313390775103800,68.313390775103800,69.382545984928300,69.382545984928300,69.382545984928300,69.382545984928300,69.382545984928300,69.382545984928300,68.847968380016000
"....Davao de Oro","10.1.0 - Early chilhood and primary education (S)",68.256699164502000,68.256699164502000,68.256699164502000,68.256699164502000,68.256699164502000,68.256699164502000,69.324967108592200,69.324967108592200,69.324967108592200,69.324967108592200,69.324967108592200,69.324967108592200,68.790833136547100
"....Davao de Oro","10.1.0.1 - Early childhood education services (S)",68.256699164502000,68.256699164502000,68.256699164502000,68.256699164502000,68.256699164502000,68.256699164502000,69.324967108592200,69.324967108592200,69.324967108592200,69.324967108592200,69.324967108592200,69.324967108592200,68.790833136547100
"....Davao de Oro","10.1.0.2 - Primary education (S)",68.484032050978300,68.484032050978300,68.484032050978300,68.484032050978300,68.484032050978300,68.484032050978300,69.555857923275300,69.555857923275300,69.555857923275300,69.555857923275300,69.555857923275300,69.555857923275300,69.019944987126800
"....Davao de Oro","10.2 - SECONDARY EDUCATION  (S)",50.276604150843100,50.276604150843100,50.276604150843100,50.276604150843100,50.276604150843100,50.276604150843100,51.063470278409800,51.063470278409800,51.063470278409800,51.063470278409800,51.063470278409800,51.063470278409800,50.670037214626400
"....Davao de Oro","10.2.0 - Secondary education (S)",..,..,..,..,..,..,..,..,..,..,..,..,..
"....Davao de Oro","10.2.0.1 - Lower secondary general education services",0.000000000000000,0.000000000000000,0.000000000000000,0.000000000000000,0.000000000000000,0.000000000000000,0.000000000000000,0.000000000000000,0.000000000000000,0.000000000000000,0.000000000000000,0.000000000000000,0.000000000000000
"....Davao de Oro","10.2.0.2 - Lower secondary technical-vocational livelihood programs services",..,..,..,..,..,..,..,..,..,..,..,..,..
"....Davao de Oro","10.4 - TERTIARY EDUCATION (S)",67.115466798022800,67.115466798022800,67.115466798022800,67.115466798022800,67.115466798022800,67.115466798022800,68.165873609524000,68.165873609524000,68.165873609524000,68.165873609524000,68.165873609524000,68.165873609524000,67.640670203773400
"....Davao de Oro","10.4.0 - Tertiary education (s)",67.115466798022800,67.115466798022800,67.115466798022800,67.115466798022800,67.115466798022800,67.115466798022800,68.165873609524000,68.165873609524000,68.165873609524000,68.165873609524000,68.165873609524000,68.165873609524000,67.640670203773400
"....Davao de Oro","10.4.0.0 - Tertiary education (s)",67.115466798022800,67.115466798022800,67.115466798022800,67.115466798022800,67.115466798022800,67.115466798022800,68.165873609524000,68.165873609524000,68.165873609524000,68.165873609524000,68.165873609524000,68.165873609524000,67.640670203773400
"....Davao de Oro","10.5 - EDUCATION NOT DEFINED BY LEVEL (S)",..,..,..,..,..,..,..,..,..,..,..,..,..
"....Davao de Oro","10.5.0 - Education not defined by level (s)",..,..,..,..,..,..,..,..,..,..,..,..,..
"....Davao de Oro","10.5.0.2 - Review classes for professional and licensure examination (S)",..,..,..,..,..,..,..,..,..,..,..,..,..
"....Davao de Oro","10.5.0.9 - Other education not defined by level (S)",..,..,..,..,..,..,..,..,..,..,..,..,..
"....Davao de Oro","11 - RESTAURANTS AND ACCOMMODATION SERVICES",86.948694869486900,86.948694869486900,86.948694869486900,86.948694869486900,86.948694869486900,86.948694869486900,86.948694869486900,86.948694869486900,86.948694869486900,86.948694869486900,86.948694869486900,86.948694869486900,86.948694869487000
"....Davao de Oro","11.1 - FOOD AND BEVERAGE SERVING SERVICES",86.919638160476500,86.919638160476500,86.919638160476500,86.919638160476500,86.919638160476500,86.919638160476500,86.919638160476500,86.919638160476500,86.919638160476500,86.919638160476500,86.919638160476500,86.919638160476500,86.919638160476500
"....Davao de Oro","11.1.1 - Restaurants, café and the like (S)",86.919638160476500,86.919638160476500,86.919638160476500,86.919638160476500,86.919638160476500,86.919638160476500,86.919638160476500,86.919638160476500,86.919638160476500,86.919638160476500,86.919638160476500,86.919638160476500,86.919638160476500
"....Davao de Oro","11.1.1.1 - Restaurants, café and the like - with full service (S)",86.919638160476500,86.919638160476500,86.919638160476500,86.919638160476500,86.919638160476500,86.919638160476500,86.919638160476500,86.919638160476500,86.919638160476500,86.919638160476500,86.919638160476500,86.919638160476500,86.919638160476500
"....Davao de Oro","11.2 - ACCOMMODATION SERVICES",..,..,..,..,..,..,..,..,..,..,..,..,..
"....Davao de Oro","11.2.0 - Accommodation services (S)",..,..,..,..,..,..,..,..,..,..,..,..,..
"....Davao de Oro","11.2.0.1 - Hotels, motels, inns and similar accommodation services (S)",..,..,..,..,..,..,..,..,..,..,..,..,..
"....Davao de Oro","12 - FINANCIAL SERVICES",0.000000000000000,0.000000000000000,0.000000000000000,0.000000000000000,0.000000000000000,0.000000000000000,0.000000000000000,0.000000000000000,0.000000000000000,0.000000000000000,0.000000000000000,0.000000000000000,0.000000000000000
"....Davao de Oro","12.2 - FINANCIAL SERVICES",0.000000000000000,0.000000000000000,0.000000000000000,0.000000000000000,0.000000000000000,0.000000000000000,0.000000000000000,0.000000000000000,0.000000000000000,0.000000000000000,0.000000000000000,0.000000000000000,0.000000000000000
"....Davao de Oro","12.2.1 - Financial intermediation services indirectly measured (S)",0.000000000000000,0.000000000000000,0.000000000000000,0.000000000000000,0.000000000000000,0.000000000000000,0.000000000000000,0.000000000000000,0.000000000000000,0.000000000000000,0.000000000000000,0.000000000000000,0.000000000000000
"....Davao de Oro","12.2.1.0 - Financial intermediation services indirectly measured (S)",0.000000000000000,0.000000000000000,0.000000000000000,0.000000000000000,0.000000000000000,0.000000000000000,0.000000000000000,0.000000000000000,0.000000000000000,0.000000000000000,0.000000000000000,0.000000000000000,0.000000000000000
"....Davao de Oro","12.2.9 - Other financial services (S)",..,..,..,..,..,..,..,..,..,..,..,..,..
"....Davao de Oro","12.2.9.1 - Remittances fees (S)",..,..,..,..,..,..,..,..,..,..,..,..,..
"....Davao de Oro","13 - PERSONAL CARE, AND MISCELLANEOUS GOODS AND SERVICES",68.404423380726700,68.483412322274900,68.799368088467600,68.878357030015800,68.957345971564000,69.036334913112200,69.273301737756700,69.273301737756700,69.431279620853100,69.905213270142200,69.984202211690400,69.984202211690400,69.200895208004200
"....Davao de Oro","13.1 - PERSONAL CARE",68.007543652913900,68.129530278300300,68.434496841766300,68.617476779845900,68.739463405232200,68.922443343311800,68.983436656005000,68.983436656005000,69.166416594084600,69.105423281391400,69.166416594084600,69.166416594084600,68.785208389752100
"....Davao de Oro","13.1.1 - Electric appliances for personal care (SD)",..,..,..,..,..,..,..,..,..,..,..,..,..
"....Davao de Oro","13.1.1.1 - Electric appliances for personal care (SD)",..,..,..,..,..,..,..,..,..,..,..,..,..
"....Davao de Oro","13.1.2 - Other appliances, articles and products for personal care (ND)",66.897345781391800,67.138852444862500,67.561489105936300,67.863372435274700,68.044502432877800,68.225632430480800,68.406762428083900,68.406762428083900,68.648269091554600,68.527515759819200,68.648269091554600,68.648269091554600,68.084753543456200
"....Davao de Oro","13.1.2.0 - Other appliances, articles and products for personal care (ND)",66.897345781391800,67.138852444862500,67.561489105936300,67.863372435274700,68.044502432877800,68.225632430480800,68.406762428083900,68.406762428083900,68.648269091554600,68.527515759819200,68.648269091554600,68.648269091554600,68.084753543456200
"....Davao de Oro","13.1.3 - Hairdressing salons and personal grooming establishments (S)",76.744189222220900,76.744189222220900,76.949022467475900,76.949022467475900,76.949022467475900,77.085577964312600,77.085577964312600,77.085577964312600,77.085577964312600,77.085577964312600,77.085577964312600,77.085577964312600,76.994540966421500
"....Davao de Oro","13.1.3.1 - Hairdressing (S)",0.000000000000000,0.000000000000000,0.000000000000000,0.000000000000000,0.000000000000000,0.000000000000000,0.000000000000000,0.000000000000000,0.000000000000000,0.000000000000000,0.000000000000000,0.000000000000000,0.000000000000000
"....Davao de Oro","13.1.3.2 - Personal grooming treatments (S)",0.000000000000000,0.000000000000000,0.000000000000000,0.000000000000000,0.000000000000000,0.000000000000000,0.000000000000000,0.000000000000000,0.000000000000000,0.000000000000000,0.000000000000000,0.000000000000000,0.000000000000000
"....Davao de Oro","13.2 - OTHER PERSONAL EFFECTS",70.517576399929300,70.517576399929300,70.517576399929300,69.952305246422900,69.952305246422900,69.740328563858000,70.800211976682600,70.800211976682600,70.800211976682600,74.403815580286200,74.403815580286200,74.403815580286200,71.400812577283200
"....Davao de Oro","13.2.1 - Jewellery and watches (D)",89.538171536286500,89.538171536286500,89.538171536286500,88.595664467483500,88.595664467483500,88.312912346842600,89.726672950047100,89.726672950047100,89.726672950047100,94.250706880301600,94.250706880301600,94.250706880301600,90.504241281809600
"....Davao de Oro","13.2.1.1 - Jewellery and watches (D)",87.921337652379200,87.921337652379200,87.921337652379200,86.951292803656800,86.951292803656800,86.686735117641700,88.097709443056000,88.097709443056000,88.097709443056000,92.507004209975700,92.507004209975700,92.507004209975700,88.847289553432300
"....Davao de Oro","13.2.1.2 - Repair and hire of jewellery, clocks and watches (S)",93.088048969729100,93.088048969729100,93.088048969729100,92.060999281998900,92.060999281998900,91.780894821708800,93.274785276589200,93.274785276589200,93.274785276589200,97.943192948090100,97.943192948090100,97.943192948090100,94.068414580744300
"....Davao de Oro","13.2.9 - Other personal effects n.e.c. (SD)",67.482588410305000,67.482588410305000,67.482588410305000,67.009263641896000,67.009263641896000,66.874027993779200,67.820677530597100,67.820677530597100,67.820677530597100,71.269186557576600,71.269186557576600,71.269186557576600,68.384159397750600
"....Davao de Oro","13.2.9.1 - Travel goods and articles for babies and other personal effects n.e.c. (SD)",67.482588410305000,67.482588410305000,67.482588410305000,67.009263641896000,67.009263641896000,66.874027993779200,67.820677530597100,67.820677530597100,67.820677530597100,71.269186557576600,71.269186557576600,71.269186557576600,68.384159397750600
"....Davao de Oro","13.9 - OTHER SERVICES",0.000000000000000,0.000000000000000,0.000000000000000,0.000000000000000,0.000000000000000,0.000000000000000,0.000000000000000,0.000000000000000,0.000000000000000,0.000000000000000,0.000000000000000,0.000000000000000,0.000000000000000
"....Davao de Oro","13.9.0 - Other services (S)",0.000000000000000,0.000000000000000,0.000000000000000,0.000000000000000,0.000000000000000,0.000000000000000,0.000000000000000,0.000000000000000,0.000000000000000,0.000000000000000,0.000000000000000,0.000000000000000,0.000000000000000
"....Davao de Oro","13.9.0.9 - Other services n.e.c. (S)",0.000000000000000,0.000000000000000,0.000000000000000,0.000000000000000,0.000000000000000,0.000000000000000,0.000000000000000,0.000000000000000,0.000000000000000,0.000000000000000,0.000000000000000,0.000000000000000,0.000000000000000
